{
    "function": "bin.lightgbm_.main",
    "gpus": [
        "NVIDIA RTX 6000 Ada Generation",
        "NVIDIA RTX 6000 Ada Generation"
    ],
    "config": {
        "seed": 0,
        "data": {
            "seed": 0,
            "num_policy": "quantile",
            "cat_policy": null,
            "y_policy": "standard",
            "cache": true,
            "path": ":data/CTR23-OpenML-tid=361235-ctr23_361235-fold=1-seed=0"
        },
        "model": {
            "n_estimators": 4000,
            "n_jobs": 4,
            "early_stopping_rounds": 200,
            "feature_fraction": 0.7906364363179293,
            "lambda_l2": 0.0,
            "learning_rate": 0.1498866107685077,
            "num_leaves": 387,
            "min_sum_hessian_in_leaf": 54.51321655355952,
            "bagging_fraction": 0.8219950996148186
        },
        "fit": {}
    },
    "prediction_type": null,
    "time": "0:00:00.710496",
    "best_iteration": 2925,
    "metrics": {
        "train": {
            "rmse": 0.8454323355926175,
            "mae": 0.48842929092208465,
            "r2": 0.9854581245553087,
            "corr": 0.9927135819895535,
            "score": -0.8454323355926175
        },
        "val": {
            "rmse": 1.448222420754142,
            "mae": 1.037649686977732,
            "r2": 0.9510555739202995,
            "corr": 0.9756793341350826,
            "score": -1.448222420754142
        },
        "test": {
            "rmse": 1.3071877352184598,
            "mae": 0.9117138518073538,
            "r2": 0.9592091839321225,
            "corr": 0.9800913911075021,
            "score": -1.3071877352184598
        }
    }
}
