{
    "function": "bin.ensemble.main",
    "config": {
        "seeds": [
            0
        ]
    },
    "single_model_function": "bin.tabr.main",
    "data": ":data/CTR23-OpenML-tid=361622-ctr23_361622-fold=1-seed=0",
    "prediction_type": null,
    "metrics": {
        "train": {
            "rmse": 1718.2797458925857,
            "mae": 1154.9726595456013,
            "r2": 0.9692788124084473,
            "corr": 0.9847758521686537,
            "score": -1718.2797458925857
        },
        "val": {
            "rmse": 2012.8093597805623,
            "mae": 1331.1114493722562,
            "r2": 0.9637368321418762,
            "corr": 0.9821090590738062,
            "score": -2012.8093597805623
        },
        "test": {
            "rmse": 2064.673929579245,
            "mae": 1312.6632627751678,
            "r2": 0.9511099457740784,
            "corr": 0.9756576423101165,
            "score": -2064.673929579245
        }
    }
}
