{
    "function": "bin.ensemble.main",
    "config": {
        "seeds": [
            0
        ]
    },
    "single_model_function": "bin.tabr.main",
    "data": ":data/TabZilla-OpenML-Internet-Advertisements-tid=167125-fold=1",
    "prediction_type": "probs",
    "metrics": {
        "train": {
            "0": {
                "precision": 0.9713467048710601,
                "recall": 0.9237057220708447,
                "f1-score": 0.946927374301676,
                "support": 367.0
            },
            "1": {
                "precision": 0.9876868953386104,
                "recall": 0.9955673758865248,
                "f1-score": 0.9916114790286976,
                "support": 2256.0
            },
            "accuracy": 0.9855127716355319,
            "macro avg": {
                "precision": 0.9795168001048353,
                "recall": 0.9596365489786847,
                "f1-score": 0.9692694266651868,
                "support": 2623.0
            },
            "weighted avg": {
                "precision": 0.9854006391809318,
                "recall": 0.9855127716355319,
                "f1-score": 0.9853594521759271,
                "support": 2623.0
            },
            "cross-entropy": 0.05448606763704493,
            "roc-auc": 0.9942291340560805,
            "f1-weighted": 0.9853594521759271,
            "f1-macro": 0.9692694266651868,
            "f1-micro": 0.9855127716355319,
            "score": 0.9855127716355319
        },
        "val": {
            "0": {
                "precision": 0.9523809523809523,
                "recall": 0.8695652173913043,
                "f1-score": 0.9090909090909091,
                "support": 46.0
            },
            "1": {
                "precision": 0.9790209790209791,
                "recall": 0.9929078014184397,
                "f1-score": 0.9859154929577465,
                "support": 282.0
            },
            "accuracy": 0.975609756097561,
            "macro avg": {
                "precision": 0.9657009657009656,
                "recall": 0.931236509404872,
                "f1-score": 0.9475032010243278,
                "support": 328.0
            },
            "weighted avg": {
                "precision": 0.9752848777239022,
                "recall": 0.975609756097561,
                "f1-score": 0.9751413135130071,
                "support": 328.0
            },
            "cross-entropy": 0.10263283818511051,
            "roc-auc": 0.9774128893000308,
            "f1-weighted": 0.9751413135130071,
            "f1-macro": 0.9475032010243278,
            "f1-micro": 0.975609756097561,
            "score": 0.975609756097561
        },
        "test": {
            "0": {
                "precision": 0.9767441860465116,
                "recall": 0.9130434782608695,
                "f1-score": 0.9438202247191011,
                "support": 46.0
            },
            "1": {
                "precision": 0.9859649122807017,
                "recall": 0.9964539007092199,
                "f1-score": 0.9911816578483245,
                "support": 282.0
            },
            "accuracy": 0.9847560975609756,
            "macro avg": {
                "precision": 0.9813545491636066,
                "recall": 0.9547486894850448,
                "f1-score": 0.9675009412837128,
                "support": 328.0
            },
            "weighted avg": {
                "precision": 0.9846717616502971,
                "recall": 0.9847560975609756,
                "f1-score": 0.9845395056411772,
                "support": 328.0
            },
            "cross-entropy": 0.0858238633205631,
            "roc-auc": 0.9751002158495221,
            "f1-weighted": 0.9845395056411772,
            "f1-macro": 0.9675009412837128,
            "f1-micro": 0.9847560975609756,
            "score": 0.9847560975609756
        }
    }
}
