{
    "function": "bin.xgboost_.main",
    "gpus": [
        "NVIDIA RTX 6000 Ada Generation"
    ],
    "config": {
        "seed": 0,
        "data": {
            "seed": 0,
            "num_policy": "quantile",
            "cache": true,
            "cat_policy": "one-hot",
            "y_policy": "standard",
            "path": ":data/CTR23-OpenML-tid=361252-ctr23_361252-fold=1-seed=0"
        },
        "model": {
            "booster": "gbtree",
            "early_stopping_rounds": 200,
            "n_estimators": 4000,
            "n_jobs": 1,
            "tree_method": "gpu_hist",
            "use_label_encoder": false,
            "colsample_byree": 0.7744067519636624,
            "gamma": 0,
            "lambda": 0.0,
            "learning_rate": 0.08663279761354557,
            "max_depth": 8,
            "min_child_weight": 22.420123713724433,
            "subsample": 0.9818313802505146
        },
        "fit": {
            "verbose": true
        },
        "neighbors": null
    },
    "prediction_type": null,
    "time": "0:01:00.934206",
    "best_iteration": 3996,
    "metrics": {
        "train": {
            "rmse": 0.19990292662931977,
            "mae": 0.1258886491475142,
            "r2": 0.9998460412025452,
            "corr": 0.9999230102990526,
            "score": -0.19990292662931977
        },
        "val": {
            "rmse": 0.9122477122874766,
            "mae": 0.3091291785503891,
            "r2": 0.9965807795524597,
            "corr": 0.9983094299193981,
            "score": -0.9122477122874766
        },
        "test": {
            "rmse": 0.7126971602606054,
            "mae": 0.305276609298506,
            "r2": 0.9982044100761414,
            "corr": 0.9991031528662975,
            "score": -0.7126971602606054
        }
    }
}
