{
    "function": "bin.lightgbm_.main",
    "gpus": [
        "NVIDIA RTX 6000 Ada Generation",
        "NVIDIA RTX 6000 Ada Generation"
    ],
    "config": {
        "seed": 0,
        "data": {
            "seed": 0,
            "num_policy": "quantile",
            "cat_policy": null,
            "y_policy": "standard",
            "cache": true,
            "path": ":data/CTR23-OpenML-tid=361242-ctr23_361242-fold=0-seed=0"
        },
        "model": {
            "n_estimators": 4000,
            "n_jobs": 4,
            "early_stopping_rounds": 200,
            "feature_fraction": 0.8333833577228338,
            "lambda_l2": 0.0,
            "learning_rate": 0.0024365700014642,
            "num_leaves": 245,
            "min_sum_hessian_in_leaf": 0.015214743167796887,
            "bagging_fraction": 0.7850983852089398
        },
        "fit": {}
    },
    "prediction_type": null,
    "time": "0:00:44.646812",
    "best_iteration": 3985,
    "metrics": {
        "train": {
            "rmse": 5.014376923274801,
            "mae": 2.702084392353351,
            "r2": 0.9787670364285106,
            "corr": 0.9893700311727293,
            "score": -5.014376923274801
        },
        "val": {
            "rmse": 8.778951172089968,
            "mae": 4.944821692170575,
            "r2": 0.9332648664961076,
            "corr": 0.9660997573401879,
            "score": -8.778951172089968
        },
        "test": {
            "rmse": 9.816530800555485,
            "mae": 5.3033901227923455,
            "r2": 0.9137287139412045,
            "corr": 0.956020624507836,
            "score": -9.816530800555485
        }
    }
}
