{
    "function": "bin.ensemble.main",
    "config": {
        "seeds": [
            0
        ]
    },
    "single_model_function": "bin.xgboost_.main",
    "data": ":data/CTR23-OpenML-tid=361237-ctr23_361237-seed=0",
    "prediction_type": null,
    "metrics": {
        "train": {
            "rmse": 1.3146591763475886,
            "mae": 0.5525693703144938,
            "r2": 0.9939244389533997,
            "corr": 0.9969590449057579,
            "score": -1.3146591763475886
        },
        "val": {
            "rmse": 3.851811136838511,
            "mae": 2.5677286853656938,
            "r2": 0.9409908652305603,
            "corr": 0.9703696381429494,
            "score": -3.851811136838511
        },
        "test": {
            "rmse": 5.274774050217737,
            "mae": 3.0473630675786296,
            "r2": 0.8980262875556946,
            "corr": 0.9481716833148629,
            "score": -5.274774050217737
        }
    }
}
