{
    "function": "bin.ensemble.main",
    "config": {
        "seeds": [
            0
        ]
    },
    "single_model_function": "bin.ffn.main",
    "data": ":data/TabZilla-OpenML-wilt-tid=146820-fold=1",
    "prediction_type": "probs",
    "metrics": {
        "train": {
            "0": {
                "precision": 0.9905020352781547,
                "recall": 0.9967231021299836,
                "f1-score": 0.9936028310875187,
                "support": 3662.0
            },
            "1": {
                "precision": 0.9354838709677419,
                "recall": 0.8325358851674641,
                "f1-score": 0.8810126582278481,
                "support": 209.0
            },
            "accuracy": 0.9878584345130458,
            "macro avg": {
                "precision": 0.9629929531229483,
                "recall": 0.9146294936487238,
                "f1-score": 0.9373077446576834,
                "support": 3871.0
            },
            "weighted avg": {
                "precision": 0.9875315376442421,
                "recall": 0.9878584345130458,
                "f1-score": 0.9875239506618737,
                "support": 3871.0
            },
            "cross-entropy": 0.03122858244141287,
            "roc-auc": 0.9966211890383324,
            "f1-weighted": 0.9875239506618737,
            "f1-macro": 0.9373077446576834,
            "f1-micro": 0.9878584345130458,
            "score": 0.9878584345130458
        },
        "val": {
            "0": {
                "precision": 0.9978165938864629,
                "recall": 0.9978165938864629,
                "f1-score": 0.9978165938864629,
                "support": 458.0
            },
            "1": {
                "precision": 0.9615384615384616,
                "recall": 0.9615384615384616,
                "f1-score": 0.9615384615384616,
                "support": 26.0
            },
            "accuracy": 0.9958677685950413,
            "macro avg": {
                "precision": 0.9796775277124623,
                "recall": 0.9796775277124623,
                "f1-score": 0.9796775277124623,
                "support": 484.0
            },
            "weighted avg": {
                "precision": 0.9958677685950413,
                "recall": 0.9958677685950413,
                "f1-score": 0.9958677685950413,
                "support": 484.0
            },
            "cross-entropy": 0.019417786579164254,
            "roc-auc": 0.9987403426268056,
            "f1-weighted": 0.9958677685950413,
            "f1-macro": 0.9796775277124623,
            "f1-micro": 0.9958677685950413,
            "score": 0.9958677685950413
        },
        "test": {
            "0": {
                "precision": 0.9912854030501089,
                "recall": 0.9934497816593887,
                "f1-score": 0.9923664122137404,
                "support": 458.0
            },
            "1": {
                "precision": 0.88,
                "recall": 0.8461538461538461,
                "f1-score": 0.8627450980392157,
                "support": 26.0
            },
            "accuracy": 0.9855371900826446,
            "macro avg": {
                "precision": 0.9356427015250545,
                "recall": 0.9198018139066174,
                "f1-score": 0.9275557551264781,
                "support": 484.0
            },
            "weighted avg": {
                "precision": 0.9853072615639461,
                "recall": 0.9855371900826446,
                "f1-score": 0.9854032837663487,
                "support": 484.0
            },
            "cross-entropy": 0.04238170093930291,
            "roc-auc": 0.9938696674504535,
            "f1-weighted": 0.9854032837663487,
            "f1-macro": 0.9275557551264781,
            "f1-micro": 0.9855371900826446,
            "score": 0.9855371900826446
        }
    }
}
