{
    "function": "bin.ensemble.main",
    "config": {
        "seeds": [
            0
        ]
    },
    "single_model_function": "bin.xgboost_.main",
    "data": ":data/CTR23-OpenML-tid=361242-ctr23_361242-seed=0",
    "prediction_type": null,
    "metrics": {
        "train": {
            "rmse": 5.021246051950442,
            "mae": 2.964992932774976,
            "r2": 0.978708803653717,
            "corr": 0.9893914694339165,
            "score": -5.021246051950442
        },
        "val": {
            "rmse": 8.826775698306376,
            "mae": 5.054235152991623,
            "r2": 0.9325357675552368,
            "corr": 0.9657153110268942,
            "score": -8.826775698306376
        },
        "test": {
            "rmse": 10.065048866790143,
            "mae": 5.512461755390177,
            "r2": 0.9093052744865417,
            "corr": 0.953642515147297,
            "score": -10.065048866790143
        }
    }
}
