{
    "function": "bin.ensemble.main",
    "config": {
        "seeds": [
            0
        ]
    },
    "single_model_function": "bin.catboost_.main",
    "data": ":data/TabZilla-OpenML-PhishingWebsites-tid=14952-fold=0",
    "prediction_type": "probs",
    "metrics": {
        "train": {
            "0": {
                "precision": 0.9897905759162303,
                "recall": 0.9650331801939765,
                "f1-score": 0.9772551046782114,
                "support": 3918.0
            },
            "1": {
                "precision": 0.9727254628707943,
                "recall": 0.9920812182741117,
                "f1-score": 0.9823080016083635,
                "support": 4925.0
            },
            "accuracy": 0.9800972520637793,
            "macro avg": {
                "precision": 0.9812580193935123,
                "recall": 0.978557199234044,
                "f1-score": 0.9797815531432874,
                "support": 8843.0
            },
            "weighted avg": {
                "precision": 0.9802863712629709,
                "recall": 0.9800972520637793,
                "f1-score": 0.9800692534264868,
                "support": 8843.0
            },
            "cross-entropy": 0.049641941213072846,
            "roc-auc": 0.9985915843315895,
            "f1-weighted": 0.9800692534264868,
            "f1-macro": 0.9797815531432874,
            "f1-micro": 0.9800972520637793,
            "score": 0.9800972520637793
        },
        "val": {
            "0": {
                "precision": 0.9772727272727273,
                "recall": 0.9653061224489796,
                "f1-score": 0.971252566735113,
                "support": 490.0
            },
            "1": {
                "precision": 0.9726688102893891,
                "recall": 0.9821428571428571,
                "f1-score": 0.9773828756058158,
                "support": 616.0
            },
            "accuracy": 0.9746835443037974,
            "macro avg": {
                "precision": 0.9749707687810583,
                "recall": 0.9737244897959183,
                "f1-score": 0.9743177211704643,
                "support": 1106.0
            },
            "weighted avg": {
                "precision": 0.9747085203452984,
                "recall": 0.9746835443037974,
                "f1-score": 0.9746669159795551,
                "support": 1106.0
            },
            "cross-entropy": 0.07399731299075897,
            "roc-auc": 0.9966787039491122,
            "f1-weighted": 0.9746669159795551,
            "f1-macro": 0.9743177211704643,
            "f1-micro": 0.9746835443037974,
            "score": 0.9746835443037974
        },
        "test": {
            "0": {
                "precision": 0.9744136460554371,
                "recall": 0.9326530612244898,
                "f1-score": 0.9530761209593326,
                "support": 490.0
            },
            "1": {
                "precision": 0.9481946624803768,
                "recall": 0.9805194805194806,
                "f1-score": 0.9640861931364725,
                "support": 616.0
            },
            "accuracy": 0.9593128390596745,
            "macro avg": {
                "precision": 0.9613041542679069,
                "recall": 0.9565862708719852,
                "f1-score": 0.9585811570479026,
                "support": 1106.0
            },
            "weighted avg": {
                "precision": 0.9598106678617326,
                "recall": 0.9593128390596745,
                "f1-score": 0.9592083130579927,
                "support": 1106.0
            },
            "cross-entropy": 0.12070881667774454,
            "roc-auc": 0.9930675192154784,
            "f1-weighted": 0.9592083130579927,
            "f1-macro": 0.9585811570479026,
            "f1-micro": 0.9593128390596745,
            "score": 0.9593128390596745
        }
    }
}
