{
    "function": "bin.ensemble.main",
    "config": {
        "seeds": [
            0
        ]
    },
    "single_model_function": "bin.tabr_scaling.main",
    "data": ":data/TabZilla-OpenML-electricity-219",
    "prediction_type": "probs",
    "metrics": {
        "train": {
            "0": {
                "precision": 0.9834857968223399,
                "recall": 0.9792895153171293,
                "f1-score": 0.981383170386029,
                "support": 20859.0
            },
            "1": {
                "precision": 0.9720894172373692,
                "recall": 0.9777113522646046,
                "f1-score": 0.9748922797809959,
                "support": 15389.0
            },
            "accuracy": 0.9786195100419334,
            "macro avg": {
                "precision": 0.9777876070298546,
                "recall": 0.9785004337908669,
                "f1-score": 0.9781377250835124,
                "support": 36248.0
            },
            "weighted avg": {
                "precision": 0.9786474916625211,
                "recall": 0.9786195100419334,
                "f1-score": 0.9786274786093557,
                "support": 36248.0
            },
            "cross-entropy": 0.056106629577701704,
            "roc-auc": 0.9982048519499045,
            "score": 0.9786195100419334
        },
        "val": {
            "0": {
                "precision": 0.9722650231124808,
                "recall": 0.9677914110429447,
                "f1-score": 0.9700230591852421,
                "support": 2608.0
            },
            "1": {
                "precision": 0.9566115702479339,
                "recall": 0.9625779625779626,
                "f1-score": 0.9595854922279793,
                "support": 1924.0
            },
            "accuracy": 0.9655781112091791,
            "macro avg": {
                "precision": 0.9644382966802073,
                "recall": 0.9651846868104537,
                "f1-score": 0.9648042757066106,
                "support": 4532.0
            },
            "weighted avg": {
                "precision": 0.9656195590102327,
                "recall": 0.9655781112091791,
                "f1-score": 0.9655919297002964,
                "support": 4532.0
            },
            "cross-entropy": 0.09558355812118519,
            "roc-auc": 0.9942831428644312,
            "score": 0.9655781112091791
        },
        "test": {
            "0": {
                "precision": 0.9680769230769231,
                "recall": 0.9651073619631901,
                "f1-score": 0.966589861751152,
                "support": 2608.0
            },
            "1": {
                "precision": 0.9528985507246377,
                "recall": 0.9568607068607069,
                "f1-score": 0.9548755186721992,
                "support": 1924.0
            },
            "accuracy": 0.9616063548102383,
            "macro avg": {
                "precision": 0.9604877369007804,
                "recall": 0.9609840344119485,
                "f1-score": 0.9607326902116756,
                "support": 4532.0
            },
            "weighted avg": {
                "precision": 0.9616331480535786,
                "recall": 0.9616063548102383,
                "f1-score": 0.9616166940362567,
                "support": 4532.0
            },
            "cross-entropy": 0.10380888517633631,
            "roc-auc": 0.9936333550693213,
            "score": 0.9616063548102383
        }
    }
}
