{
    "function": "bin.xgboost_.main",
    "gpus": [
        "NVIDIA RTX 6000 Ada Generation"
    ],
    "config": {
        "seed": 0,
        "data": {
            "seed": 0,
            "num_policy": "quantile",
            "cache": true,
            "cat_policy": null,
            "y_policy": "standard",
            "path": ":data/CTR23-OpenML-tid=361254-ctr23_361254-fold=1-seed=0"
        },
        "model": {
            "booster": "gbtree",
            "early_stopping_rounds": 200,
            "n_estimators": 4000,
            "n_jobs": 1,
            "tree_method": "gpu_hist",
            "use_label_encoder": false,
            "colsample_byree": 0.5823470782489564,
            "gamma": 0,
            "lambda": 1.6901759275038954,
            "learning_rate": 0.04044812636651483,
            "max_depth": 10,
            "min_child_weight": 2.4028805225920222,
            "subsample": 0.6559724977398009
        },
        "fit": {
            "verbose": true
        },
        "neighbors": null
    },
    "prediction_type": null,
    "time": "0:01:26.683769",
    "best_iteration": 3890,
    "metrics": {
        "train": {
            "rmse": 0.011958246991580955,
            "mae": 0.008666422687579056,
            "r2": 0.9999996423721313,
            "corr": 0.9999998267405621,
            "score": -0.011958246991580955
        },
        "val": {
            "rmse": 2.4163105151099598,
            "mae": 1.4181041214316537,
            "r2": 0.9866426587104797,
            "corr": 0.993352809844924,
            "score": -2.4163105151099598
        },
        "test": {
            "rmse": 2.508547166569639,
            "mae": 1.4829546560441997,
            "r2": 0.9855818748474121,
            "corr": 0.9927714763042605,
            "score": -2.508547166569639
        }
    }
}
