{
    "function": "bin.ensemble.main",
    "config": {
        "seeds": [
            0
        ]
    },
    "single_model_function": "bin.tabr.main",
    "data": ":data/CTR23-OpenML-tid=361250-ctr23_361250-fold=1-seed=0",
    "prediction_type": null,
    "metrics": {
        "train": {
            "rmse": 0.535283605840595,
            "mae": 0.3884118394528535,
            "r2": 0.5627738237380981,
            "corr": 0.7503579511040216,
            "score": -0.535283605840595
        },
        "val": {
            "rmse": 0.5535429316158075,
            "mae": 0.40069308128319214,
            "r2": 0.5055530071258545,
            "corr": 0.711898632168109,
            "score": -0.5535429316158075
        },
        "test": {
            "rmse": 0.6166310535739762,
            "mae": 0.459984908901383,
            "r2": 0.4337742328643799,
            "corr": 0.6636428253238302,
            "score": -0.6166310535739762
        }
    }
}
