{
    "function": "bin.ensemble.main",
    "config": {
        "seeds": [
            0
        ]
    },
    "single_model_function": "bin.xgboost_.main",
    "data": ":data/CTR23-OpenML-tid=361272-ctr23_361272-fold=1-seed=0",
    "prediction_type": null,
    "metrics": {
        "train": {
            "rmse": 7364.040058964136,
            "mae": 3728.3349201849196,
            "r2": 0.8558148145675659,
            "corr": 0.9260298019871703,
            "score": -7364.040058964136
        },
        "val": {
            "rmse": 8393.01952816575,
            "mae": 3695.252734338399,
            "r2": 0.8189967274665833,
            "corr": 0.9050548359819002,
            "score": -8393.01952816575
        },
        "test": {
            "rmse": 9481.117160992402,
            "mae": 4212.662952814484,
            "r2": 0.7671303153038025,
            "corr": 0.8761611599334732,
            "score": -9481.117160992402
        }
    }
}
