{
    "function": "bin.tabr_scaling.main",
    "gpus": [
        "NVIDIA RTX 6000 Ada Generation"
    ],
    "config": {
        "seed": 0,
        "batch_size": 256,
        "patience": 16,
        "n_epochs": Infinity,
        "context_size": 96,
        "data": {
            "seed": 0,
            "cache": true,
            "num_policy": "quantile",
            "cat_policy": null,
            "path": ":data/CTR23-OpenML-tid=361264-ctr23_361264-seed=0",
            "y_policy": "standard"
        },
        "optimizer": {
            "type": "AdamW",
            "lr": 0.0008972612866432509,
            "weight_decay": 1.62065673920372e-05
        },
        "model": {
            "num_embeddings": null,
            "d_main": 309,
            "context_dropout": 0.023512675352592403,
            "d_multiplier": 2.0,
            "encoder_n_blocks": 0,
            "predictor_n_blocks": 1,
            "mixer_normalization": "auto",
            "dropout0": 0.16968417754584575,
            "dropout1": 0.0,
            "normalization": "LayerNorm",
            "activation": "ReLU"
        }
    },
    "n_parameters": 875089,
    "prediction_type": null,
    "best_epoch": 26,
    "metrics": {
        "train": {
            "rmse": 7.714427302685046,
            "mae": 3.550449540395789,
            "r2": 0.9703460931777954,
            "corr": 0.9866465017151533,
            "score": -7.714427302685046
        },
        "val": {
            "rmse": 6.4283224553003855,
            "mae": 3.930649600892309,
            "r2": 0.9418393969535828,
            "corr": 0.9727871911860367,
            "score": -6.4283224553003855
        },
        "test": {
            "rmse": 10.968653688242961,
            "mae": 4.71575937305397,
            "r2": 0.8134948015213013,
            "corr": 0.959846655543191,
            "score": -10.968653688242961
        }
    },
    "time": "0:00:02.236500",
    "chunk_size": null,
    "eval_batch_size": 32768
}
