{
    "function": "bin.ensemble.main",
    "config": {
        "seeds": [
            0
        ]
    },
    "single_model_function": "bin.xgboost_.main",
    "data": ":data/CTR23-OpenML-tid=361258-ctr23_361258-seed=0",
    "prediction_type": null,
    "metrics": {
        "train": {
            "rmse": 0.015525919974652639,
            "mae": 0.012288838483791031,
            "r2": 0.9965492486953735,
            "corr": 0.998363409940434,
            "score": -0.015525919974652639
        },
        "val": {
            "rmse": 0.11046001300639689,
            "mae": 0.08462724803208754,
            "r2": 0.8190844058990479,
            "corr": 0.9051005810168793,
            "score": -0.11046001300639689
        },
        "test": {
            "rmse": 0.1180496738987595,
            "mae": 0.09025064326113608,
            "r2": 0.7998248338699341,
            "corr": 0.894380155910368,
            "score": -0.1180496738987595
        }
    }
}
