{
    "function": "bin.lightgbm_.main",
    "gpus": [
        "NVIDIA RTX 6000 Ada Generation",
        "NVIDIA RTX 6000 Ada Generation"
    ],
    "config": {
        "seed": 0,
        "data": {
            "seed": 0,
            "num_policy": "quantile",
            "cat_policy": "one-hot",
            "y_policy": "standard",
            "cache": true,
            "path": ":data/CTR23-OpenML-tid=361257-ctr23_361257-fold=0-seed=0"
        },
        "model": {
            "n_estimators": 4000,
            "n_jobs": 4,
            "early_stopping_rounds": 200,
            "feature_fraction": 0.8333833577228338,
            "lambda_l2": 0.0,
            "learning_rate": 0.0024365700014642,
            "num_leaves": 245,
            "min_sum_hessian_in_leaf": 0.015214743167796887,
            "bagging_fraction": 0.7850983852089398
        },
        "fit": {}
    },
    "prediction_type": null,
    "time": "0:00:18.005942",
    "best_iteration": 3330,
    "metrics": {
        "train": {
            "rmse": 346.3110653078197,
            "mae": 199.03653250354049,
            "r2": 0.9924479830289175,
            "corr": 0.9962239731163923,
            "score": -346.3110653078197
        },
        "val": {
            "rmse": 523.4822451728065,
            "mae": 266.62885011268304,
            "r2": 0.9832584712073386,
            "corr": 0.9916155084359354,
            "score": -523.4822451728065
        },
        "test": {
            "rmse": 508.58619148178377,
            "mae": 257.5227410078546,
            "r2": 0.9833013191009302,
            "corr": 0.9916183659755877,
            "score": -508.58619148178377
        }
    }
}
