{
    "function": "bin.ensemble.main",
    "config": {
        "seeds": [
            0
        ]
    },
    "single_model_function": "bin.xgboost_.main",
    "data": ":data/TabZilla-OpenML-sick-tid=3021-fold=1",
    "prediction_type": "probs",
    "metrics": {
        "train": {
            "0": {
                "precision": 0.9996471418489767,
                "recall": 1.0,
                "f1-score": 0.999823539791777,
                "support": 2833.0
            },
            "1": {
                "precision": 1.0,
                "recall": 0.9945652173913043,
                "f1-score": 0.997275204359673,
                "support": 184.0
            },
            "accuracy": 0.9996685449121644,
            "macro avg": {
                "precision": 0.9998235709244884,
                "recall": 0.9972826086956521,
                "f1-score": 0.998549372075725,
                "support": 3017.0
            },
            "weighted avg": {
                "precision": 0.9996686618687939,
                "recall": 0.9996685449121644,
                "f1-score": 0.9996681225827921,
                "support": 3017.0
            },
            "cross-entropy": 0.02370538778831274,
            "roc-auc": 1.0,
            "f1-weighted": 0.9996681225827921,
            "f1-macro": 0.998549372075725,
            "f1-micro": 0.9996685449121644,
            "score": 0.9996685449121644
        },
        "val": {
            "0": {
                "precision": 0.9943820224719101,
                "recall": 1.0,
                "f1-score": 0.9971830985915493,
                "support": 354.0
            },
            "1": {
                "precision": 1.0,
                "recall": 0.9130434782608695,
                "f1-score": 0.9545454545454546,
                "support": 23.0
            },
            "accuracy": 0.9946949602122016,
            "macro avg": {
                "precision": 0.997191011235955,
                "recall": 0.9565217391304348,
                "f1-score": 0.9758642765685019,
                "support": 377.0
            },
            "weighted avg": {
                "precision": 0.9947247638065151,
                "recall": 0.9946949602122016,
                "f1-score": 0.9945818630131402,
                "support": 377.0
            },
            "cross-entropy": 0.046518183402937695,
            "roc-auc": 0.9959469417833456,
            "f1-weighted": 0.9945818630131402,
            "f1-macro": 0.9758642765685019,
            "f1-micro": 0.9946949602122016,
            "score": 0.9946949602122016
        },
        "test": {
            "0": {
                "precision": 0.9971751412429378,
                "recall": 0.9971751412429378,
                "f1-score": 0.9971751412429378,
                "support": 354.0
            },
            "1": {
                "precision": 0.9583333333333334,
                "recall": 0.9583333333333334,
                "f1-score": 0.9583333333333334,
                "support": 24.0
            },
            "accuracy": 0.9947089947089947,
            "macro avg": {
                "precision": 0.9777542372881356,
                "recall": 0.9777542372881356,
                "f1-score": 0.9777542372881356,
                "support": 378.0
            },
            "weighted avg": {
                "precision": 0.9947089947089947,
                "recall": 0.9947089947089947,
                "f1-score": 0.9947089947089947,
                "support": 378.0
            },
            "cross-entropy": 0.038637027846383884,
            "roc-auc": 0.9988229755178908,
            "f1-weighted": 0.9947089947089947,
            "f1-macro": 0.9777542372881356,
            "f1-micro": 0.9947089947089947,
            "score": 0.9947089947089947
        }
    }
}
