{
    "function": "bin.lightgbm_.main",
    "gpus": [
        "NVIDIA RTX 6000 Ada Generation",
        "NVIDIA RTX 6000 Ada Generation"
    ],
    "config": {
        "seed": 0,
        "data": {
            "seed": 0,
            "num_policy": "quantile",
            "cat_policy": null,
            "y_policy": "standard",
            "cache": true,
            "path": ":data/CTR23-OpenML-tid=361253-ctr23_361253-fold=1-seed=0"
        },
        "model": {
            "n_estimators": 4000,
            "n_jobs": 4,
            "early_stopping_rounds": 200,
            "feature_fraction": 0.5915956810035584,
            "lambda_l2": 0.0,
            "learning_rate": 0.3067750867937877,
            "num_leaves": 7,
            "min_sum_hessian_in_leaf": 1.1665388871103268,
            "bagging_fraction": 0.6350039865960824
        },
        "fit": {}
    },
    "prediction_type": null,
    "time": "0:00:04.105307",
    "best_iteration": 4000,
    "metrics": {
        "train": {
            "rmse": 3948.270942454806,
            "mae": 3085.531891556091,
            "r2": 0.9987573301854656,
            "corr": 0.9993791181174999,
            "score": -3948.270942454806
        },
        "val": {
            "rmse": 9236.993144647047,
            "mae": 7179.296818523251,
            "r2": 0.993332882780422,
            "corr": 0.9966650967130305,
            "score": -9236.993144647047
        },
        "test": {
            "rmse": 9261.617705648094,
            "mae": 7168.550986403365,
            "r2": 0.9931296780116379,
            "corr": 0.9965639590138102,
            "score": -9261.617705648094
        }
    }
}
