{
    "function": "bin.ensemble.main",
    "config": {
        "seeds": [
            0
        ]
    },
    "single_model_function": "bin.catboost_.main",
    "data": ":data/CTR23-OpenML-tid=361268-ctr23_361268-seed=0",
    "prediction_type": null,
    "metrics": {
        "train": {
            "rmse": 0.6521897139410724,
            "mae": 0.4572972686490456,
            "r2": 0.9998586981791066,
            "corr": 0.9999300215021341,
            "score": -0.6521897139410724
        },
        "val": {
            "rmse": 0.6893061259519772,
            "mae": 0.4827353630036632,
            "r2": 0.9998377210020226,
            "corr": 0.9999190003593653,
            "score": -0.6893061259519772
        },
        "test": {
            "rmse": 0.7454923775808442,
            "mae": 0.5198399481030712,
            "r2": 0.9998051161740296,
            "corr": 0.9999026618853832,
            "score": -0.7454923775808442
        }
    }
}
