{
    "function": "bin.ensemble.main",
    "config": {
        "seeds": [
            0
        ]
    },
    "single_model_function": "bin.ffn.main",
    "data": ":data/CTR23-OpenML-tid=361259-ctr23_361259-fold=1-seed=0",
    "prediction_type": null,
    "metrics": {
        "train": {
            "rmse": 0.020314417906969605,
            "mae": 0.016145231797587978,
            "r2": 0.6769773960113525,
            "corr": 0.8230890124819407,
            "score": -0.020314417906969605
        },
        "val": {
            "rmse": 0.021175125154200426,
            "mae": 0.01683439198922465,
            "r2": 0.6576555967330933,
            "corr": 0.8110361812605884,
            "score": -0.021175125154200426
        },
        "test": {
            "rmse": 0.02215882659906288,
            "mae": 0.01776584748549026,
            "r2": 0.6440638303756714,
            "corr": 0.8030931355578335,
            "score": -0.02215882659906288
        }
    }
}
