{
    "function": "bin.ensemble.main",
    "config": {
        "seeds": [
            0
        ]
    },
    "single_model_function": "bin.ffn.main",
    "data": ":data/CTR23-OpenML-tid=361241-ctr23_361241-fold=1-seed=0",
    "prediction_type": null,
    "metrics": {
        "train": {
            "rmse": 1.91035707814892,
            "mae": 1.259608663311191,
            "r2": 0.9022414088249207,
            "corr": 0.9503121657007887,
            "score": -1.91035707814892
        },
        "val": {
            "rmse": 3.5165525108488858,
            "mae": 2.1963479975671447,
            "r2": 0.67168128490448,
            "corr": 0.8222022359056651,
            "score": -3.5165525108488858
        },
        "test": {
            "rmse": 3.537292770689689,
            "mae": 2.1672220822117936,
            "r2": 0.6693475246429443,
            "corr": 0.8210264439158204,
            "score": -3.537292770689689
        }
    }
}
