{
    "function": "bin.ensemble.main",
    "config": {
        "seeds": [
            0
        ]
    },
    "single_model_function": "bin.tabr.main",
    "data": ":data/TabZilla-OpenML-mnist_784-tid=3573-fold=0",
    "prediction_type": "probs",
    "metrics": {
        "train": {
            "0": {
                "precision": 0.9998188733925013,
                "recall": 0.9998188733925013,
                "f1-score": 0.9998188733925013,
                "support": 5521.0
            },
            "1": {
                "precision": 1.0,
                "recall": 0.9969855624305886,
                "f1-score": 0.9984905060776992,
                "support": 6303.0
            },
            "2": {
                "precision": 0.9996424740793708,
                "recall": 1.0,
                "f1-score": 0.9998212050777758,
                "support": 5592.0
            },
            "3": {
                "precision": 0.9991255683805527,
                "recall": 1.0,
                "f1-score": 0.9995625929489983,
                "support": 5713.0
            },
            "4": {
                "precision": 0.9996330948449825,
                "recall": 0.997985347985348,
                "f1-score": 0.9988085418385116,
                "support": 5460.0
            },
            "5": {
                "precision": 1.0,
                "recall": 0.9988121164125916,
                "f1-score": 0.999405705229794,
                "support": 5051.0
            },
            "6": {
                "precision": 0.999818247909851,
                "recall": 1.0,
                "f1-score": 0.9999091156957194,
                "support": 5501.0
            },
            "7": {
                "precision": 0.9970945137583319,
                "recall": 1.0,
                "f1-score": 0.9985451433461703,
                "support": 5834.0
            },
            "8": {
                "precision": 1.0,
                "recall": 0.9998168162667155,
                "f1-score": 0.9999083997435193,
                "support": 5459.0
            },
            "9": {
                "precision": 0.9976685796269728,
                "recall": 0.9994610132950054,
                "f1-score": 0.9985639921019566,
                "support": 5566.0
            },
            "accuracy": 0.9992678571428572,
            "macro avg": {
                "precision": 0.9992801351992563,
                "recall": 0.999287972978275,
                "f1-score": 0.9992834075452646,
                "support": 56000.0
            },
            "weighted avg": {
                "precision": 0.9992691906122406,
                "recall": 0.9992678571428572,
                "f1-score": 0.9992678452435235,
                "support": 56000.0
            },
            "cross-entropy": 0.0031376417740087595,
            "roc-auc": 0.9999995686089288,
            "f1-weighted": 0.9992678452435235,
            "f1-macro": 0.9992834075452646,
            "f1-micro": 0.9992678571428572,
            "score": 0.9992678571428572
        },
        "val": {
            "0": {
                "precision": 0.9927849927849928,
                "recall": 0.9956584659913169,
                "f1-score": 0.9942196531791907,
                "support": 691.0
            },
            "1": {
                "precision": 0.9935979513444302,
                "recall": 0.9860228716645489,
                "f1-score": 0.9897959183673469,
                "support": 787.0
            },
            "2": {
                "precision": 0.9857549857549858,
                "recall": 0.9899856938483548,
                "f1-score": 0.9878658101356174,
                "support": 699.0
            },
            "3": {
                "precision": 0.9859353023909986,
                "recall": 0.9817927170868347,
                "f1-score": 0.983859649122807,
                "support": 714.0
            },
            "4": {
                "precision": 0.9882005899705014,
                "recall": 0.9824046920821115,
                "f1-score": 0.9852941176470589,
                "support": 682.0
            },
            "5": {
                "precision": 0.9825949367088608,
                "recall": 0.9841521394611727,
                "f1-score": 0.9833729216152018,
                "support": 631.0
            },
            "6": {
                "precision": 0.9841040462427746,
                "recall": 0.9898255813953488,
                "f1-score": 0.9869565217391304,
                "support": 688.0
            },
            "7": {
                "precision": 0.9784075573549258,
                "recall": 0.9945130315500685,
                "f1-score": 0.9863945578231292,
                "support": 729.0
            },
            "8": {
                "precision": 0.9807121661721068,
                "recall": 0.9677891654465594,
                "f1-score": 0.974207811348563,
                "support": 683.0
            },
            "9": {
                "precision": 0.9870689655172413,
                "recall": 0.9870689655172413,
                "f1-score": 0.9870689655172413,
                "support": 696.0
            },
            "accuracy": 0.986,
            "macro avg": {
                "precision": 0.9859161494241817,
                "recall": 0.9859213324043559,
                "f1-score": 0.9859035926495286,
                "support": 7000.0
            },
            "weighted avg": {
                "precision": 0.9860136955311279,
                "recall": 0.986,
                "f1-score": 0.9859913879136488,
                "support": 7000.0
            },
            "cross-entropy": 0.07260564222862986,
            "roc-auc": 0.999529510017211,
            "f1-weighted": 0.9859913879136488,
            "f1-macro": 0.9859035926495286,
            "f1-micro": 0.986,
            "score": 0.986
        },
        "test": {
            "0": {
                "precision": 0.9942196531791907,
                "recall": 0.9956584659913169,
                "f1-score": 0.9949385394070861,
                "support": 691.0
            },
            "1": {
                "precision": 0.9948453608247423,
                "recall": 0.9809402795425667,
                "f1-score": 0.9878438899552143,
                "support": 787.0
            },
            "2": {
                "precision": 0.978601997146933,
                "recall": 0.9814020028612304,
                "f1-score": 0.98,
                "support": 699.0
            },
            "3": {
                "precision": 0.9654218533886584,
                "recall": 0.9775910364145658,
                "f1-score": 0.9714683368128044,
                "support": 714.0
            },
            "4": {
                "precision": 0.9868035190615836,
                "recall": 0.9868035190615836,
                "f1-score": 0.9868035190615836,
                "support": 682.0
            },
            "5": {
                "precision": 0.9745627980922098,
                "recall": 0.971473851030111,
                "f1-score": 0.973015873015873,
                "support": 631.0
            },
            "6": {
                "precision": 0.9855282199710564,
                "recall": 0.9912663755458515,
                "f1-score": 0.988388969521045,
                "support": 687.0
            },
            "7": {
                "precision": 0.9692513368983957,
                "recall": 0.9931506849315068,
                "f1-score": 0.9810554803788903,
                "support": 730.0
            },
            "8": {
                "precision": 0.9835820895522388,
                "recall": 0.9648609077598829,
                "f1-score": 0.9741315594974131,
                "support": 683.0
            },
            "9": {
                "precision": 0.9811046511627907,
                "recall": 0.9698275862068966,
                "f1-score": 0.9754335260115607,
                "support": 696.0
            },