{
    "function": "bin.ffn.main",
    "gpus": [
        "NVIDIA RTX 6000 Ada Generation"
    ],
    "config": {
        "seed": 0,
        "batch_size": 256,
        "patience": 16,
        "n_epochs": Infinity,
        "data": {
            "seed": 0,
            "cache": true,
            "num_policy": "quantile",
            "cat_policy": null,
            "y_policy": "standard",
            "path": ":data/CTR23-OpenML-tid=361250-ctr23_361250-seed=0"
        },
        "optimizer": {
            "type": "AdamW",
            "lr": 0.0009197266687466414,
            "weight_decay": 1.9008376820188854e-05
        },
        "model": {
            "backbone": {
                "type": "MLP",
                "n_blocks": 3,
                "d_layer": 195,
                "dropout": 0.0,
                "activation": "ReLU"
            },
            "num_embeddings": {
                "type": "PLREmbeddings",
                "n_frequencies": 57,
                "frequency_scale": 0.07893472784033653,
                "d_embedding": 20,
                "lite": true
            }
        }
    },
    "n_parameters": 122658,
    "prediction_type": null,
    "best_epoch": 64,
    "metrics": {
        "train": {
            "rmse": 0.40280908073631405,
            "mae": 0.30428595888067456,
            "r2": 0.7511675953865051,
            "corr": 0.8700757516422857,
            "score": -0.40280908073631405
        },
        "val": {
            "rmse": 0.5733323422358743,
            "mae": 0.43450797332934954,
            "r2": 0.4748491644859314,
            "corr": 0.7012343352514342,
            "score": -0.5733323422358743
        },
        "test": {
            "rmse": 0.7139343824220924,
            "mae": 0.5192198335302649,
            "r2": 0.25348252058029175,
            "corr": 0.5413794946128192,
            "score": -0.7139343824220924
        }
    },
    "time": "0:00:01.073162",
    "chunk_size": null,
    "eval_batch_size": 32768
}
