{
    "function": "bin.ensemble.main",
    "config": {
        "seeds": [
            0
        ]
    },
    "single_model_function": "bin.lightgbm_.main",
    "data": ":data/CTR23-OpenML-tid=361616-ctr23_361616-fold=0-seed=0",
    "prediction_type": null,
    "metrics": {
        "train": {
            "rmse": 12.062445712835975,
            "mae": 9.284967554704918,
            "r2": 0.9821070515880855,
            "corr": 0.9911022094195573,
            "score": -12.062445712835975
        },
        "val": {
            "rmse": 24.01062477113811,
            "mae": 18.865588643990645,
            "r2": 0.9386394026878957,
            "corr": 0.9688576927223108,
            "score": -24.01062477113811
        },
        "test": {
            "rmse": 22.083966317233173,
            "mae": 17.672748353244298,
            "r2": 0.9409354199590665,
            "corr": 0.9717279318160604,
            "score": -22.083966317233173
        }
    }
}
