{
    "function": "bin.catboost_.main",
    "gpus": [
        "NVIDIA RTX 6000 Ada Generation",
        "NVIDIA RTX 6000 Ada Generation"
    ],
    "config": {
        "seed": 0,
        "data": {
            "seed": 0,
            "num_policy": "quantile",
            "cat_policy": null,
            "y_policy": null,
            "cache": true,
            "path": ":data/TabZilla-OpenML-kc2-tid=3913-fold=0"
        },
        "model": {
            "iterations": 4000,
            "early_stopping_rounds": 200,
            "od_pval": 0.001,
            "bagging_temperature": 0.896546595851063,
            "depth": 7,
            "l2_leaf_reg": 4.415062760129706,
            "leaf_estimation_iterations": 9,
            "learning_rate": 0.26216938007596374,
            "task_type": "CPU",
            "thread_count": 4
        },
        "fit": {
            "logging_level": "Verbose"
        }
    },
    "prediction_type": "probs",
    "time": "0:00:00.414086",
    "best_iteration": 5,
    "metrics": {
        "train": {
            "0": {
                "precision": 0.8919667590027701,
                "recall": 0.972809667673716,
                "f1-score": 0.930635838150289,
                "support": 331.0
            },
            "1": {
                "precision": 0.8363636363636363,
                "recall": 0.5411764705882353,
                "f1-score": 0.6571428571428571,
                "support": 85.0
            },
            "accuracy": 0.8846153846153846,
            "macro avg": {
                "precision": 0.8641651976832032,
                "recall": 0.7569930691309756,
                "f1-score": 0.7938893476465732,
                "support": 416.0
            },
            "weighted avg": {
                "precision": 0.880605544040447,
                "recall": 0.8846153846153846,
                "f1-score": 0.8747538588579051,
                "support": 416.0
            },
            "cross-entropy": 0.32795363806056604,
            "roc-auc": 0.874728985249689,
            "f1-weighted": 0.8747538588579051,
            "f1-macro": 0.7938893476465732,
            "f1-micro": 0.8846153846153846,
            "score": 0.8846153846153846
        },
        "val": {
            "0": {
                "precision": 0.9333333333333333,
                "recall": 1.0,
                "f1-score": 0.9655172413793104,
                "support": 42.0
            },
            "1": {
                "precision": 1.0,
                "recall": 0.7272727272727273,
                "f1-score": 0.8421052631578947,
                "support": 11.0
            },
            "accuracy": 0.9433962264150944,
            "macro avg": {
                "precision": 0.9666666666666667,
                "recall": 0.8636363636363636,
                "f1-score": 0.9038112522686026,
                "support": 53.0
            },
            "weighted avg": {
                "precision": 0.9471698113207547,
                "recall": 0.9433962264150944,
                "f1-score": 0.9399034345786392,
                "support": 53.0
            },
            "cross-entropy": 0.28514783188856796,
            "roc-auc": 0.9318181818181819,
            "f1-weighted": 0.9399034345786392,
            "f1-macro": 0.9038112522686026,
            "f1-micro": 0.9433962264150944,
            "score": 0.9433962264150944
        },
        "test": {
            "0": {
                "precision": 0.8163265306122449,
                "recall": 0.9523809523809523,
                "f1-score": 0.8791208791208791,
                "support": 42.0
            },
            "1": {
                "precision": 0.5,
                "recall": 0.18181818181818182,
                "f1-score": 0.26666666666666666,
                "support": 11.0
            },
            "accuracy": 0.7924528301886793,
            "macro avg": {
                "precision": 0.6581632653061225,
                "recall": 0.5670995670995671,
                "f1-score": 0.5728937728937729,
                "support": 53.0
            },
            "weighted avg": {
                "precision": 0.7506738544474393,
                "recall": 0.7924528301886793,
                "f1-score": 0.7520077406869858,
                "support": 53.0
            },
            "cross-entropy": 0.3883370618873799,
            "roc-auc": 0.8766233766233766,
            "f1-weighted": 0.7520077406869858,
            "f1-macro": 0.5728937728937729,
            "f1-micro": 0.7924528301886793,
            "score": 0.7924528301886793
        }
    }
}
