{
    "function": "bin.ensemble.main",
    "config": {
        "seeds": [
            0
        ]
    },
    "single_model_function": "bin.tabr.main",
    "data": ":data/TabZilla-OpenML-mnist_784-tid=3573-fold=1",
    "prediction_type": "probs",
    "metrics": {
        "train": {
            "0": {
                "precision": 1.0,
                "recall": 0.9998189061934082,
                "f1-score": 0.99990944489722,
                "support": 5522.0
            },
            "1": {
                "precision": 0.999682640431609,
                "recall": 0.999682640431609,
                "f1-score": 0.999682640431609,
                "support": 6302.0
            },
            "2": {
                "precision": 0.9989272304666548,
                "recall": 0.9991058655221745,
                "f1-score": 0.9990165400089406,
                "support": 5592.0
            },
            "3": {
                "precision": 1.0,
                "recall": 0.9984246455452477,
                "f1-score": 0.9992117018481212,
                "support": 5713.0
            },
            "4": {
                "precision": 0.9990847519677832,
                "recall": 0.9996336996336996,
                "f1-score": 0.9993591504165522,
                "support": 5460.0
            },
            "5": {
                "precision": 0.9998018232263178,
                "recall": 0.9988121164125916,
                "f1-score": 0.9993067247697336,
                "support": 5051.0
            },
            "6": {
                "precision": 1.0,
                "recall": 1.0,
                "f1-score": 1.0,
                "support": 5500.0
            },
            "7": {
                "precision": 0.9996571232641865,
                "recall": 0.9993144815766923,
                "f1-score": 0.999485773054508,
                "support": 5835.0
            },
            "8": {
                "precision": 0.9965296803652968,
                "recall": 0.9994504488001466,
                "f1-score": 0.9979879275653923,
                "support": 5459.0
            },
            "9": {
                "precision": 0.9991012043861226,
                "recall": 0.9985627021200144,
                "f1-score": 0.9988318806721179,
                "support": 5566.0
            },
            "accuracy": 0.9992857142857143,
            "macro avg": {
                "precision": 0.9992784454107969,
                "recall": 0.9992805506235584,
                "f1-score": 0.9992791783664193,
                "support": 56000.0
            },
            "weighted avg": {
                "precision": 0.9992866959036357,
                "recall": 0.9992857142857143,
                "f1-score": 0.9992858920959036,
                "support": 56000.0
            },
            "cross-entropy": 0.0029177747350830944,
            "roc-auc": 0.9999995450692117,
            "f1-weighted": 0.9992858920959036,
            "f1-macro": 0.9992791783664193,
            "f1-micro": 0.9992857142857143,
            "score": 0.9992857142857143
        },
        "val": {
            "0": {
                "precision": 0.9884225759768451,
                "recall": 0.9898550724637681,
                "f1-score": 0.9891383055756698,
                "support": 690.0
            },
            "1": {
                "precision": 0.9874055415617129,
                "recall": 0.9949238578680203,
                "f1-score": 0.9911504424778761,
                "support": 788.0
            },
            "2": {
                "precision": 0.9928263988522238,
                "recall": 0.9899856938483548,
                "f1-score": 0.9914040114613181,
                "support": 699.0
            },
            "3": {
                "precision": 0.9817927170868347,
                "recall": 0.9817927170868347,
                "f1-score": 0.9817927170868347,
                "support": 714.0
            },
            "4": {
                "precision": 0.9823788546255506,
                "recall": 0.9809384164222874,
                "f1-score": 0.9816581071166545,
                "support": 682.0
            },
            "5": {
                "precision": 0.9871589085072231,
                "recall": 0.9746434231378764,
                "f1-score": 0.9808612440191388,
                "support": 631.0
            },
            "6": {
                "precision": 0.9926900584795322,
                "recall": 0.9869186046511628,
                "f1-score": 0.9897959183673469,
                "support": 688.0
            },
            "7": {
                "precision": 0.9821917808219178,
                "recall": 0.9835390946502057,
                "f1-score": 0.9828649760109665,
                "support": 729.0
            },
            "8": {
                "precision": 0.9652677279305355,
                "recall": 0.9765739385065886,
                "f1-score": 0.9708879184861717,
                "support": 683.0
            },
            "9": {
                "precision": 0.9654676258992806,
                "recall": 0.9640804597701149,
                "f1-score": 0.9647735442127966,
                "support": 696.0
            },
            "accuracy": 0.9825714285714285,
            "macro avg": {
                "precision": 0.9825602189741657,
                "recall": 0.9823251278405213,
                "f1-score": 0.9824327184814774,
                "support": 7000.0
            },
            "weighted avg": {
                "precision": 0.9825977630500846,
                "recall": 0.9825714285714285,
                "f1-score": 0.9825749502868237,
                "support": 7000.0
            },
            "cross-entropy": 0.08607883893644443,
            "roc-auc": 0.9994840331179181,
            "f1-weighted": 0.9825749502868237,
            "f1-macro": 0.9824327184814774,
            "f1-micro": 0.9825714285714285,
            "score": 0.9825714285714285
        },
        "test": {
            "0": {
                "precision": 0.9927641099855282,
                "recall": 0.9927641099855282,
                "f1-score": 0.9927641099855282,
                "support": 691.0
            },
            "1": {
                "precision": 0.9910941475826972,
                "recall": 0.9898348157560356,
                "f1-score": 0.9904640813731723,
                "support": 787.0
            },
            "2": {
                "precision": 0.9814020028612304,
                "recall": 0.9814020028612304,
                "f1-score": 0.9814020028612304,
                "support": 699.0
            },
            "3": {
                "precision": 0.9871428571428571,
                "recall": 0.9677871148459384,
                "f1-score": 0.9773691654879774,
                "support": 714.0
            },
            "4": {
                "precision": 0.9853372434017595,
                "recall": 0.9853372434017595,
                "f1-score": 0.9853372434017595,
                "support": 682.0
            },
            "5": {
                "precision": 0.9762658227848101,
                "recall": 0.9778129952456418,
                "f1-score": 0.9770387965162312,
                "support": 631.0
            },
            "6": {
                "precision": 0.9898255813953488,
                "recall": 0.9898255813953488,
                "f1-score": 0.9898255813953488,
                "support": 688.0
            },
            "7": {
                "precision": 0.9781121751025992,
                "recall": 0.9807956104252401,
                "f1-score": 0.9794520547945206,
                "support": 729.0
            },
            "8": {
                "precision": 0.9626972740315638,
                "recall": 0.9824304538799414,
                "f1-score": 0.972463768115942,
                "support": 683.0
            },
            "9": {
                "precision": 0.9769452449567724,
                "recall": 0.9741379310344828,