{
    "function": "bin.catboost_.main",
    "gpus": [
        "NVIDIA RTX 6000 Ada Generation",
        "NVIDIA RTX 6000 Ada Generation"
    ],
    "config": {
        "seed": 0,
        "data": {
            "seed": 0,
            "num_policy": "quantile",
            "cat_policy": null,
            "y_policy": "standard",
            "cache": true,
            "path": ":data/CTR23-OpenML-tid=361258-ctr23_361258-seed=0"
        },
        "model": {
            "iterations": 4000,
            "early_stopping_rounds": 200,
            "od_pval": 0.001,
            "bagging_temperature": 0.5908727612481732,
            "depth": 9,
            "l2_leaf_reg": 6.566688116585623,
            "leaf_estimation_iterations": 7,
            "learning_rate": 0.019690434802692804,
            "task_type": "CPU",
            "thread_count": 4
        },
        "fit": {
            "logging_level": "Verbose"
        }
    },
    "prediction_type": null,
    "time": "0:00:12.950334",
    "best_iteration": 3857,
    "metrics": {
        "train": {
            "rmse": 0.011715649644998957,
            "mae": 0.008540635478161803,
            "r2": 0.9980351527541723,
            "corr": 0.999047874350699,
            "score": -0.011715649644998957
        },
        "val": {
            "rmse": 0.08327904654718307,
            "mae": 0.06446875617569012,
            "r2": 0.8971658592544207,
            "corr": 0.9478495060563985,
            "score": -0.08327904654718307
        },
        "test": {
            "rmse": 0.0854705118006519,
            "mae": 0.0662335782668372,
            "r2": 0.8950667303541678,
            "corr": 0.9472368176361358,
            "score": -0.0854705118006519
        }
    }
}
