{
    "function": "bin.ensemble.main",
    "config": {
        "seeds": [
            0
        ]
    },
    "single_model_function": "bin.lightgbm_.main",
    "data": ":data/CTR23-OpenML-tid=361254-ctr23_361254-fold=0-seed=0",
    "prediction_type": null,
    "metrics": {
        "train": {
            "rmse": 0.13026554263922469,
            "mae": 0.06650203684966606,
            "r2": 0.9999592255994981,
            "corr": 0.9999796456804261,
            "score": -0.13026554263922469
        },
        "val": {
            "rmse": 2.2927136034405238,
            "mae": 1.4272866605511267,
            "r2": 0.9879183116131612,
            "corr": 0.9940360220250867,
            "score": -2.2927136034405238
        },
        "test": {
            "rmse": 2.25964749587932,
            "mae": 1.393417926997228,
            "r2": 0.9875419947717956,
            "corr": 0.9938597533139113,
            "score": -2.25964749587932
        }
    }
}
