{
    "function": "bin.xgboost_.main",
    "gpus": [
        "NVIDIA RTX 6000 Ada Generation"
    ],
    "config": {
        "seed": 0,
        "data": {
            "seed": 0,
            "num_policy": "quantile",
            "cache": true,
            "cat_policy": "one-hot",
            "y_policy": "standard",
            "path": ":data/CTR23-OpenML-tid=361272-ctr23_361272-fold=1-seed=0"
        },
        "model": {
            "booster": "gbtree",
            "early_stopping_rounds": 200,
            "n_estimators": 4000,
            "n_jobs": 1,
            "tree_method": "gpu_hist",
            "use_label_encoder": false,
            "colsample_byree": 0.8409101495517417,
            "gamma": 3.0772018129755754,
            "lambda": 2.194197617900576,
            "learning_rate": 0.004277083049962069,
            "max_depth": 4,
            "min_child_weight": 0.007808544786049685,
            "subsample": 0.6818553854713113
        },
        "fit": {
            "verbose": true
        },
        "neighbors": null
    },
    "prediction_type": null,
    "time": "0:00:01.459747",
    "best_iteration": 1322,
    "metrics": {
        "train": {
            "rmse": 7364.040058964136,
            "mae": 3728.3349201849196,
            "r2": 0.8558148145675659,
            "corr": 0.9260298019871703,
            "score": -7364.040058964136
        },
        "val": {
            "rmse": 8393.01952816575,
            "mae": 3695.252734338399,
            "r2": 0.8189967274665833,
            "corr": 0.9050548359819002,
            "score": -8393.01952816575
        },
        "test": {
            "rmse": 9481.117160992402,
            "mae": 4212.662952814484,
            "r2": 0.7671303153038025,
            "corr": 0.8761611599334732,
            "score": -9481.117160992402
        }
    }
}
