{
    "function": "bin.xgboost_.main",
    "gpus": [
        "NVIDIA RTX 6000 Ada Generation"
    ],
    "config": {
        "seed": 0,
        "data": {
            "seed": 0,
            "num_policy": "quantile",
            "cache": true,
            "cat_policy": null,
            "y_policy": "standard",
            "path": ":data/CTR23-OpenML-tid=361256-ctr23_361256-fold=1-seed=0"
        },
        "model": {
            "booster": "gbtree",
            "early_stopping_rounds": 200,
            "n_estimators": 4000,
            "n_jobs": 1,
            "tree_method": "gpu_hist",
            "use_label_encoder": false,
            "colsample_byree": 0.6991105311080459,
            "gamma": 0,
            "lambda": 0.0,
            "learning_rate": 0.029605774428600143,
            "max_depth": 5,
            "min_child_weight": 0.0033584500281308334,
            "subsample": 0.5290145801619378
        },
        "fit": {
            "verbose": true
        },
        "neighbors": null
    },
    "prediction_type": null,
    "time": "0:00:13.594157",
    "best_iteration": 828,
    "metrics": {
        "train": {
            "rmse": 1.1906689164634532,
            "mae": 0.9082933078028077,
            "r2": 0.9955593943595886,
            "corr": 0.9977822039459335,
            "score": -1.1906689164634532
        },
        "val": {
            "rmse": 2.359533209907137,
            "mae": 1.4710744472745318,
            "r2": 0.9853872656822205,
            "corr": 0.9926692954587747,
            "score": -2.359533209907137
        },
        "test": {
            "rmse": 2.2911574617665216,
            "mae": 1.6319971442429448,
            "r2": 0.9874383807182312,
            "corr": 0.9937064548872001,
            "score": -2.2911574617665216
        }
    }
}
