{
    "function": "bin.xgboost_.main",
    "gpus": [
        "NVIDIA RTX 6000 Ada Generation"
    ],
    "config": {
        "seed": 0,
        "data": {
            "seed": 0,
            "num_policy": "quantile",
            "cache": true,
            "cat_policy": null,
            "y_policy": "standard",
            "path": ":data/CTR23-OpenML-tid=361251-ctr23_361251-fold=1-seed=0"
        },
        "model": {
            "booster": "gbtree",
            "early_stopping_rounds": 200,
            "n_estimators": 4000,
            "n_jobs": 1,
            "tree_method": "gpu_hist",
            "use_label_encoder": false,
            "colsample_byree": 0.6991105311080459,
            "gamma": 0,
            "lambda": 0.0,
            "learning_rate": 0.029605774428600143,
            "max_depth": 5,
            "min_child_weight": 0.0033584500281308334,
            "subsample": 0.5290145801619378
        },
        "fit": {
            "verbose": true
        },
        "neighbors": null
    },
    "prediction_type": null,
    "time": "0:00:03.762416",
    "best_iteration": 3504,
    "metrics": {
        "train": {
            "rmse": 0.0010005681965985064,
            "mae": 0.0007844461846139017,
            "r2": 0.9992707371711731,
            "corr": 0.9996376988970089,
            "score": -0.0010005681965985064
        },
        "val": {
            "rmse": 0.0076221201013708505,
            "mae": 0.005408487832222253,
            "r2": 0.9557408094406128,
            "corr": 0.9778856884534506,
            "score": -0.0076221201013708505
        },
        "test": {
            "rmse": 0.007140097857809192,
            "mae": 0.005050545996848732,
            "r2": 0.9623428583145142,
            "corr": 0.981040912630555,
            "score": -0.007140097857809192
        }
    }
}
