{
    "function": "bin.ensemble.main",
    "config": {
        "seeds": [
            0
        ]
    },
    "single_model_function": "bin.ffn.main",
    "data": ":data/CTR23-OpenML-tid=361242-ctr23_361242-fold=1-seed=0",
    "prediction_type": null,
    "metrics": {
        "train": {
            "rmse": 6.3958946803293415,
            "mae": 4.044305379816109,
            "r2": 0.9651267528533936,
            "corr": 0.9832066446803941,
            "score": -6.3958946803293415
        },
        "val": {
            "rmse": 8.776516629395465,
            "mae": 5.433242305433851,
            "r2": 0.9329168796539307,
            "corr": 0.9663367092205237,
            "score": -8.776516629395465
        },
        "test": {
            "rmse": 9.617876758247213,
            "mae": 5.673376625496928,
            "r2": 0.9237120747566223,
            "corr": 0.9616051755340109,
            "score": -9.617876758247213
        }
    }
}
