{
    "function": "bin.ensemble.main",
    "config": {
        "seeds": [
            0
        ]
    },
    "single_model_function": "bin.tabr.main",
    "data": ":data/TabZilla-OpenML-diabetes-tid=37-fold=0",
    "prediction_type": "probs",
    "metrics": {
        "train": {
            "0": {
                "precision": 0.8693467336683417,
                "recall": 0.865,
                "f1-score": 0.8671679197994987,
                "support": 400.0
            },
            "1": {
                "precision": 0.75,
                "recall": 0.7570093457943925,
                "f1-score": 0.7534883720930232,
                "support": 214.0
            },
            "accuracy": 0.8273615635179153,
            "macro avg": {
                "precision": 0.8096733668341709,
                "recall": 0.8110046728971962,
                "f1-score": 0.810328145946261,
                "support": 614.0
            },
            "weighted avg": {
                "precision": 0.8277503150933823,
                "recall": 0.8273615635179153,
                "f1-score": 0.8275467093610854,
                "support": 614.0
            },
            "cross-entropy": 0.37154751318238693,
            "roc-auc": 0.9019158878504674,
            "f1-weighted": 0.8275467093610854,
            "f1-macro": 0.810328145946261,
            "f1-micro": 0.8273615635179153,
            "score": 0.8273615635179153
        },
        "val": {
            "0": {
                "precision": 0.7818181818181819,
                "recall": 0.86,
                "f1-score": 0.819047619047619,
                "support": 50.0
            },
            "1": {
                "precision": 0.6818181818181818,
                "recall": 0.5555555555555556,
                "f1-score": 0.6122448979591837,
                "support": 27.0
            },
            "accuracy": 0.7532467532467533,
            "macro avg": {
                "precision": 0.7318181818181818,
                "recall": 0.7077777777777778,
                "f1-score": 0.7156462585034014,
                "support": 77.0
            },
            "weighted avg": {
                "precision": 0.7467532467532467,
                "recall": 0.7532467532467533,
                "f1-score": 0.7465323791854404,
                "support": 77.0
            },
            "cross-entropy": 0.612236970589321,
            "roc-auc": 0.7585185185185185,
            "f1-weighted": 0.7465323791854404,
            "f1-macro": 0.7156462585034014,
            "f1-micro": 0.7532467532467533,
            "score": 0.7532467532467533
        },
        "test": {
            "0": {
                "precision": 0.86,
                "recall": 0.86,
                "f1-score": 0.86,
                "support": 50.0
            },
            "1": {
                "precision": 0.7407407407407407,
                "recall": 0.7407407407407407,
                "f1-score": 0.7407407407407407,
                "support": 27.0
            },
            "accuracy": 0.8181818181818182,
            "macro avg": {
                "precision": 0.8003703703703704,
                "recall": 0.8003703703703704,
                "f1-score": 0.8003703703703704,
                "support": 77.0
            },
            "weighted avg": {
                "precision": 0.8181818181818182,
                "recall": 0.8181818181818182,
                "f1-score": 0.8181818181818182,
                "support": 77.0
            },
            "cross-entropy": 0.41512668651101864,
            "roc-auc": 0.8888888888888888,
            "f1-weighted": 0.8181818181818182,
            "f1-macro": 0.8003703703703704,
            "f1-micro": 0.8181818181818182,
            "score": 0.8181818181818182
        }
    }
}
