{
    "function": "bin.ensemble.main",
    "config": {
        "seeds": [
            0
        ]
    },
    "single_model_function": "bin.tabr_scaling.main",
    "data": ":data/TabZilla-OpenML-Census-Income-168340",
    "prediction_type": "probs",
    "metrics": {
        "train": {
            "0": {
                "precision": 0.9646607659367481,
                "recall": 0.989063689757896,
                "f1-score": 0.9767098259338166,
                "support": 224573.0
            },
            "1": {
                "precision": 0.732257712852938,
                "recall": 0.4522014272249899,
                "f1-score": 0.5591209888875016,
                "support": 14854.0
            },
            "accuracy": 0.9557568695259933,
            "macro avg": {
                "precision": 0.848459239394843,
                "recall": 0.720632558491443,
                "f1-score": 0.7679154074106591,
                "support": 239427.0
            },
            "weighted avg": {
                "precision": 0.9502425301049208,
                "recall": 0.9557568695259933,
                "f1-score": 0.9508027035729886,
                "support": 239427.0
            },
            "cross-entropy": 0.1146421556583794,
            "roc-auc": 0.9536085237742726,
            "score": 0.9557568695259933
        },
        "val": {
            "0": {
                "precision": 0.9640230363585901,
                "recall": 0.9898475349102308,
                "f1-score": 0.9767646231721034,
                "support": 28072.0
            },
            "1": {
                "precision": 0.7420814479638009,
                "recall": 0.44157242864835755,
                "f1-score": 0.5536799459824443,
                "support": 1857.0
            },
            "accuracy": 0.9558287948143941,
            "macro avg": {
                "precision": 0.8530522421611955,
                "recall": 0.7157099817792942,
                "f1-score": 0.7652222845772738,
                "support": 29929.0
            },
            "weighted avg": {
                "precision": 0.9502522612024163,
                "recall": 0.9558287948143941,
                "f1-score": 0.950513554123983,
                "support": 29929.0
            },
            "cross-entropy": 0.12286523640020118,
            "roc-auc": 0.9455729501168852,
            "score": 0.9558287948143941
        },
        "test": {
            "0": {
                "precision": 0.964460656591975,
                "recall": 0.9889569677970932,
                "f1-score": 0.9765552174754208,
                "support": 28072.0
            },
            "1": {
                "precision": 0.7290209790209791,
                "recall": 0.4491114701130856,
                "f1-score": 0.5558147284238587,
                "support": 1857.0
            },
            "accuracy": 0.9554612583113369,
            "macro avg": {
                "precision": 0.846740817806477,
                "recall": 0.7190342189550893,
                "f1-score": 0.7661849729496397,
                "support": 29929.0
            },
            "weighted avg": {
                "precision": 0.9498523675997154,
                "recall": 0.9554612583113369,
                "f1-score": 0.9504495979034755,
                "support": 29929.0
            },
            "cross-entropy": 0.1156672028269167,
            "roc-auc": 0.9532475572851901,
            "score": 0.9554612583113369
        }
    }
}
