{
    "function": "bin.ensemble.main",
    "config": {
        "seeds": [
            0
        ]
    },
    "single_model_function": "bin.xgboost_.main",
    "data": ":data/CTR23-OpenML-tid=361266-ctr23_361266-seed=0",
    "prediction_type": null,
    "metrics": {
        "train": {
            "rmse": 22600.612352367352,
            "mae": 17901.83516483137,
            "r2": 0.9962220191955566,
            "corr": 0.9981353534367704,
            "score": -22600.612352367352
        },
        "val": {
            "rmse": 113134.71244414187,
            "mae": 60661.50863853376,
            "r2": 0.9143317341804504,
            "corr": 0.957272862387629,
            "score": -113134.71244414187
        },
        "test": {
            "rmse": 103621.34653843255,
            "mae": 60888.36616918165,
            "r2": 0.9020245671272278,
            "corr": 0.9497625535747437,
            "score": -103621.34653843255
        }
    }
}
