{
    "function": "bin.ensemble.main",
    "config": {
        "seeds": [
            0
        ]
    },
    "single_model_function": "bin.catboost_.main",
    "data": ":data/CTR23-OpenML-tid=361257-ctr23_361257-seed=0",
    "prediction_type": null,
    "metrics": {
        "train": {
            "rmse": 376.2716182147371,
            "mae": 214.13016222009793,
            "r2": 0.9910847578655246,
            "corr": 0.9955339079559433,
            "score": -376.2716182147371
        },
        "val": {
            "rmse": 510.0435964177227,
            "mae": 261.1578907269306,
            "r2": 0.9841070030491261,
            "corr": 0.9920357628069979,
            "score": -510.0435964177227
        },
        "test": {
            "rmse": 482.2346266450589,
            "mae": 246.33400912746865,
            "r2": 0.9849869192833645,
            "corr": 0.992469248986612,
            "score": -482.2346266450589
        }
    }
}
