{
    "function": "bin.ensemble.main",
    "config": {
        "seeds": [
            0
        ]
    },
    "single_model_function": "bin.lightgbm_.main",
    "data": ":data/CTR23-OpenML-tid=361252-ctr23_361252-fold=0-seed=0",
    "prediction_type": null,
    "metrics": {
        "train": {
            "rmse": 0.09446398467724428,
            "mae": 0.060172740148711934,
            "r2": 0.9999658463394174,
            "corr": 0.9999829235684246,
            "score": -0.09446398467724428
        },
        "val": {
            "rmse": 0.8947143009095357,
            "mae": 0.3092766420016531,
            "r2": 0.9968630710662114,
            "corr": 0.9984553645336296,
            "score": -0.8947143009095357
        },
        "test": {
            "rmse": 0.7301666882826511,
            "mae": 0.3017468841175538,
            "r2": 0.9978851767825748,
            "corr": 0.9989462998709876,
            "score": -0.7301666882826511
        }
    }
}
