{
    "function": "bin.tabr.main",
    "gpus": [
        "NVIDIA RTX 6000 Ada Generation"
    ],
    "config": {
        "seed": 0,
        "batch_size": 256,
        "patience": 16,
        "n_epochs": Infinity,
        "context_size": 96,
        "data": {
            "seed": 0,
            "cache": true,
            "num_policy": "quantile",
            "cat_policy": null,
            "path": ":data/CTR23-OpenML-tid=361269-ctr23_361269-fold=1-seed=0",
            "y_policy": "standard"
        },
        "optimizer": {
            "type": "AdamW",
            "lr": 0.00014081551171078602,
            "weight_decay": 0.0
        },
        "model": {
            "num_embeddings": null,
            "d_main": 220,
            "context_dropout": 0.5379279575106378,
            "d_multiplier": 2.0,
            "encoder_n_blocks": 0,
            "predictor_n_blocks": 1,
            "mixer_normalization": "auto",
            "dropout0": 0.2205371220287379,
            "dropout1": 0.0,
            "normalization": "LayerNorm",
            "activation": "ReLU"
        }
    },
    "n_parameters": 443301,
    "prediction_type": null,
    "best_epoch": 4,
    "metrics": {
        "train": {
            "rmse": 14.300157117308286,
            "mae": 11.13727724005355,
            "r2": 0.41788238286972046,
            "corr": 0.6474507374485569,
            "score": -14.300157117308286
        },
        "val": {
            "rmse": 14.42933980077368,
            "mae": 11.209906073463003,
            "r2": 0.39490628242492676,
            "corr": 0.6288207598346441,
            "score": -14.42933980077368
        },
        "test": {
            "rmse": 14.372289266394258,
            "mae": 11.111519989344629,
            "r2": 0.40951788425445557,
            "corr": 0.6405770626306662,
            "score": -14.372289266394258
        }
    },
    "time": "0:00:09.131723",
    "chunk_size": null,
    "eval_batch_size": 32768
}
