{
    "function": "bin.ensemble.main",
    "config": {
        "seeds": [
            0
        ]
    },
    "single_model_function": "bin.catboost_.main",
    "data": ":data/CTR23-OpenML-tid=361622-ctr23_361622-seed=0",
    "prediction_type": null,
    "metrics": {
        "train": {
            "rmse": 1667.024513440817,
            "mae": 1191.649067065153,
            "r2": 0.9704102488007496,
            "corr": 0.9851544696802571,
            "score": -1667.024513440817
        },
        "val": {
            "rmse": 1910.2280437127772,
            "mae": 1280.978148015139,
            "r2": 0.9597806820356114,
            "corr": 0.9804152853269525,
            "score": -1910.2280437127772
        },
        "test": {
            "rmse": 2331.9777267889967,
            "mae": 1683.6572686217087,
            "r2": 0.9579189410210579,
            "corr": 0.9789478360248077,
            "score": -2331.9777267889967
        }
    }
}
