{
    "function": "bin.ensemble.main",
    "config": {
        "seeds": [
            0
        ]
    },
    "single_model_function": "bin.ffn.main",
    "data": ":data/TabZilla-OpenML-connect-4-tid=146195-fold=1",
    "prediction_type": "probs",
    "metrics": {
        "train": {
            "0": {
                "precision": 0.8784357541899441,
                "recall": 0.7619693739096725,
                "f1-score": 0.816068092173552,
                "support": 5159.0
            },
            "1": {
                "precision": 0.9609303739738523,
                "recall": 0.949883537455857,
                "f1-score": 0.9553750236160967,
                "support": 13309.0
            },
            "2": {
                "precision": 0.9679244246718295,
                "recall": 0.990696236332462,
                "f1-score": 0.9791779527996555,
                "support": 35577.0
            },
            "accuracy": 0.958812101026922,
            "macro avg": {
                "precision": 0.9357635176118754,
                "recall": 0.9008497158993305,
                "f1-score": 0.9168736895297681,
                "support": 54045.0
            },
            "weighted avg": {
                "precision": 0.9576597217066074,
                "recall": 0.958812101026922,
                "f1-score": 0.957746239311376,
                "support": 54045.0
            },
            "cross-entropy": 0.1305622935263907,
            "roc-auc": 0.9905155847859661,
            "f1-weighted": 0.957746239311376,
            "f1-macro": 0.9168736895297681,
            "f1-micro": 0.958812101026922,
            "score": 0.958812101026922
        },
        "val": {
            "0": {
                "precision": 0.5680933852140078,
                "recall": 0.45271317829457364,
                "f1-score": 0.5038826574633305,
                "support": 645.0
            },
            "1": {
                "precision": 0.8739862757330006,
                "recall": 0.8424533974744438,
                "f1-score": 0.8579301898346602,
                "support": 1663.0
            },
            "2": {
                "precision": 0.9215348135374003,
                "recall": 0.9611061151079137,
                "f1-score": 0.9409045889732585,
                "support": 4448.0
            },
            "accuracy": 0.8833629366489046,
            "macro avg": {
                "precision": 0.787871491494803,
                "recall": 0.7520908969589769,
                "f1-score": 0.7675724787570831,
                "support": 6756.0
            },
            "weighted avg": {
                "precision": 0.876087368357219,
                "recall": 0.8833629366489046,
                "f1-score": 0.8787575239064449,
                "support": 6756.0
            },
            "cross-entropy": 0.3131857285204172,
            "roc-auc": 0.9348136865320704,
            "f1-weighted": 0.8787575239064449,
            "f1-macro": 0.7675724787570831,
            "f1-micro": 0.8833629366489046,
            "score": 0.8833629366489046
        },
        "test": {
            "0": {
                "precision": 0.5173076923076924,
                "recall": 0.4170542635658915,
                "f1-score": 0.46180257510729616,
                "support": 645.0
            },
            "1": {
                "precision": 0.8592964824120602,
                "recall": 0.8226097414311485,
                "f1-score": 0.840552995391705,
                "support": 1663.0
            },
            "2": {
                "precision": 0.91343669250646,
                "recall": 0.9536870503597122,
                "f1-score": 0.9331280246370436,
                "support": 4448.0
            },
            "accuracy": 0.8701894612196566,
            "macro avg": {
                "precision": 0.7633469557420708,
                "recall": 0.7311170184522507,
                "f1-score": 0.7451611983786816,
                "support": 6756.0
            },
            "weighted avg": {
                "precision": 0.8622912847925477,
                "recall": 0.8701894612196566,
                "f1-score": 0.865342768778298,
                "support": 6756.0
            },
            "cross-entropy": 0.33901716879732474,
            "roc-auc": 0.9276600568368529,
            "f1-weighted": 0.865342768778298,
            "f1-macro": 0.7451611983786816,
            "f1-micro": 0.8701894612196566,
            "score": 0.8701894612196566
        }
    }
}
