{
    "function": "bin.ensemble.main",
    "config": {
        "seeds": [
            0
        ]
    },
    "single_model_function": "bin.ffn.main",
    "data": ":data/CTR23-OpenML-tid=361244-ctr23_361244-seed=0",
    "prediction_type": null,
    "metrics": {
        "train": {
            "rmse": 0.7788382157049327,
            "mae": 0.4079852897463354,
            "r2": 0.12445235252380371,
            "corr": 0.40049273052954354,
            "score": -0.7788382157049327
        },
        "val": {
            "rmse": 0.5559287481028075,
            "mae": 0.3349680363416496,
            "r2": 0.061131298542022705,
            "corr": 0.25940866666898577,
            "score": -0.5559287481028075
        },
        "test": {
            "rmse": 1.0794035397122468,
            "mae": 0.4801677702369034,
            "r2": 0.07506817579269409,
            "corr": 0.36737205716586047,
            "score": -1.0794035397122468
        }
    }
}
