{
    "function": "bin.tabr_scaling.main",
    "gpus": [
        "NVIDIA RTX 6000 Ada Generation"
    ],
    "config": {
        "seed": 0,
        "batch_size": 256,
        "patience": 16,
        "n_epochs": Infinity,
        "context_size": 96,
        "data": {
            "seed": 0,
            "cache": true,
            "num_policy": "quantile",
            "cat_policy": null,
            "path": ":data/CTR23-OpenML-tid=361622-ctr23_361622-seed=0",
            "y_policy": "standard"
        },
        "optimizer": {
            "type": "AdamW",
            "lr": 0.0007098936257405903,
            "weight_decay": 1.097581541938016e-06
        },
        "model": {
            "num_embeddings": null,
            "d_main": 336,
            "context_dropout": 0.4668940505699103,
            "d_multiplier": 2.0,
            "encoder_n_blocks": 0,
            "predictor_n_blocks": 1,
            "mixer_normalization": "auto",
            "dropout0": 0.5220072889480915,
            "dropout1": 0.0,
            "normalization": "LayerNorm",
            "activation": "ReLU"
        }
    },
    "n_parameters": 1026481,
    "prediction_type": null,
    "best_epoch": 70,
    "metrics": {
        "train": {
            "rmse": 1908.7894655405066,
            "mae": 1303.617424347598,
            "r2": 0.9612051844596863,
            "corr": 0.9804605419764296,
            "score": -1908.7894655405066
        },
        "val": {
            "rmse": 1731.389339353673,
            "mae": 1194.0934342608816,
            "r2": 0.9669589400291443,
            "corr": 0.9835010575745577,
            "score": -1731.389339353673
        },
        "test": {
            "rmse": 2030.2442790575365,
            "mae": 1395.648831703089,
            "r2": 0.9681041240692139,
            "corr": 0.9839785916010229,
            "score": -2030.2442790575365
        }
    },
    "time": "0:00:03.280682",
    "chunk_size": null,
    "eval_batch_size": 32768
}
