{
    "function": "bin.ensemble.main",
    "config": {
        "seeds": [
            0
        ]
    },
    "single_model_function": "bin.ffn.main",
    "data": ":data/CTR23-OpenML-tid=361252-ctr23_361252-seed=0",
    "prediction_type": null,
    "metrics": {
        "train": {
            "rmse": 0.42682776860699934,
            "mae": 0.26374038020475155,
            "r2": 0.9993027448654175,
            "corr": 0.9997050738768221,
            "score": -0.42682776860699934
        },
        "val": {
            "rmse": 0.9359283506951069,
            "mae": 0.34167181849269923,
            "r2": 0.99656742811203,
            "corr": 0.9984037573009809,
            "score": -0.9359283506951069
        },
        "test": {
            "rmse": 0.7354617603215726,
            "mae": 0.3428033566950148,
            "r2": 0.9978544116020203,
            "corr": 0.9990130027575225,
            "score": -0.7354617603215726
        }
    }
}
