{
    "function": "bin.lightgbm_.main",
    "gpus": [
        "NVIDIA RTX 6000 Ada Generation",
        "NVIDIA RTX 6000 Ada Generation"
    ],
    "config": {
        "seed": 0,
        "data": {
            "seed": 0,
            "num_policy": "quantile",
            "cat_policy": "one-hot",
            "y_policy": "standard",
            "cache": true,
            "path": ":data/CTR23-OpenML-tid=361268-ctr23_361268-fold=0-seed=0"
        },
        "model": {
            "n_estimators": 4000,
            "n_jobs": 4,
            "early_stopping_rounds": 200,
            "feature_fraction": 0.5915956810035584,
            "lambda_l2": 0.0,
            "learning_rate": 0.3067750867937877,
            "num_leaves": 7,
            "min_sum_hessian_in_leaf": 1.1665388871103268,
            "bagging_fraction": 0.6350039865960824
        },
        "fit": {}
    },
    "prediction_type": null,
    "time": "0:00:01.518734",
    "best_iteration": 4000,
    "metrics": {
        "train": {
            "rmse": 0.3745696255636795,
            "mae": 0.2692833876010902,
            "r2": 0.9999533915154715,
            "corr": 0.9999766956544078,
            "score": -0.3745696255636795
        },
        "val": {
            "rmse": 0.6460960505266199,
            "mae": 0.42602980818031005,
            "r2": 0.9998574286658389,
            "corr": 0.9999288060704583,
            "score": -0.6460960505266199
        },
        "test": {
            "rmse": 0.6761047152064262,
            "mae": 0.41623961462957243,
            "r2": 0.9998397059831831,
            "corr": 0.9999202480122903,
            "score": -0.6761047152064262
        }
    }
}
