{
    "function": "bin.ensemble.main",
    "config": {
        "seeds": [
            0
        ]
    },
    "single_model_function": "bin.xgboost_.main",
    "data": ":data/CTR23-OpenML-tid=361234-ctr23_361234-seed=0",
    "prediction_type": null,
    "metrics": {
        "train": {
            "rmse": 1.8956313117497026,
            "mae": 1.3554532097990375,
            "r2": 0.6602351069450378,
            "corr": 0.8166142555071282,
            "score": -1.8956313117497026
        },
        "val": {
            "rmse": 2.1059481162434177,
            "mae": 1.4805809946338826,
            "r2": 0.5341888666152954,
            "corr": 0.7309540788803386,
            "score": -2.1059481162434177
        },
        "test": {
            "rmse": 2.2165715505205417,
            "mae": 1.586062357070226,
            "r2": 0.5236667394638062,
            "corr": 0.7247649838398633,
            "score": -2.2165715505205417
        }
    }
}
