{
    "function": "bin.ensemble.main",
    "config": {
        "seeds": [
            0
        ]
    },
    "single_model_function": "bin.catboost_.main",
    "data": ":data/CTR23-OpenML-tid=361237-ctr23_361237-seed=0",
    "prediction_type": null,
    "metrics": {
        "train": {
            "rmse": 1.0569714367683727,
            "mae": 0.17419660032801534,
            "r2": 0.9960727870552577,
            "corr": 0.9980345692771554,
            "score": -1.0569714367683727
        },
        "val": {
            "rmse": 3.667506502568378,
            "mae": 2.301849314343627,
            "r2": 0.946502812111348,
            "corr": 0.9735027611909591,
            "score": -3.667506502568378
        },
        "test": {
            "rmse": 4.7637398384758685,
            "mae": 2.9119604877628067,
            "r2": 0.9168280826651836,
            "corr": 0.9577193511937855,
            "score": -4.7637398384758685
        }
    }
}
