{
    "function": "bin.xgboost_.main",
    "gpus": [
        "NVIDIA RTX 6000 Ada Generation"
    ],
    "config": {
        "seed": 0,
        "data": {
            "seed": 0,
            "num_policy": "quantile",
            "cache": true,
            "cat_policy": null,
            "y_policy": "standard",
            "path": ":data/CTR23-OpenML-tid=361241-ctr23_361241-fold=1-seed=0"
        },
        "model": {
            "booster": "gbtree",
            "early_stopping_rounds": 200,
            "n_estimators": 4000,
            "n_jobs": 1,
            "tree_method": "gpu_hist",
            "use_label_encoder": false,
            "colsample_byree": 0.5271689941696268,
            "gamma": 0,
            "lambda": 0.0,
            "learning_rate": 0.010865633249460467,
            "max_depth": 14,
            "min_child_weight": 1.6845597184634453,
            "subsample": 0.515919464765654
        },
        "fit": {
            "verbose": true
        },
        "neighbors": null
    },
    "prediction_type": null,
    "time": "0:00:47.699478",
    "best_iteration": 3566,
    "metrics": {
        "train": {
            "rmse": 0.16131802224545555,
            "mae": 0.05686979257060587,
            "r2": 0.9993029236793518,
            "corr": 0.9996581668021206,
            "score": -0.16131802224545555
        },
        "val": {
            "rmse": 3.4187748661072725,
            "mae": 2.2324288580438605,
            "r2": 0.6896852254867554,
            "corr": 0.8306251932181212,
            "score": -3.4187748661072725
        },
        "test": {
            "rmse": 3.36449322988016,
            "mae": 2.1733583486248023,
            "r2": 0.7008637189865112,
            "corr": 0.8375874553260666,
            "score": -3.36449322988016
        }
    }
}
