{
    "function": "bin.ensemble.main",
    "config": {
        "seeds": [
            0
        ]
    },
    "single_model_function": "bin.tabr.main",
    "data": ":data/TabZilla-OpenML-spambase-tid=43-fold=0",
    "prediction_type": "probs",
    "metrics": {
        "train": {
            "0": {
                "precision": 0.9667553191489362,
                "recall": 0.9775885253249664,
                "f1-score": 0.9721417428125696,
                "support": 2231.0
            },
            "1": {
                "precision": 0.9648876404494382,
                "recall": 0.94824016563147,
                "f1-score": 0.9564914723285765,
                "support": 1449.0
            },
            "accuracy": 0.9660326086956522,
            "macro avg": {
                "precision": 0.9658214797991872,
                "recall": 0.9629143454782182,
                "f1-score": 0.964316607570573,
                "support": 3680.0
            },
            "weighted avg": {
                "precision": 0.966019920661009,
                "recall": 0.9660326086956522,
                "f1-score": 0.9659794488094974,
                "support": 3680.0
            },
            "cross-entropy": 0.12069902270486096,
            "roc-auc": 0.987477723860317,
            "f1-weighted": 0.9659794488094974,
            "f1-macro": 0.964316607570573,
            "f1-micro": 0.9660326086956522,
            "score": 0.9660326086956522
        },
        "val": {
            "0": {
                "precision": 0.9786476868327402,
                "recall": 0.9892086330935251,
                "f1-score": 0.9838998211091234,
                "support": 278.0
            },
            "1": {
                "precision": 0.9832402234636871,
                "recall": 0.967032967032967,
                "f1-score": 0.9750692520775623,
                "support": 182.0
            },
            "accuracy": 0.9804347826086957,
            "macro avg": {
                "precision": 0.9809439551482136,
                "recall": 0.9781208000632461,
                "f1-score": 0.9794845365933429,
                "support": 460.0
            },
            "weighted avg": {
                "precision": 0.9804647339345496,
                "recall": 0.9804347826086957,
                "f1-score": 0.980405987274897,
                "support": 460.0
            },
            "cross-entropy": 0.09267910821408502,
            "roc-auc": 0.9937149181753498,
            "f1-weighted": 0.980405987274897,
            "f1-macro": 0.9794845365933429,
            "f1-micro": 0.9804347826086957,
            "score": 0.9804347826086957
        },
        "test": {
            "0": {
                "precision": 0.9312714776632303,
                "recall": 0.9713261648745519,
                "f1-score": 0.9508771929824561,
                "support": 279.0
            },
            "1": {
                "precision": 0.9529411764705882,
                "recall": 0.8901098901098901,
                "f1-score": 0.9204545454545454,
                "support": 182.0
            },
            "accuracy": 0.9392624728850325,
            "macro avg": {
                "precision": 0.9421063270669092,
                "recall": 0.930718027492221,
                "f1-score": 0.9356658692185007,
                "support": 461.0
            },
            "weighted avg": {
                "precision": 0.9398265431359832,
                "recall": 0.9392624728850325,
                "f1-score": 0.9388665165180748,
                "support": 461.0
            },
            "cross-entropy": 0.18177949637086854,
            "roc-auc": 0.9831619992910315,
            "f1-weighted": 0.9388665165180748,
            "f1-macro": 0.9356658692185007,
            "f1-micro": 0.9392624728850325,
            "score": 0.9392624728850325
        }
    }
}
