{
    "function": "bin.ensemble.main",
    "config": {
        "seeds": [
            0
        ]
    },
    "single_model_function": "bin.xgboost_.main",
    "data": ":data/CTR23-OpenML-tid=361236-ctr23_361236-fold=1-seed=0",
    "prediction_type": null,
    "metrics": {
        "train": {
            "rmse": 59.77044649223204,
            "mae": 34.46387031971085,
            "r2": 0.9999661445617676,
            "corr": 0.9999830742642896,
            "score": -59.77044649223204
        },
        "val": {
            "rmse": 377.12291264942047,
            "mae": 192.82910003724282,
            "r2": 0.9986371397972107,
            "corr": 0.9993213252812704,
            "score": -377.12291264942047
        },
        "test": {
            "rmse": 569.8179500662492,
            "mae": 260.5429407187239,
            "r2": 0.9974190592765808,
            "corr": 0.9988051070796302,
            "score": -569.8179500662492
        }
    }
}
