{
    "function": "bin.ensemble.main",
    "config": {
        "seeds": [
            0
        ]
    },
    "single_model_function": "bin.tabr.main",
    "data": ":data/CTR23-OpenML-tid=361623-ctr23_361623-seed=0",
    "prediction_type": null,
    "metrics": {
        "train": {
            "rmse": 0.0849872568047559,
            "mae": 0.06181824267110869,
            "r2": 0.8223474025726318,
            "corr": 0.9070681314825543,
            "score": -0.0849872568047559
        },
        "val": {
            "rmse": 0.08887505374208131,
            "mae": 0.06525970507061674,
            "r2": 0.7801015973091125,
            "corr": 0.8836251142326698,
            "score": -0.08887505374208131
        },
        "test": {
            "rmse": 0.08547504783086947,
            "mae": 0.06431310866270801,
            "r2": 0.780664324760437,
            "corr": 0.8843591194212231,
            "score": -0.08547504783086947
        }
    }
}
