{
    "function": "bin.ensemble.main",
    "config": {
        "seeds": [
            0
        ]
    },
    "single_model_function": "bin.xgboost_.main",
    "data": ":data/CTR23-OpenML-tid=361618-ctr23_361618-fold=1-seed=0",
    "prediction_type": null,
    "metrics": {
        "train": {
            "rmse": 50.78518941398969,
            "mae": 11.761496044633077,
            "r2": 0.3284831643104553,
            "corr": 0.9488957957856963,
            "score": -50.78518941398969
        },
        "val": {
            "rmse": 85.49921877193155,
            "mae": 21.723706374314474,
            "r2": 0.038822293281555176,
            "corr": 0.3182215039326706,
            "score": -85.49921877193155
        },
        "test": {
            "rmse": 16.40996704738497,
            "mae": 10.501497363584633,
            "r2": -0.2819780111312866,
            "corr": -0.044158704664302405,
            "score": -16.40996704738497
        }
    }
}
