{
    "function": "bin.tabr_scaling.main",
    "gpus": [
        "NVIDIA RTX 6000 Ada Generation"
    ],
    "config": {
        "seed": 0,
        "batch_size": 256,
        "patience": 16,
        "n_epochs": Infinity,
        "context_size": 96,
        "data": {
            "seed": 0,
            "cache": true,
            "num_policy": "quantile",
            "cat_policy": null,
            "path": ":data/TabZilla-OpenML-optdigits-tid=28-fold=0",
            "y_policy": null
        },
        "optimizer": {
            "type": "AdamW",
            "lr": 8.17147891511587e-05,
            "weight_decay": 0.0
        },
        "model": {
            "num_embeddings": null,
            "d_main": 274,
            "context_dropout": 0.3672574336334528,
            "d_multiplier": 2.0,
            "encoder_n_blocks": 0,
            "predictor_n_blocks": 1,
            "mixer_normalization": "auto",
            "dropout0": 0.37016039812485413,
            "dropout1": 0.0,
            "normalization": "LayerNorm",
            "activation": "ReLU"
        }
    },
    "n_parameters": 701724,
    "prediction_type": "logits",
    "best_epoch": 9,
    "metrics": {
        "train": {
            "0": {
                "precision": 1.0,
                "recall": 0.9977477477477478,
                "f1-score": 0.9988726042841037,
                "support": 444.0
            },
            "1": {
                "precision": 0.9849137931034483,
                "recall": 1.0,
                "f1-score": 0.992399565689468,
                "support": 457.0
            },
            "2": {
                "precision": 1.0,
                "recall": 1.0,
                "f1-score": 1.0,
                "support": 445.0
            },
            "3": {
                "precision": 0.9912280701754386,
                "recall": 0.9912280701754386,
                "f1-score": 0.9912280701754386,
                "support": 456.0
            },
            "4": {
                "precision": 0.9977973568281938,
                "recall": 0.9977973568281938,
                "f1-score": 0.9977973568281938,
                "support": 454.0
            },
            "5": {
                "precision": 0.9977528089887641,
                "recall": 0.9955156950672646,
                "f1-score": 0.9966329966329966,
                "support": 446.0
            },
            "6": {
                "precision": 1.0,
                "recall": 0.9955156950672646,
                "f1-score": 0.9977528089887641,
                "support": 446.0
            },
            "7": {
                "precision": 0.9977924944812362,
                "recall": 0.9955947136563876,
                "f1-score": 0.9966923925027563,
                "support": 454.0
            },
            "8": {
                "precision": 0.9977324263038548,
                "recall": 0.990990990990991,
                "f1-score": 0.9943502824858758,
                "support": 444.0
            },
            "9": {
                "precision": 0.9933481152993349,
                "recall": 0.9955555555555555,
                "f1-score": 0.9944506104328524,
                "support": 450.0
            },
            "accuracy": 0.9959964412811388,
            "macro avg": {
                "precision": 0.9960565065180271,
                "recall": 0.9959945825088843,
                "f1-score": 0.996017668802045,
                "support": 4496.0
            },
            "weighted avg": {
                "precision": 0.9960189052302842,
                "recall": 0.9959964412811388,
                "f1-score": 0.9959997227411697,
                "support": 4496.0
            },
            "cross-entropy": 0.06920392320713306,
            "roc-auc": 0.999460273292981,
            "f1-weighted": 0.9959997227411697,
            "f1-macro": 0.996017668802045,
            "f1-micro": 0.9959964412811388,
            "score": 0.9959964412811388
        },
        "val": {
            "0": {
                "precision": 1.0,
                "recall": 1.0,
                "f1-score": 1.0,
                "support": 55.0
            },
            "1": {
                "precision": 1.0,
                "recall": 1.0,
                "f1-score": 1.0,
                "support": 57.0
            },
            "2": {
                "precision": 1.0,
                "recall": 1.0,
                "f1-score": 1.0,
                "support": 56.0
            },
            "3": {
                "precision": 1.0,
                "recall": 0.9827586206896551,
                "f1-score": 0.991304347826087,
                "support": 58.0
            },
            "4": {
                "precision": 1.0,
                "recall": 0.9824561403508771,
                "f1-score": 0.9911504424778761,
                "support": 57.0
            },
            "5": {
                "precision": 1.0,
                "recall": 1.0,
                "f1-score": 1.0,
                "support": 56.0
            },
            "6": {
                "precision": 1.0,
                "recall": 1.0,
                "f1-score": 1.0,
                "support": 56.0
            },
            "7": {
                "precision": 0.9824561403508771,
                "recall": 1.0,
                "f1-score": 0.9911504424778761,
                "support": 56.0
            },
            "8": {
                "precision": 1.0,
                "recall": 1.0,
                "f1-score": 1.0,
                "support": 55.0
            },
            "9": {
                "precision": 0.9824561403508771,
                "recall": 1.0,
                "f1-score": 0.9911504424778761,
                "support": 56.0
            },
            "accuracy": 0.99644128113879,
            "macro avg": {
                "precision": 0.9964912280701753,
                "recall": 0.9965214761040532,
                "f1-score": 0.9964755675259716,
                "support": 562.0
            },
            "weighted avg": {
                "precision": 0.9965037148030217,
                "recall": 0.99644128113879,
                "f1-score": 0.9964414180652564,
                "support": 562.0
            },
            "cross-entropy": 0.06485035852781632,
            "roc-auc": 0.9999826553932726,
            "f1-weighted": 0.9964414180652564,
            "f1-macro": 0.9964755675259716,
            "f1-micro": 0.99644128113879,
            "score": 0.99644128113879
        },
        "test": {
            "0": {
                "precision": 1.0,
                "recall": 1.0,
                "f1-score": 1.0,
                "support": 55.0
            },
            "1": {
                "precision": 0.9661016949152542,
                "recall": 1.0,
                "f1-score": 0.9827586206896551,
                "support": 57.0
            },
            "2": {
                "precision": 1.0,
                "recall": 1.0,
                "f1-score": 1.0,
                "support": 56.0
            },
            "3": {
                "precision": 1.0,
                "recall": 1.0,
                "f1-score": 1.0,
                "support": 58.0
            },
            "4": {
                "precision": 1.0,
                "recall": 0.9473684210526315,
                "f1-score": 0.972972972972973,
                "support": 57.0
            },
            "5": {
                "precision": 1.0,
                "recall": 1.0,
                "f1-score": 1.0,
                "support": 56.0
            },
            "6": {
                "precision": 0.9655172413793104,
                "recall": 1.0,
                "f1-score": 0.9824561403508771,
                "support": 56.0
            },
            "7": {
                "precision": 1.0,
                "recall": 1.0,
                "f1-score": 1.0,
                "support": 56.0
            },
            "8": {
                "precision": 1.0,