{
    "function": "bin.ensemble.main",
    "config": {
        "seeds": [
            0
        ]
    },
    "single_model_function": "bin.ffn.main",
    "data": ":data/TabZilla-OpenML-credit-approval-tid=29-fold=1",
    "prediction_type": "probs",
    "metrics": {
        "train": {
            "0": {
                "precision": 0.8475177304964538,
                "recall": 0.9676113360323887,
                "f1-score": 0.9035916824196597,
                "support": 247.0
            },
            "1": {
                "precision": 0.9703703703703703,
                "recall": 0.8590163934426229,
                "f1-score": 0.9113043478260869,
                "support": 305.0
            },
            "accuracy": 0.907608695652174,
            "macro avg": {
                "precision": 0.9089440504334121,
                "recall": 0.9133138647375059,
                "f1-score": 0.9074480151228733,
                "support": 552.0
            },
            "weighted avg": {
                "precision": 0.9153982652093967,
                "recall": 0.907608695652174,
                "f1-score": 0.9078532095011096,
                "support": 552.0
            },
            "cross-entropy": 0.23500578574898187,
            "roc-auc": 0.9828897590761266,
            "f1-weighted": 0.9078532095011096,
            "f1-macro": 0.9074480151228733,
            "f1-micro": 0.907608695652174,
            "score": 0.907608695652174
        },
        "val": {
            "0": {
                "precision": 0.8285714285714286,
                "recall": 0.9666666666666667,
                "f1-score": 0.8923076923076924,
                "support": 30.0
            },
            "1": {
                "precision": 0.9705882352941176,
                "recall": 0.8461538461538461,
                "f1-score": 0.9041095890410958,
                "support": 39.0
            },
            "accuracy": 0.8985507246376812,
            "macro avg": {
                "precision": 0.8995798319327731,
                "recall": 0.9064102564102564,
                "f1-score": 0.8982086406743941,
                "support": 69.0
            },
            "weighted avg": {
                "precision": 0.9088417975886006,
                "recall": 0.8985507246376812,
                "f1-score": 0.8989783295917899,
                "support": 69.0
            },
            "cross-entropy": 0.4348364561436061,
            "roc-auc": 0.9273504273504274,
            "f1-weighted": 0.8989783295917899,
            "f1-macro": 0.8982086406743941,
            "f1-micro": 0.8985507246376812,
            "score": 0.8985507246376812
        },
        "test": {
            "0": {
                "precision": 0.8,
                "recall": 0.9333333333333333,
                "f1-score": 0.8615384615384616,
                "support": 30.0
            },
            "1": {
                "precision": 0.9411764705882353,
                "recall": 0.8205128205128205,
                "f1-score": 0.8767123287671232,
                "support": 39.0
            },
            "accuracy": 0.8695652173913043,
            "macro avg": {
                "precision": 0.8705882352941177,
                "recall": 0.8769230769230769,
                "f1-score": 0.8691253951527924,
                "support": 69.0
            },
            "weighted avg": {
                "precision": 0.8797953964194373,
                "recall": 0.8695652173913043,
                "f1-score": 0.8701149951894442,
                "support": 69.0
            },
            "cross-entropy": 0.3989504816249382,
            "roc-auc": 0.9683760683760683,
            "f1-weighted": 0.8701149951894442,
            "f1-macro": 0.8691253951527924,
            "f1-micro": 0.8695652173913043,
            "score": 0.8695652173913043
        }
    }
}
