{
    "function": "bin.lightgbm_.main",
    "gpus": [
        "NVIDIA RTX 6000 Ada Generation",
        "NVIDIA RTX 6000 Ada Generation"
    ],
    "config": {
        "seed": 0,
        "data": {
            "seed": 0,
            "num_policy": "quantile",
            "cat_policy": "one-hot",
            "y_policy": "standard",
            "cache": true,
            "path": ":data/CTR23-OpenML-tid=361264-ctr23_361264-fold=0-seed=0"
        },
        "model": {
            "n_estimators": 4000,
            "n_jobs": 4,
            "early_stopping_rounds": 200,
            "feature_fraction": 0.7267713413390344,
            "lambda_l2": 8.93393955906384,
            "learning_rate": 0.3693261231099635,
            "num_leaves": 12,
            "min_sum_hessian_in_leaf": 0.014450017959683438,
            "bagging_fraction": 0.864995281212029
        },
        "fit": {}
    },
    "prediction_type": null,
    "time": "0:00:00.173379",
    "best_iteration": 878,
    "metrics": {
        "train": {
            "rmse": 2.934796739964673,
            "mae": 1.6738476501276207,
            "r2": 0.9957082909529916,
            "corr": 0.9979336934200711,
            "score": -2.934796739964673
        },
        "val": {
            "rmse": 9.702987271403893,
            "mae": 5.45298325614303,
            "r2": 0.8674912494594973,
            "corr": 0.9419786495134367,
            "score": -9.702987271403893
        },
        "test": {
            "rmse": 12.14152507928513,
            "mae": 6.683226822105586,
            "r2": 0.7714765042664257,
            "corr": 0.9491805478907341,
            "score": -12.14152507928513
        }
    }
}
