{
    "function": "bin.ensemble.main",
    "config": {
        "seeds": [
            0
        ]
    },
    "single_model_function": "bin.catboost_.main",
    "data": ":data/CTR23-OpenML-tid=361619-ctr23_361619-seed=0",
    "prediction_type": null,
    "metrics": {
        "train": {
            "rmse": 0.8629521089342893,
            "mae": 0.5891843475631608,
            "r2": 0.9251911478117768,
            "corr": 0.9727926186785916,
            "score": -0.8629521089342893
        },
        "val": {
            "rmse": 3.165435655731568,
            "mae": 2.1814912924359975,
            "r2": 0.2924513951404404,
            "corr": 0.5532168083956526,
            "score": -3.165435655731568
        },
        "test": {
            "rmse": 2.468274722159742,
            "mae": 2.013385611306363,
            "r2": 0.2073564531730988,
            "corr": 0.5250088979630816,
            "score": -2.468274722159742
        }
    }
}
