{
    "function": "bin.ensemble.main",
    "config": {
        "seeds": [
            0
        ]
    },
    "single_model_function": "bin.ffn.main",
    "data": ":data/CTR23-OpenML-tid=361241-ctr23_361241-seed=0",
    "prediction_type": null,
    "metrics": {
        "train": {
            "rmse": 1.9024161171876113,
            "mae": 1.252169740299351,
            "r2": 0.9032709002494812,
            "corr": 0.950790352868327,
            "score": -1.9024161171876113
        },
        "val": {
            "rmse": 3.506011376978285,
            "mae": 2.20131945049269,
            "r2": 0.6732717156410217,
            "corr": 0.8228073021944322,
            "score": -3.506011376978285
        },
        "test": {
            "rmse": 3.4877745442694175,
            "mae": 2.169868472395578,
            "r2": 0.6735861301422119,
            "corr": 0.8234896387011729,
            "score": -3.4877745442694175
        }
    }
}
