{
    "function": "bin.ensemble.main",
    "config": {
        "seeds": [
            0
        ]
    },
    "single_model_function": "bin.xgboost_.main",
    "data": ":data/CTR23-OpenML-tid=361241-ctr23_361241-seed=0",
    "prediction_type": null,
    "metrics": {
        "train": {
            "rmse": 0.21982827279922032,
            "mae": 0.12168226869987286,
            "r2": 0.9987084269523621,
            "corr": 0.9993999434623769,
            "score": -0.21982827279922032
        },
        "val": {
            "rmse": 3.4131326755085656,
            "mae": 2.2403038098568686,
            "r2": 0.6903533339500427,
            "corr": 0.8311085030194798,
            "score": -3.4131326755085656
        },
        "test": {
            "rmse": 3.408388779213394,
            "mae": 2.2122856473106367,
            "r2": 0.6882760524749756,
            "corr": 0.8298147398655181,
            "score": -3.408388779213394
        }
    }
}
