{
    "function": "bin.ensemble.main",
    "config": {
        "seeds": [
            0
        ]
    },
    "single_model_function": "bin.tabr.main",
    "data": ":data/CTR23-OpenML-tid=361259-ctr23_361259-seed=0",
    "prediction_type": null,
    "metrics": {
        "train": {
            "rmse": 0.019108705322565638,
            "mae": 0.01526761253475084,
            "r2": 0.7147016525268555,
            "corr": 0.8455237207884964,
            "score": -0.019108705322565638
        },
        "val": {
            "rmse": 0.022522104808678008,
            "mae": 0.017899373122895135,
            "r2": 0.6240991353988647,
            "corr": 0.7909159227777746,
            "score": -0.022522104808678008
        },
        "test": {
            "rmse": 0.021147244014218084,
            "mae": 0.016708571544959527,
            "r2": 0.6567762494087219,
            "corr": 0.8105464846592869,
            "score": -0.021147244014218084
        }
    }
}
