{
    "function": "bin.ensemble.main",
    "config": {
        "seeds": [
            0
        ]
    },
    "single_model_function": "bin.catboost_.main",
    "data": ":data/CTR23-OpenML-tid=361235-ctr23_361235-seed=0",
    "prediction_type": null,
    "metrics": {
        "train": {
            "rmse": 0.1296609237012426,
            "mae": 0.09941034834103134,
            "r2": 0.9996418065234897,
            "corr": 0.9998223717247691,
            "score": -0.1296609237012426
        },
        "val": {
            "rmse": 1.0640573879660864,
            "mae": 0.6985598427803082,
            "r2": 0.9747146869095455,
            "corr": 0.9875404957174972,
            "score": -1.0640573879660864
        },
        "test": {
            "rmse": 1.0187156454032347,
            "mae": 0.710778969419099,
            "r2": 0.9810593946491936,
            "corr": 0.99066359016381,
            "score": -1.0187156454032347
        }
    }
}
