{
    "function": "bin.ensemble.main",
    "config": {
        "seeds": [
            0
        ]
    },
    "single_model_function": "bin.ffn.main",
    "data": ":data/TabZilla-OpenML-adult-tid=7592-fold=0",
    "prediction_type": "probs",
    "metrics": {
        "train": {
            "0": {
                "precision": 0.8993770357018626,
                "recall": 0.9568684183965279,
                "f1-score": 0.9272324193916474,
                "support": 29723.0
            },
            "1": {
                "precision": 0.8278963619277755,
                "recall": 0.659642742539309,
                "f1-score": 0.7342540778664126,
                "support": 9349.0
            },
            "accuracy": 0.8857493857493858,
            "macro avg": {
                "precision": 0.863636698814819,
                "recall": 0.8082555804679185,
                "f1-score": 0.83074324862903,
                "support": 39072.0
            },
            "weighted avg": {
                "precision": 0.8822734111340406,
                "recall": 0.8857493857493858,
                "f1-score": 0.8810572936003027,
                "support": 39072.0
            },
            "cross-entropy": 0.2495893553543891,
            "roc-auc": 0.9437447779453635,
            "f1-weighted": 0.8810572936003027,
            "f1-macro": 0.83074324862903,
            "f1-micro": 0.8857493857493858,
            "score": 0.8857493857493858
        },
        "val": {
            "0": {
                "precision": 0.8947368421052632,
                "recall": 0.9515608180839612,
                "f1-score": 0.9222743870631195,
                "support": 3716.0
            },
            "1": {
                "precision": 0.8070739549839229,
                "recall": 0.6441402908468776,
                "f1-score": 0.7164605137963844,
                "support": 1169.0
            },
            "accuracy": 0.8779938587512794,
            "macro avg": {
                "precision": 0.850905398544593,
                "recall": 0.7978505544654194,
                "f1-score": 0.8193674504297519,
                "support": 4885.0
            },
            "weighted avg": {
                "precision": 0.8737587632833906,
                "recall": 0.8779938587512794,
                "f1-score": 0.8730223056201689,
                "support": 4885.0
            },
            "cross-entropy": 0.2853698961535105,
            "roc-auc": 0.9236315159930791,
            "f1-weighted": 0.8730223056201689,
            "f1-macro": 0.8193674504297519,
            "f1-micro": 0.8779938587512794,
            "score": 0.8779938587512794
        },
        "test": {
            "0": {
                "precision": 0.8890845070422535,
                "recall": 0.951291711517761,
                "f1-score": 0.9191367654706188,
                "support": 3716.0
            },
            "1": {
                "precision": 0.8008800880088008,
                "recall": 0.6227544910179641,
                "f1-score": 0.7006737247353224,
                "support": 1169.0
            },
            "accuracy": 0.8726714431934494,
            "macro avg": {
                "precision": 0.8449822975255272,
                "recall": 0.7870231012678626,
                "f1-score": 0.8099052451029707,
                "support": 4885.0
            },
            "weighted avg": {
                "precision": 0.8679768374721192,
                "recall": 0.8726714431934494,
                "f1-score": 0.8668576877593472,
                "support": 4885.0
            },
            "cross-entropy": 0.27989747289556594,
            "roc-auc": 0.928498684623679,
            "f1-weighted": 0.8668576877593472,
            "f1-macro": 0.8099052451029707,
            "f1-micro": 0.8726714431934494,
            "score": 0.8726714431934494
        }
    }
}
