{
    "function": "bin.ensemble.main",
    "config": {
        "seeds": [
            0
        ]
    },
    "single_model_function": "bin.lightgbm_.main",
    "data": ":data/CTR23-OpenML-tid=361237-ctr23_361237-fold=0-seed=0",
    "prediction_type": null,
    "metrics": {
        "train": {
            "rmse": 1.1344772089018993,
            "mae": 0.32779591741249164,
            "r2": 0.9954757197461263,
            "corr": 0.9977355460561752,
            "score": -1.1344772089018993
        },
        "val": {
            "rmse": 3.5661886708318247,
            "mae": 2.3845647794406064,
            "r2": 0.9494177899636763,
            "corr": 0.9748446772485583,
            "score": -3.5661886708318247
        },
        "test": {
            "rmse": 5.621533371885541,
            "mae": 3.038408581155757,
            "r2": 0.884178221671474,
            "corr": 0.9422638587505029,
            "score": -5.621533371885541
        }
    }
}
