{
    "function": "bin.ensemble.main",
    "config": {
        "seeds": [
            0
        ]
    },
    "single_model_function": "bin.tabr_scaling.main",
    "data": ":data/TabZilla-OpenML-madelon-9976",
    "prediction_type": "probs",
    "metrics": {
        "train": {
            "0": {
                "precision": 0.9007981755986317,
                "recall": 0.7596153846153846,
                "f1-score": 0.8242044861763171,
                "support": 1040.0
            },
            "1": {
                "precision": 0.7921862011637573,
                "recall": 0.9163461538461538,
                "f1-score": 0.8497547926883638,
                "support": 1040.0
            },
            "accuracy": 0.8379807692307693,
            "macro avg": {
                "precision": 0.8464921883811944,
                "recall": 0.8379807692307693,
                "f1-score": 0.8369796394323405,
                "support": 2080.0
            },
            "weighted avg": {
                "precision": 0.8464921883811946,
                "recall": 0.8379807692307693,
                "f1-score": 0.8369796394323405,
                "support": 2080.0
            },
            "cross-entropy": 0.39652037111699784,
            "roc-auc": 0.9209171597633137,
            "score": 0.8379807692307693
        },
        "val": {
            "0": {
                "precision": 0.7,
                "recall": 0.5384615384615384,
                "f1-score": 0.6086956521739131,
                "support": 130.0
            },
            "1": {
                "precision": 0.625,
                "recall": 0.7692307692307693,
                "f1-score": 0.6896551724137931,
                "support": 130.0
            },
            "accuracy": 0.6538461538461539,
            "macro avg": {
                "precision": 0.6625,
                "recall": 0.6538461538461539,
                "f1-score": 0.6491754122938531,
                "support": 260.0
            },
            "weighted avg": {
                "precision": 0.6625,
                "recall": 0.6538461538461539,
                "f1-score": 0.6491754122938532,
                "support": 260.0
            },
            "cross-entropy": 0.7119449036438813,
            "roc-auc": 0.6633136094674557,
            "score": 0.6538461538461539
        },
        "test": {
            "0": {
                "precision": 0.5365853658536586,
                "recall": 0.3384615384615385,
                "f1-score": 0.41509433962264153,
                "support": 130.0
            },
            "1": {
                "precision": 0.5168539325842697,
                "recall": 0.7076923076923077,
                "f1-score": 0.5974025974025974,
                "support": 130.0
            },
            "accuracy": 0.5230769230769231,
            "macro avg": {
                "precision": 0.5267196492189641,
                "recall": 0.5230769230769231,
                "f1-score": 0.5062484685126194,
                "support": 260.0
            },
            "weighted avg": {
                "precision": 0.5267196492189642,
                "recall": 0.5230769230769231,
                "f1-score": 0.5062484685126195,
                "support": 260.0
            },
            "cross-entropy": 0.8076126941858736,
            "roc-auc": 0.5808875739644971,
            "score": 0.5230769230769231
        }
    }
}
