{
    "function": "bin.lightgbm_.main",
    "gpus": [
        "NVIDIA RTX 6000 Ada Generation",
        "NVIDIA RTX 6000 Ada Generation"
    ],
    "config": {
        "seed": 0,
        "data": {
            "seed": 0,
            "num_policy": "quantile",
            "cat_policy": null,
            "y_policy": "standard",
            "cache": true,
            "path": ":data/CTR23-OpenML-tid=361617-ctr23_361617-fold=0-seed=0"
        },
        "model": {
            "n_estimators": 4000,
            "n_jobs": 4,
            "early_stopping_rounds": 200,
            "feature_fraction": 0.6991105311080459,
            "lambda_l2": 0.0,
            "learning_rate": 0.6809530508136838,
            "num_leaves": 569,
            "min_sum_hessian_in_leaf": 0.08765018795171545,
            "bagging_fraction": 0.6137073139866616
        },
        "fit": {}
    },
    "prediction_type": null,
    "time": "0:00:00.471447",
    "best_iteration": 1956,
    "metrics": {
        "train": {
            "rmse": 0.027452633557786408,
            "mae": 0.020037041466849655,
            "r2": 0.9999926261323622,
            "corr": 0.9999963131927442,
            "score": -0.027452633557786408
        },
        "val": {
            "rmse": 0.28660454553640397,
            "mae": 0.22072602678348774,
            "r2": 0.9992646611467328,
            "corr": 0.9996435419132603,
            "score": -0.28660454553640397
        },
        "test": {
            "rmse": 0.5064612377212171,
            "mae": 0.26373708258348044,
            "r2": 0.9968556798606082,
            "corr": 0.9984560152680031,
            "score": -0.5064612377212171
        }
    }
}
