{
    "function": "bin.xgboost_.main",
    "gpus": [
        "NVIDIA RTX 6000 Ada Generation"
    ],
    "config": {
        "seed": 0,
        "data": {
            "seed": 0,
            "num_policy": "quantile",
            "cache": true,
            "cat_policy": "one-hot",
            "y_policy": null,
            "path": ":data/TabZilla-OpenML-dresses-sales-tid=125920-fold=1"
        },
        "model": {
            "booster": "gbtree",
            "early_stopping_rounds": 200,
            "n_estimators": 4000,
            "n_jobs": 1,
            "tree_method": "gpu_hist",
            "use_label_encoder": false,
            "colsample_byree": 0.7744067519636624,
            "gamma": 0,
            "lambda": 0.0,
            "learning_rate": 0.08663279761354557,
            "max_depth": 8,
            "min_child_weight": 22.420123713724433,
            "subsample": 0.9818313802505146
        },
        "fit": {
            "verbose": true
        },
        "neighbors": null
    },
    "prediction_type": "probs",
    "time": "0:00:00.141532",
    "best_iteration": 51,
    "metrics": {
        "train": {
            "0": {
                "precision": 0.6472491909385113,
                "recall": 0.8620689655172413,
                "f1-score": 0.7393715341959335,
                "support": 232.0
            },
            "1": {
                "precision": 0.6483516483516484,
                "recall": 0.35119047619047616,
                "f1-score": 0.4555984555984556,
                "support": 168.0
            },
            "accuracy": 0.6475,
            "macro avg": {
                "precision": 0.6478004196450798,
                "recall": 0.6066297208538587,
                "f1-score": 0.5974849948971945,
                "support": 400.0
            },
            "weighted avg": {
                "precision": 0.6477122230520288,
                "recall": 0.6475,
                "f1-score": 0.6201868411849928,
                "support": 400.0
            },
            "cross-entropy": 0.6343273805355671,
            "roc-auc": 0.6826636904761904,
            "f1-weighted": 0.6201868411849928,
            "f1-macro": 0.5974849948971945,
            "f1-micro": 0.6475,
            "score": 0.6475
        },
        "val": {
            "0": {
                "precision": 0.65,
                "recall": 0.896551724137931,
                "f1-score": 0.7536231884057971,
                "support": 29.0
            },
            "1": {
                "precision": 0.7,
                "recall": 0.3333333333333333,
                "f1-score": 0.45161290322580644,
                "support": 21.0
            },
            "accuracy": 0.66,
            "macro avg": {
                "precision": 0.675,
                "recall": 0.6149425287356322,
                "f1-score": 0.6026180458158018,
                "support": 50.0
            },
            "weighted avg": {
                "precision": 0.6709999999999999,
                "recall": 0.66,
                "f1-score": 0.626778868630201,
                "support": 50.0
            },
            "cross-entropy": 0.649519339221158,
            "roc-auc": 0.6486042692939245,
            "f1-weighted": 0.626778868630201,
            "f1-macro": 0.6026180458158018,
            "f1-micro": 0.66,
            "score": 0.66
        },
        "test": {
            "0": {
                "precision": 0.7222222222222222,
                "recall": 0.896551724137931,
                "f1-score": 0.8,
                "support": 29.0
            },
            "1": {
                "precision": 0.7857142857142857,
                "recall": 0.5238095238095238,
                "f1-score": 0.6285714285714286,
                "support": 21.0
            },
            "accuracy": 0.74,
            "macro avg": {
                "precision": 0.753968253968254,
                "recall": 0.7101806239737274,
                "f1-score": 0.7142857142857143,
                "support": 50.0
            },
            "weighted avg": {
                "precision": 0.7488888888888888,
                "recall": 0.74,
                "f1-score": 0.7280000000000001,
                "support": 50.0
            },
            "cross-entropy": 0.599372094337794,
            "roc-auc": 0.7495894909688013,
            "f1-weighted": 0.7280000000000001,
            "f1-macro": 0.7142857142857143,
            "f1-micro": 0.74,
            "score": 0.74
        }
    }
}
