{
    "function": "bin.ffn.main",
    "gpus": [
        "NVIDIA RTX 6000 Ada Generation"
    ],
    "config": {
        "seed": 0,
        "batch_size": 256,
        "patience": 16,
        "n_epochs": Infinity,
        "data": {
            "seed": 0,
            "cache": true,
            "num_policy": "quantile",
            "cat_policy": "ordinal",
            "y_policy": "standard",
            "path": ":data/CTR23-OpenML-tid=361261-ctr23_361261-fold=1-seed=0"
        },
        "optimizer": {
            "type": "AdamW",
            "lr": 8.374496868436811e-05,
            "weight_decay": 0.0
        },
        "model": {
            "backbone": {
                "type": "MLP",
                "n_blocks": 4,
                "d_layer": 201,
                "dropout": 0.0,
                "activation": "ReLU"
            },
            "num_embeddings": {
                "type": "PLREmbeddings",
                "n_frequencies": 49,
                "frequency_scale": 0.11434638743472199,
                "d_embedding": 53,
                "lite": true
            }
        }
    },
    "n_parameters": 150267,
    "prediction_type": null,
    "best_epoch": 10,
    "metrics": {
        "train": {
            "rmse": 381.749828962787,
            "mae": 223.41178019933068,
            "r2": 0.29192137718200684,
            "corr": 0.5403089823315922,
            "score": -381.749828962787
        },
        "val": {
            "rmse": 358.8272467991045,
            "mae": 220.18395650053753,
            "r2": 0.3188444972038269,
            "corr": 0.5647645735686297,
            "score": -358.8272467991045
        },
        "test": {
            "rmse": 409.83004419345355,
            "mae": 226.16049642218604,
            "r2": 0.2685840129852295,
            "corr": 0.5183739256107301,
            "score": -409.83004419345355
        }
    },
    "time": "0:00:05.348670",
    "chunk_size": null,
    "eval_batch_size": 32768
}
