{
    "function": "bin.ensemble.main",
    "config": {
        "seeds": [
            0
        ]
    },
    "single_model_function": "bin.lightgbm_.main",
    "data": ":data/CTR23-OpenML-tid=361618-ctr23_361618-fold=0-seed=0",
    "prediction_type": null,
    "metrics": {
        "train": {
            "rmse": 17.293423533816753,
            "mae": 10.084781623000117,
            "r2": 0.6450888585078298,
            "corr": 0.8341899110897831,
            "score": -17.293423533816753
        },
        "val": {
            "rmse": 82.56039233566224,
            "mae": 23.727864973189035,
            "r2": 0.052347980638506986,
            "corr": 0.2755289187163538,
            "score": -82.56039233566224
        },
        "test": {
            "rmse": 151.04785658493086,
            "mae": 40.22757519268487,
            "r2": 0.002146626663962592,
            "corr": 0.12654871092574235,
            "score": -151.04785658493086
        }
    }
}
