{
    "function": "bin.tabr_scaling.main",
    "gpus": [
        "NVIDIA RTX 6000 Ada Generation"
    ],
    "config": {
        "seed": 0,
        "batch_size": 256,
        "patience": 16,
        "n_epochs": Infinity,
        "context_size": 96,
        "data": {
            "seed": 0,
            "cache": true,
            "num_policy": "quantile",
            "cat_policy": null,
            "path": ":data/TabZilla-OpenML-spambase-43",
            "y_policy": null
        },
        "model": {
            "num_embeddings": null,
            "d_main": 156,
            "context_dropout": 0.09678571073099775,
            "d_multiplier": 2.0,
            "encoder_n_blocks": 0,
            "predictor_n_blocks": 1,
            "mixer_normalization": "auto",
            "dropout0": 0.39186499527923907,
            "dropout1": 0.0,
            "normalization": "LayerNorm",
            "activation": "ReLU"
        },
        "optimizer": {
            "type": "AdamW",
            "lr": 3.210577849550394e-05,
            "weight_decay": 0.0
        }
    },
    "n_parameters": 230101,
    "prediction_type": "logits",
    "best_epoch": 31,
    "metrics": {
        "train": {
            "0": {
                "precision": 0.9702222222222222,
                "recall": 0.9784849843119677,
                "f1-score": 0.9743360856951573,
                "support": 2231.0
            },
            "1": {
                "precision": 0.9664335664335665,
                "recall": 0.9537612146307799,
                "f1-score": 0.9600555748523792,
                "support": 1449.0
            },
            "accuracy": 0.96875,
            "macro avg": {
                "precision": 0.9683278943278943,
                "recall": 0.9661230994713739,
                "f1-score": 0.9671958302737682,
                "support": 3680.0
            },
            "weighted avg": {
                "precision": 0.968730439005439,
                "recall": 0.96875,
                "f1-score": 0.9687131345508135,
                "support": 3680.0
            },
            "cross-entropy": 0.11368160446478061,
            "roc-auc": 0.98794575092979,
            "score": 0.96875
        },
        "val": {
            "0": {
                "precision": 0.9786476868327402,
                "recall": 0.9892086330935251,
                "f1-score": 0.9838998211091234,
                "support": 278.0
            },
            "1": {
                "precision": 0.9832402234636871,
                "recall": 0.967032967032967,
                "f1-score": 0.9750692520775623,
                "support": 182.0
            },
            "accuracy": 0.9804347826086957,
            "macro avg": {
                "precision": 0.9809439551482136,
                "recall": 0.9781208000632461,
                "f1-score": 0.9794845365933429,
                "support": 460.0
            },
            "weighted avg": {
                "precision": 0.9804647339345496,
                "recall": 0.9804347826086957,
                "f1-score": 0.980405987274897,
                "support": 460.0
            },
            "cross-entropy": 0.0897297649356239,
            "roc-auc": 0.9941299707486758,
            "score": 0.9804347826086957
        },
        "test": {
            "0": {
                "precision": 0.9312714776632303,
                "recall": 0.9713261648745519,
                "f1-score": 0.9508771929824561,
                "support": 279.0
            },
            "1": {
                "precision": 0.9529411764705882,
                "recall": 0.8901098901098901,
                "f1-score": 0.9204545454545454,
                "support": 182.0
            },
            "accuracy": 0.9392624728850325,
            "macro avg": {
                "precision": 0.9421063270669092,
                "recall": 0.930718027492221,
                "f1-score": 0.9356658692185007,
                "support": 461.0
            },
            "weighted avg": {
                "precision": 0.9398265431359832,
                "recall": 0.9392624728850325,
                "f1-score": 0.9388665165180748,
                "support": 461.0
            },
            "cross-entropy": 0.1782217731534681,
            "roc-auc": 0.9834180156760801,
            "score": 0.9392624728850325
        }
    },
    "time": "0:00:03.203846",
    "chunk_size": null,
    "eval_batch_size": 32768
}
