{
    "function": "bin.tabr_scaling.main",
    "gpus": [
        "NVIDIA RTX 6000 Ada Generation"
    ],
    "config": {
        "seed": 0,
        "batch_size": 256,
        "patience": 16,
        "n_epochs": Infinity,
        "context_size": 96,
        "data": {
            "seed": 0,
            "cache": true,
            "num_policy": "quantile",
            "cat_policy": null,
            "path": ":data/TabZilla-OpenML-spambase-tid=43-fold=0",
            "y_policy": null
        },
        "optimizer": {
            "type": "AdamW",
            "lr": 0.00013816356822574785,
            "weight_decay": 1.5998881492631499e-06
        },
        "model": {
            "num_embeddings": null,
            "d_main": 156,
            "context_dropout": 0.09678571073099775,
            "d_multiplier": 2.0,
            "encoder_n_blocks": 0,
            "predictor_n_blocks": 1,
            "mixer_normalization": "auto",
            "dropout0": 0.39186499527923907,
            "dropout1": 0.0,
            "normalization": "LayerNorm",
            "activation": "ReLU"
        }
    },
    "n_parameters": 230101,
    "prediction_type": "logits",
    "best_epoch": 6,
    "metrics": {
        "train": {
            "0": {
                "precision": 0.9667405764966741,
                "recall": 0.9771402958314657,
                "f1-score": 0.9719126170307624,
                "support": 2231.0
            },
            "1": {
                "precision": 0.9642105263157895,
                "recall": 0.94824016563147,
                "f1-score": 0.9561586638830898,
                "support": 1449.0
            },
            "accuracy": 0.9657608695652173,
            "macro avg": {
                "precision": 0.9654755514062319,
                "recall": 0.9626902307314678,
                "f1-score": 0.9640356404569261,
                "support": 3680.0
            },
            "weighted avg": {
                "precision": 0.9657443692379508,
                "recall": 0.9657608695652173,
                "f1-score": 0.9657094979788662,
                "support": 3680.0
            },
            "cross-entropy": 0.12084006504402961,
            "roc-auc": 0.9874112163785345,
            "f1-weighted": 0.9657094979788662,
            "f1-macro": 0.9640356404569261,
            "f1-micro": 0.9657608695652173,
            "score": 0.9657608695652173
        },
        "val": {
            "0": {
                "precision": 0.9786476868327402,
                "recall": 0.9892086330935251,
                "f1-score": 0.9838998211091234,
                "support": 278.0
            },
            "1": {
                "precision": 0.9832402234636871,
                "recall": 0.967032967032967,
                "f1-score": 0.9750692520775623,
                "support": 182.0
            },
            "accuracy": 0.9804347826086957,
            "macro avg": {
                "precision": 0.9809439551482136,
                "recall": 0.9781208000632461,
                "f1-score": 0.9794845365933429,
                "support": 460.0
            },
            "weighted avg": {
                "precision": 0.9804647339345496,
                "recall": 0.9804347826086957,
                "f1-score": 0.980405987274897,
                "support": 460.0
            },
            "cross-entropy": 0.09293201011598028,
            "roc-auc": 0.9934184520515456,
            "f1-weighted": 0.980405987274897,
            "f1-macro": 0.9794845365933429,
            "f1-micro": 0.9804347826086957,
            "score": 0.9804347826086957
        },
        "test": {
            "0": {
                "precision": 0.9312714776632303,
                "recall": 0.9713261648745519,
                "f1-score": 0.9508771929824561,
                "support": 279.0
            },
            "1": {
                "precision": 0.9529411764705882,
                "recall": 0.8901098901098901,
                "f1-score": 0.9204545454545454,
                "support": 182.0
            },
            "accuracy": 0.9392624728850325,
            "macro avg": {
                "precision": 0.9421063270669092,
                "recall": 0.930718027492221,
                "f1-score": 0.9356658692185007,
                "support": 461.0
            },
            "weighted avg": {
                "precision": 0.9398265431359832,
                "recall": 0.9392624728850325,
                "f1-score": 0.9388665165180748,
                "support": 461.0
            },
            "cross-entropy": 0.18335876798537368,
            "roc-auc": 0.9830241443144669,
            "f1-weighted": 0.9388665165180748,
            "f1-macro": 0.9356658692185007,
            "f1-micro": 0.9392624728850325,
            "score": 0.9392624728850325
        }
    },
    "time": "0:00:02.693261",
    "chunk_size": null,
    "eval_batch_size": 32768
}
