{
    "function": "bin.ensemble.main",
    "config": {
        "seeds": [
            0
        ]
    },
    "single_model_function": "bin.catboost_.main",
    "data": ":data/CTR23-OpenML-tid=361259-ctr23_361259-seed=0",
    "prediction_type": null,
    "metrics": {
        "train": {
            "rmse": 0.012001287838213295,
            "mae": 0.009466206922588016,
            "r2": 0.8874637448751683,
            "corr": 0.9489769894480306,
            "score": -0.012001287838213295
        },
        "val": {
            "rmse": 0.02154567635587952,
            "mae": 0.017169655792286395,
            "r2": 0.6559863934178369,
            "corr": 0.8119935023199527,
            "score": -0.02154567635587952
        },
        "test": {
            "rmse": 0.020036174444565215,
            "mae": 0.015725463595323785,
            "r2": 0.6918945189595025,
            "corr": 0.8365799373715822,
            "score": -0.020036174444565215
        }
    }
}
