{
    "function": "bin.xgboost_.main",
    "gpus": [
        "NVIDIA RTX 6000 Ada Generation"
    ],
    "config": {
        "seed": 0,
        "data": {
            "seed": 0,
            "num_policy": "quantile",
            "cache": true,
            "cat_policy": null,
            "y_policy": "standard",
            "path": ":data/CTR23-OpenML-tid=361623-ctr23_361623-fold=1-seed=0"
        },
        "model": {
            "booster": "gbtree",
            "early_stopping_rounds": 200,
            "n_estimators": 4000,
            "n_jobs": 1,
            "tree_method": "gpu_hist",
            "use_label_encoder": false,
            "colsample_byree": 0.7941585567768028,
            "gamma": 0,
            "lambda": 0.0,
            "learning_rate": 0.2478223675958974,
            "max_depth": 5,
            "min_child_weight": 52.08947038818605,
            "subsample": 0.8437441381939077
        },
        "fit": {
            "verbose": true
        },
        "neighbors": null
    },
    "prediction_type": null,
    "time": "0:00:00.350034",
    "best_iteration": 200,
    "metrics": {
        "train": {
            "rmse": 0.06858658848860698,
            "mae": 0.049408398265953224,
            "r2": 0.8813847303390503,
            "corr": 0.9401809496923922,
            "score": -0.06858658848860698
        },
        "val": {
            "rmse": 0.1019339499103879,
            "mae": 0.07494557141447089,
            "r2": 0.6971489191055298,
            "corr": 0.8358004635690746,
            "score": -0.1019339499103879
        },
        "test": {
            "rmse": 0.12283823408877746,
            "mae": 0.0892811640190061,
            "r2": 0.6503247022628784,
            "corr": 0.807320459517626,
            "score": -0.12283823408877746
        }
    }
}
