{
    "function": "bin.ensemble.main",
    "config": {
        "seeds": [
            0
        ]
    },
    "single_model_function": "bin.ffn.main",
    "data": ":data/TabZilla-OpenML-madelon-tid=9976-fold=1",
    "prediction_type": "probs",
    "metrics": {
        "train": {
            "0": {
                "precision": 1.0,
                "recall": 1.0,
                "f1-score": 1.0,
                "support": 1040.0
            },
            "1": {
                "precision": 1.0,
                "recall": 1.0,
                "f1-score": 1.0,
                "support": 1040.0
            },
            "accuracy": 1.0,
            "macro avg": {
                "precision": 1.0,
                "recall": 1.0,
                "f1-score": 1.0,
                "support": 2080.0
            },
            "weighted avg": {
                "precision": 1.0,
                "recall": 1.0,
                "f1-score": 1.0,
                "support": 2080.0
            },
            "cross-entropy": 0.014976046467430846,
            "roc-auc": 1.0,
            "f1-weighted": 1.0,
            "f1-macro": 1.0,
            "f1-micro": 1.0,
            "score": 1.0
        },
        "val": {
            "0": {
                "precision": 0.6491228070175439,
                "recall": 0.5692307692307692,
                "f1-score": 0.6065573770491803,
                "support": 130.0
            },
            "1": {
                "precision": 0.6164383561643836,
                "recall": 0.6923076923076923,
                "f1-score": 0.6521739130434783,
                "support": 130.0
            },
            "accuracy": 0.6307692307692307,
            "macro avg": {
                "precision": 0.6327805815909637,
                "recall": 0.6307692307692307,
                "f1-score": 0.6293656450463293,
                "support": 260.0
            },
            "weighted avg": {
                "precision": 0.6327805815909637,
                "recall": 0.6307692307692307,
                "f1-score": 0.6293656450463293,
                "support": 260.0
            },
            "cross-entropy": 1.4287699400217972,
            "roc-auc": 0.6030177514792899,
            "f1-weighted": 0.6293656450463293,
            "f1-macro": 0.6293656450463293,
            "f1-micro": 0.6307692307692307,
            "score": 0.6307692307692307
        },
        "test": {
            "0": {
                "precision": 0.6153846153846154,
                "recall": 0.6153846153846154,
                "f1-score": 0.6153846153846154,
                "support": 130.0
            },
            "1": {
                "precision": 0.6153846153846154,
                "recall": 0.6153846153846154,
                "f1-score": 0.6153846153846154,
                "support": 130.0
            },
            "accuracy": 0.6153846153846154,
            "macro avg": {
                "precision": 0.6153846153846154,
                "recall": 0.6153846153846154,
                "f1-score": 0.6153846153846154,
                "support": 260.0
            },
            "weighted avg": {
                "precision": 0.6153846153846154,
                "recall": 0.6153846153846154,
                "f1-score": 0.6153846153846154,
                "support": 260.0
            },
            "cross-entropy": 1.2123261106751622,
            "roc-auc": 0.6576923076923077,
            "f1-weighted": 0.6153846153846154,
            "f1-macro": 0.6153846153846154,
            "f1-micro": 0.6153846153846154,
            "score": 0.6153846153846154
        }
    }
}
