{
    "function": "bin.ensemble.main",
    "config": {
        "seeds": [
            0
        ]
    },
    "single_model_function": "bin.lightgbm_.main",
    "data": ":data/CTR23-OpenML-tid=361264-ctr23_361264-fold=1-seed=0",
    "prediction_type": null,
    "metrics": {
        "train": {
            "rmse": 26.503131368781457,
            "mae": 11.163496085932183,
            "r2": 0.6475899319898915,
            "corr": 0.8608721569055967,
            "score": -26.503131368781457
        },
        "val": {
            "rmse": 12.01089302502956,
            "mae": 8.139574110676476,
            "r2": 0.7417025320330852,
            "corr": 0.8724745675916745,
            "score": -12.01089302502956
        },
        "test": {
            "rmse": 17.885272714195633,
            "mae": 10.262127474930596,
            "r2": 0.6704126207005463,
            "corr": 0.8562382204722248,
            "score": -17.885272714195633
        }
    }
}
