{
    "function": "bin.ensemble.main",
    "config": {
        "seeds": [
            0
        ]
    },
    "single_model_function": "bin.lightgbm_.main",
    "data": ":data/CTR23-OpenML-tid=361241-ctr23_361241-fold=1-seed=0",
    "prediction_type": null,
    "metrics": {
        "train": {
            "rmse": 0.7074728536663452,
            "mae": 0.46031078323969754,
            "r2": 0.9865925738685596,
            "corr": 0.9940280942918892,
            "score": -0.7074728536663452
        },
        "val": {
            "rmse": 3.4696793347920973,
            "mae": 2.34426000046649,
            "r2": 0.680375431652792,
            "corr": 0.8249806373182529,
            "score": -3.4696793347920973
        },
        "test": {
            "rmse": 3.4057512366419167,
            "mae": 2.2728432438827393,
            "r2": 0.6934822128915794,
            "corr": 0.8331638563250333,
            "score": -3.4057512366419167
        }
    }
}
