{
    "function": "bin.ensemble.main",
    "config": {
        "seeds": [
            0
        ]
    },
    "single_model_function": "bin.ffn.main",
    "data": ":data/TabZilla-OpenML-mfeat-karhunen-tid=16-fold=1",
    "prediction_type": "probs",
    "metrics": {
        "train": {
            "0": {
                "precision": 0.9693251533742331,
                "recall": 0.9875,
                "f1-score": 0.978328173374613,
                "support": 160.0
            },
            "1": {
                "precision": 0.975,
                "recall": 0.975,
                "f1-score": 0.975,
                "support": 160.0
            },
            "2": {
                "precision": 0.9352941176470588,
                "recall": 0.99375,
                "f1-score": 0.9636363636363636,
                "support": 160.0
            },
            "3": {
                "precision": 1.0,
                "recall": 0.98125,
                "f1-score": 0.9905362776025236,
                "support": 160.0
            },
            "4": {
                "precision": 0.9235294117647059,
                "recall": 0.98125,
                "f1-score": 0.9515151515151515,
                "support": 160.0
            },
            "5": {
                "precision": 0.9935897435897436,
                "recall": 0.96875,
                "f1-score": 0.9810126582278481,
                "support": 160.0
            },
            "6": {
                "precision": 0.9868421052631579,
                "recall": 0.9375,
                "f1-score": 0.9615384615384616,
                "support": 160.0
            },
            "7": {
                "precision": 0.9872611464968153,
                "recall": 0.96875,
                "f1-score": 0.9779179810725552,
                "support": 160.0
            },
            "8": {
                "precision": 1.0,
                "recall": 0.98125,
                "f1-score": 0.9905362776025236,
                "support": 160.0
            },
            "9": {
                "precision": 0.9810126582278481,
                "recall": 0.96875,
                "f1-score": 0.9748427672955975,
                "support": 160.0
            },
            "accuracy": 0.974375,
            "macro avg": {
                "precision": 0.9751854336363562,
                "recall": 0.974375,
                "f1-score": 0.9744864111865639,
                "support": 1600.0
            },
            "weighted avg": {
                "precision": 0.9751854336363563,
                "recall": 0.974375,
                "f1-score": 0.9744864111865637,
                "support": 1600.0
            },
            "cross-entropy": 0.10288428833600684,
            "roc-auc": 0.9993446180555556,
            "f1-weighted": 0.9744864111865637,
            "f1-macro": 0.9744864111865639,
            "f1-micro": 0.974375,
            "score": 0.974375
        },
        "val": {
            "0": {
                "precision": 1.0,
                "recall": 1.0,
                "f1-score": 1.0,
                "support": 20.0
            },
            "1": {
                "precision": 0.95,
                "recall": 0.95,
                "f1-score": 0.95,
                "support": 20.0
            },
            "2": {
                "precision": 0.9523809523809523,
                "recall": 1.0,
                "f1-score": 0.975609756097561,
                "support": 20.0
            },
            "3": {
                "precision": 0.9523809523809523,
                "recall": 1.0,
                "f1-score": 0.975609756097561,
                "support": 20.0
            },
            "4": {
                "precision": 0.9523809523809523,
                "recall": 1.0,
                "f1-score": 0.975609756097561,
                "support": 20.0
            },
            "5": {
                "precision": 1.0,
                "recall": 1.0,
                "f1-score": 1.0,
                "support": 20.0
            },
            "6": {
                "precision": 1.0,
                "recall": 0.95,
                "f1-score": 0.9743589743589743,
                "support": 20.0
            },
            "7": {
                "precision": 1.0,
                "recall": 1.0,
                "f1-score": 1.0,
                "support": 20.0
            },
            "8": {
                "precision": 1.0,
                "recall": 0.85,
                "f1-score": 0.918918918918919,
                "support": 20.0
            },
            "9": {
                "precision": 0.9523809523809523,
                "recall": 1.0,
                "f1-score": 0.975609756097561,
                "support": 20.0
            },
            "accuracy": 0.975,
            "macro avg": {
                "precision": 0.9759523809523809,
                "recall": 0.975,
                "f1-score": 0.9745716917668137,
                "support": 200.0
            },
            "weighted avg": {
                "precision": 0.975952380952381,
                "recall": 0.975,
                "f1-score": 0.9745716917668138,
                "support": 200.0
            },
            "cross-entropy": 0.12569585024561497,
            "roc-auc": 0.9993055555555557,
            "f1-weighted": 0.9745716917668138,
            "f1-macro": 0.9745716917668137,
            "f1-micro": 0.975,
            "score": 0.975
        },
        "test": {
            "0": {
                "precision": 0.9523809523809523,
                "recall": 1.0,
                "f1-score": 0.975609756097561,
                "support": 20.0
            },
            "1": {
                "precision": 1.0,
                "recall": 0.95,
                "f1-score": 0.9743589743589743,
                "support": 20.0
            },
            "2": {
                "precision": 0.8636363636363636,
                "recall": 0.95,
                "f1-score": 0.9047619047619048,
                "support": 20.0
            },
            "3": {
                "precision": 1.0,
                "recall": 0.95,
                "f1-score": 0.9743589743589743,
                "support": 20.0
            },
            "4": {
                "precision": 0.9090909090909091,
                "recall": 1.0,
                "f1-score": 0.9523809523809523,
                "support": 20.0
            },
            "5": {
                "precision": 1.0,
                "recall": 0.85,
                "f1-score": 0.918918918918919,
                "support": 20.0
            },
            "6": {
                "precision": 0.9047619047619048,
                "recall": 0.95,
                "f1-score": 0.926829268292683,
                "support": 20.0
            },
            "7": {
                "precision": 1.0,
                "recall": 0.95,
                "f1-score": 0.9743589743589743,
                "support": 20.0
            },
            "8": {
                "precision": 1.0,
                "recall": 1.0,
                "f1-score": 1.0,
                "support": 20.0
            },
            "9": {
                "precision": 1.0,
                "recall": 1.0,
                "f1-score": 1.0,
                "support": 20.0
            },
            "accuracy": 0.96,
            "macro avg": {
                "precision": 0.962987012987013,
                "recall": 0.96,
                "f1-score": 0.9601577723528945,
                "support": 200.0
            },
            "weighted avg": {
                "precision": 0.9629870129870131,
                "recall": 0.96,
                "f1-score": 0.9601577723528942,
                "support": 200.0
            },
            "cross-entropy": 0.16719390042758822,
            "roc-auc": 0.9988333333333332,
            "f1-weighted": 0.9601577723528942,
            "f1-macro": 0.9601577723528945,
            "f1-micro": 0.96,
            "score": 0.96
        }
    }
}
