{
    "function": "bin.ensemble.main",
    "config": {
        "seeds": [
            0
        ]
    },
    "single_model_function": "bin.tabr.main",
    "data": ":data/TabZilla-OpenML-climate-model-simulation-crashes-tid=146819-fold=1",
    "prediction_type": "probs",
    "metrics": {
        "train": {
            "0": {
                "precision": 0.8095238095238095,
                "recall": 0.4473684210526316,
                "f1-score": 0.576271186440678,
                "support": 38.0
            },
            "1": {
                "precision": 0.948905109489051,
                "recall": 0.9898477157360406,
                "f1-score": 0.968944099378882,
                "support": 394.0
            },
            "accuracy": 0.9421296296296297,
            "macro avg": {
                "precision": 0.8792144595064303,
                "recall": 0.7186080683943361,
                "f1-score": 0.77260764290978,
                "support": 432.0
            },
            "weighted avg": {
                "precision": 0.9366447173624789,
                "recall": 0.9421296296296297,
                "f1-score": 0.93440342648154,
                "support": 432.0
            },
            "cross-entropy": 0.15449895883368714,
            "roc-auc": 0.9619957253539941,
            "f1-weighted": 0.93440342648154,
            "f1-macro": 0.77260764290978,
            "f1-micro": 0.9421296296296297,
            "score": 0.9421296296296297
        },
        "val": {
            "0": {
                "precision": 1.0,
                "recall": 0.5,
                "f1-score": 0.6666666666666666,
                "support": 4.0
            },
            "1": {
                "precision": 0.9615384615384616,
                "recall": 1.0,
                "f1-score": 0.9803921568627451,
                "support": 50.0
            },
            "accuracy": 0.9629629629629629,
            "macro avg": {
                "precision": 0.9807692307692308,
                "recall": 0.75,
                "f1-score": 0.8235294117647058,
                "support": 54.0
            },
            "weighted avg": {
                "precision": 0.9643874643874645,
                "recall": 0.9629629629629629,
                "f1-score": 0.9571532316630355,
                "support": 54.0
            },
            "cross-entropy": 0.19867418111508042,
            "roc-auc": 0.7050000000000001,
            "f1-weighted": 0.9571532316630355,
            "f1-macro": 0.8235294117647058,
            "f1-micro": 0.9629629629629629,
            "score": 0.9629629629629629
        },
        "test": {
            "0": {
                "precision": 0.5,
                "recall": 0.5,
                "f1-score": 0.5,
                "support": 4.0
            },
            "1": {
                "precision": 0.96,
                "recall": 0.96,
                "f1-score": 0.96,
                "support": 50.0
            },
            "accuracy": 0.9259259259259259,
            "macro avg": {
                "precision": 0.73,
                "recall": 0.73,
                "f1-score": 0.73,
                "support": 54.0
            },
            "weighted avg": {
                "precision": 0.9259259259259259,
                "recall": 0.9259259259259259,
                "f1-score": 0.9259259259259259,
                "support": 54.0
            },
            "cross-entropy": 0.17395924655031947,
            "roc-auc": 0.945,
            "f1-weighted": 0.9259259259259259,
            "f1-macro": 0.73,
            "f1-micro": 0.9259259259259259,
            "score": 0.9259259259259259
        }
    }
}
