{
    "function": "bin.ensemble.main",
    "config": {
        "seeds": [
            0
        ]
    },
    "single_model_function": "bin.ffn.main",
    "data": ":data/CTR23-OpenML-tid=361268-ctr23_361268-fold=1-seed=0",
    "prediction_type": null,
    "metrics": {
        "train": {
            "rmse": 0.27033132320930375,
            "mae": 0.20134269122077697,
            "r2": 0.9999756813049316,
            "corr": 0.9999880992614371,
            "score": -0.27033132320930375
        },
        "val": {
            "rmse": 0.33634354765795377,
            "mae": 0.2318098644254576,
            "r2": 0.9999618530273438,
            "corr": 0.9999813337865986,
            "score": -0.33634354765795377
        },
        "test": {
            "rmse": 0.32010224799599934,
            "mae": 0.2269031814073692,
            "r2": 0.99996417760849,
            "corr": 0.9999824216840134,
            "score": -0.32010224799599934
        }
    }
}
