{
    "function": "bin.ensemble.main",
    "config": {
        "seeds": [
            0
        ]
    },
    "single_model_function": "bin.catboost_.main",
    "data": ":data/CTR23-OpenML-tid=361247-ctr23_361247-seed=0",
    "prediction_type": null,
    "metrics": {
        "train": {
            "rmse": 0.00027040666567164123,
            "mae": 0.00021192099898571093,
            "r2": 0.9996603166290967,
            "corr": 0.999830155947306,
            "score": -0.00027040666567164123
        },
        "val": {
            "rmse": 0.0007664721696077772,
            "mae": 0.000509154662450243,
            "r2": 0.9973679585587416,
            "corr": 0.9986846616101636,
            "score": -0.0007664721696077772
        },
        "test": {
            "rmse": 0.0006768829414955051,
            "mae": 0.0004770483037266682,
            "r2": 0.9978899347286824,
            "corr": 0.9989476591870455,
            "score": -0.0006768829414955051
        }
    }
}
