{
    "function": "bin.ensemble.main",
    "config": {
        "seeds": [
            0
        ]
    },
    "single_model_function": "bin.tabr.main",
    "data": ":data/CTR23-OpenML-tid=361251-ctr23_361251-fold=1-seed=0",
    "prediction_type": null,
    "metrics": {
        "train": {
            "rmse": 0.0038852752348565544,
            "mae": 0.002624995774077765,
            "r2": 0.9890039563179016,
            "corr": 0.9944871389221606,
            "score": -0.0038852752348565544
        },
        "val": {
            "rmse": 0.006186550687635831,
            "mae": 0.004003646777496206,
            "r2": 0.9708425998687744,
            "corr": 0.9853975746102852,
            "score": -0.006186550687635831
        },
        "test": {
            "rmse": 0.006188588030683992,
            "mae": 0.003984276082986127,
            "r2": 0.9717106819152832,
            "corr": 0.9859949120505727,
            "score": -0.006188588030683992
        }
    }
}
