{
    "function": "bin.ensemble.main",
    "config": {
        "seeds": [
            0
        ]
    },
    "single_model_function": "bin.ffn.main",
    "data": ":data/CTR23-OpenML-tid=361622-ctr23_361622-fold=1-seed=0",
    "prediction_type": null,
    "metrics": {
        "train": {
            "rmse": 1764.4225049654976,
            "mae": 1229.7537199046928,
            "r2": 0.9676066637039185,
            "corr": 0.9837344332188773,
            "score": -1764.4225049654976
        },
        "val": {
            "rmse": 1972.2999661495678,
            "mae": 1330.3661418741103,
            "r2": 0.965181827545166,
            "corr": 0.9827369384121807,
            "score": -1972.2999661495678
        },
        "test": {
            "rmse": 2204.518611623576,
            "mae": 1461.7165818437934,
            "r2": 0.9442628026008606,
            "corr": 0.9720037305983443,
            "score": -2204.518611623576
        }
    }
}
