{
    "function": "bin.catboost_.main",
    "gpus": [
        "NVIDIA RTX 6000 Ada Generation",
        "NVIDIA RTX 6000 Ada Generation"
    ],
    "config": {
        "seed": 0,
        "data": {
            "seed": 0,
            "num_policy": "quantile",
            "cat_policy": null,
            "y_policy": "standard",
            "cache": true,
            "path": ":data/CTR23-OpenML-tid=361252-ctr23_361252-seed=0"
        },
        "model": {
            "iterations": 4000,
            "early_stopping_rounds": 200,
            "od_pval": 0.001,
            "bagging_temperature": 0.896546595851063,
            "depth": 7,
            "l2_leaf_reg": 4.415062760129706,
            "leaf_estimation_iterations": 9,
            "learning_rate": 0.26216938007596374,
            "task_type": "CPU",
            "thread_count": 4
        },
        "fit": {
            "logging_level": "Verbose"
        }
    },
    "prediction_type": null,
    "time": "0:00:59.179553",
    "best_iteration": 3989,
    "metrics": {
        "train": {
            "rmse": 0.38521344608339114,
            "mae": 0.23276975801996638,
            "r2": 0.9994320532586767,
            "corr": 0.9997160484831038,
            "score": -0.38521344608339114
        },
        "val": {
            "rmse": 0.903795280359024,
            "mae": 0.3479071548982037,
            "r2": 0.99679907086041,
            "corr": 0.9984168646116693,
            "score": -0.903795280359024
        },
        "test": {
            "rmse": 0.7556130467359988,
            "mae": 0.3438941509839357,
            "r2": 0.9977352048080061,
            "corr": 0.998868756586395,
            "score": -0.7556130467359988
        }
    }
}
