{
    "function": "bin.ensemble.main",
    "config": {
        "seeds": [
            0
        ]
    },
    "single_model_function": "bin.tabr_scaling.main",
    "data": ":data/CTR23-OpenML-tid=361269-ctr23_361269-seed=0",
    "prediction_type": null,
    "metrics": {
        "train": {
            "rmse": 14.01641150184898,
            "mae": 10.7761518182798,
            "r2": 0.43819963932037354,
            "corr": 0.6624944347894989,
            "score": -14.01641150184898
        },
        "val": {
            "rmse": 14.451993697337905,
            "mae": 11.07933117735547,
            "r2": 0.3956373333930969,
            "corr": 0.6292864033775355,
            "score": -14.451993697337905
        },
        "test": {
            "rmse": 14.741191266180554,
            "mae": 11.40515510968578,
            "r2": 0.3956168293952942,
            "corr": 0.6289853294332111,
            "score": -14.741191266180554
        }
    }
}
