{
    "function": "bin.ffn.main",
    "gpus": [
        "NVIDIA RTX 6000 Ada Generation"
    ],
    "config": {
        "seed": 0,
        "batch_size": 256,
        "patience": 16,
        "n_epochs": Infinity,
        "data": {
            "seed": 0,
            "cache": true,
            "num_policy": "quantile",
            "cat_policy": null,
            "y_policy": "standard",
            "path": ":data/CTR23-OpenML-tid=361251-ctr23_361251-fold=1-seed=0"
        },
        "optimizer": {
            "type": "AdamW",
            "lr": 0.00037179695110280977,
            "weight_decay": 1.3424883704781802e-06
        },
        "model": {
            "backbone": {
                "type": "MLP",
                "n_blocks": 3,
                "d_layer": 1003,
                "dropout": 0.0,
                "activation": "ReLU"
            },
            "num_embeddings": {
                "type": "PLREmbeddings",
                "n_frequencies": 93,
                "frequency_scale": 0.08449023263251551,
                "d_embedding": 62,
                "lite": true
            }
        }
    },
    "n_parameters": 2774973,
    "prediction_type": null,
    "best_epoch": 13,
    "metrics": {
        "train": {
            "rmse": 0.004371687705675236,
            "mae": 0.002725219311307925,
            "r2": 0.9860783219337463,
            "corr": 0.9930512979673225,
            "score": -0.004371687705675236
        },
        "val": {
            "rmse": 0.005690536146061027,
            "mae": 0.003518506532657284,
            "r2": 0.9753305912017822,
            "corr": 0.987741380584838,
            "score": -0.005690536146061027
        },
        "test": {
            "rmse": 0.005153919381907145,
            "mae": 0.0031658260064852395,
            "r2": 0.9803792834281921,
            "corr": 0.990479647626798,
            "score": -0.005153919381907145
        }
    },
    "time": "0:00:01.758826",
    "chunk_size": null,
    "eval_batch_size": 32768
}
