{
    "function": "bin.ensemble.main",
    "config": {
        "seeds": [
            0
        ]
    },
    "single_model_function": "bin.ffn.main",
    "data": ":data/CTR23-OpenML-tid=361253-ctr23_361253-fold=1-seed=0",
    "prediction_type": null,
    "metrics": {
        "train": {
            "rmse": 613.4111430375309,
            "mae": 466.21167744671766,
            "r2": 0.999970018863678,
            "corr": 0.9999852274951772,
            "score": -613.4111430375309
        },
        "val": {
            "rmse": 759.623454909621,
            "mae": 541.0807427211876,
            "r2": 0.9999549388885498,
            "corr": 0.9999776133360928,
            "score": -759.623454909621
        },
        "test": {
            "rmse": 933.2389193143543,
            "mae": 545.4780681349257,
            "r2": 0.9999302625656128,
            "corr": 0.9999652986264786,
            "score": -933.2389193143543
        }
    }
}
