{
    "function": "bin.catboost_.main",
    "gpus": [
        "NVIDIA RTX 6000 Ada Generation",
        "NVIDIA RTX 6000 Ada Generation"
    ],
    "config": {
        "seed": 0,
        "data": {
            "seed": 0,
            "num_policy": "quantile",
            "cat_policy": null,
            "y_policy": null,
            "cache": true,
            "path": ":data/TabZilla-OpenML-cylinder-bands-tid=14954-fold=0"
        },
        "model": {
            "iterations": 4000,
            "early_stopping_rounds": 200,
            "od_pval": 0.001,
            "bagging_temperature": 0.6176354970758771,
            "depth": 10,
            "l2_leaf_reg": 6.207646569060094,
            "leaf_estimation_iterations": 10,
            "learning_rate": 0.11103525577197582,
            "task_type": "CPU",
            "thread_count": 4
        },
        "fit": {
            "logging_level": "Verbose"
        }
    },
    "prediction_type": "probs",
    "time": "0:00:12.952177",
    "best_iteration": 56,
    "metrics": {
        "train": {
            "0": {
                "precision": 0.9428571428571428,
                "recall": 0.9065934065934066,
                "f1-score": 0.9243697478991597,
                "support": 182.0
            },
            "1": {
                "precision": 0.933852140077821,
                "recall": 0.96,
                "f1-score": 0.9467455621301775,
                "support": 250.0
            },
            "accuracy": 0.9375,
            "macro avg": {
                "precision": 0.9383546414674819,
                "recall": 0.9332967032967032,
                "f1-score": 0.9355576550146686,
                "support": 432.0
            },
            "weighted avg": {
                "precision": 0.9376459143968872,
                "recall": 0.9375,
                "f1-score": 0.9373187144680357,
                "support": 432.0
            },
            "cross-entropy": 0.2764302252158124,
            "roc-auc": 0.9850329670329672,
            "f1-weighted": 0.9373187144680357,
            "f1-macro": 0.9355576550146686,
            "f1-micro": 0.9375,
            "score": 0.9375
        },
        "val": {
            "0": {
                "precision": 0.9473684210526315,
                "recall": 0.782608695652174,
                "f1-score": 0.8571428571428571,
                "support": 23.0
            },
            "1": {
                "precision": 0.8571428571428571,
                "recall": 0.967741935483871,
                "f1-score": 0.9090909090909091,
                "support": 31.0
            },
            "accuracy": 0.8888888888888888,
            "macro avg": {
                "precision": 0.9022556390977443,
                "recall": 0.8751753155680224,
                "f1-score": 0.8831168831168831,
                "support": 54.0
            },
            "weighted avg": {
                "precision": 0.8955722639933165,
                "recall": 0.8888888888888888,
                "f1-score": 0.886964886964887,
                "support": 54.0
            },
            "cross-entropy": 0.3916297308859846,
            "roc-auc": 0.9410939691444601,
            "f1-weighted": 0.886964886964887,
            "f1-macro": 0.8831168831168831,
            "f1-micro": 0.8888888888888888,
            "score": 0.8888888888888888
        },
        "test": {
            "0": {
                "precision": 0.8888888888888888,
                "recall": 0.6956521739130435,
                "f1-score": 0.7804878048780488,
                "support": 23.0
            },
            "1": {
                "precision": 0.8055555555555556,
                "recall": 0.9354838709677419,
                "f1-score": 0.8656716417910447,
                "support": 31.0
            },
            "accuracy": 0.8333333333333334,
            "macro avg": {
                "precision": 0.8472222222222222,
                "recall": 0.8155680224403927,
                "f1-score": 0.8230797233345468,
                "support": 54.0
            },
            "weighted avg": {
                "precision": 0.8410493827160493,
                "recall": 0.8333333333333334,
                "f1-score": 0.829389637179954,
                "support": 54.0
            },
            "cross-entropy": 0.42012221578417264,
            "roc-auc": 0.8849929873772792,
            "f1-weighted": 0.829389637179954,
            "f1-macro": 0.8230797233345468,
            "f1-micro": 0.8333333333333334,
            "score": 0.8333333333333334
        }
    }
}
