{
    "function": "bin.ensemble.main",
    "config": {
        "seeds": [
            0
        ]
    },
    "single_model_function": "bin.lightgbm_.main",
    "data": ":data/CTR23-OpenML-tid=361622-ctr23_361622-fold=0-seed=0",
    "prediction_type": null,
    "metrics": {
        "train": {
            "rmse": 1670.2902257227001,
            "mae": 1228.6069076742726,
            "r2": 0.9702942021990091,
            "corr": 0.9850530247827867,
            "score": -1670.2902257227001
        },
        "val": {
            "rmse": 2161.41947291491,
            "mae": 1523.6146076972052,
            "r2": 0.9485076884632195,
            "corr": 0.9759010579623356,
            "score": -2161.41947291491
        },
        "test": {
            "rmse": 2355.9190529835478,
            "mae": 1767.4908286102054,
            "r2": 0.9570504524479292,
            "corr": 0.9795612968944258,
            "score": -2355.9190529835478
        }
    }
}
