{
    "function": "bin.ensemble.main",
    "config": {
        "seeds": [
            0
        ]
    },
    "single_model_function": "bin.lightgbm_.main",
    "data": ":data/CTR23-OpenML-tid=361260-ctr23_361260-fold=1-seed=0",
    "prediction_type": null,
    "metrics": {
        "train": {
            "rmse": 24037.662693565904,
            "mae": 17156.714759663493,
            "r2": 0.9943106294755107,
            "corr": 0.9971736225968607,
            "score": -24037.662693565904
        },
        "val": {
            "rmse": 80332.45051102957,
            "mae": 39639.52222740832,
            "r2": 0.9361887105263577,
            "corr": 0.9675849134440837,
            "score": -80332.45051102957
        },
        "test": {
            "rmse": 94703.0665110885,
            "mae": 44517.9463982857,
            "r2": 0.9032713400709158,
            "corr": 0.950481658410071,
            "score": -94703.0665110885
        }
    }
}
