{
    "function": "bin.ensemble.main",
    "config": {
        "seeds": [
            0
        ]
    },
    "single_model_function": "bin.ffn.main",
    "data": ":data/TabZilla-OpenML-nomao-tid=9977-fold=0",
    "prediction_type": "probs",
    "metrics": {
        "train": {
            "0": {
                "precision": 0.9977166053532919,
                "recall": 0.9987301587301587,
                "f1-score": 0.9982231247620257,
                "support": 7875.0
            },
            "1": {
                "precision": 0.9994920763917107,
                "recall": 0.9990861088545898,
                "f1-score": 0.999289051391428,
                "support": 19696.0
            },
            "accuracy": 0.9989844401726452,
            "macro avg": {
                "precision": 0.9986043408725013,
                "recall": 0.9989081337923742,
                "f1-score": 0.9987560880767268,
                "support": 27571.0
            },
            "weighted avg": {
                "precision": 0.9989849553432341,
                "recall": 0.9989844401726452,
                "f1-score": 0.9989845948172542,
                "support": 27571.0
            },
            "cross-entropy": 0.003883857518446082,
            "roc-auc": 0.9999894975049322,
            "f1-weighted": 0.9989845948172542,
            "f1-macro": 0.9987560880767268,
            "f1-micro": 0.9989844401726452,
            "score": 0.9989844401726452
        },
        "val": {
            "0": {
                "precision": 0.943,
                "recall": 0.9573604060913705,
                "f1-score": 0.9501259445843828,
                "support": 985.0
            },
            "1": {
                "precision": 0.9828361258684103,
                "recall": 0.9768480909829407,
                "f1-score": 0.9798329598696273,
                "support": 2462.0
            },
            "accuracy": 0.9712793733681462,
            "macro avg": {
                "precision": 0.9629180629342051,
                "recall": 0.9671042485371556,
                "f1-score": 0.964979452227005,
                "support": 3447.0
            },
            "weighted avg": {
                "precision": 0.9714527246556501,
                "recall": 0.9712793733681462,
                "f1-score": 0.971344010041961,
                "support": 3447.0
            },
            "cross-entropy": 0.1569341943424289,
            "roc-auc": 0.9932587512937772,
            "f1-weighted": 0.971344010041961,
            "f1-macro": 0.964979452227005,
            "f1-micro": 0.9712793733681462,
            "score": 0.9712793733681462
        },
        "test": {
            "0": {
                "precision": 0.9408163265306122,
                "recall": 0.9369918699186992,
                "f1-score": 0.9389002036659878,
                "support": 984.0
            },
            "1": {
                "precision": 0.9748682610458046,
                "recall": 0.9764514819326026,
                "f1-score": 0.9756592292089249,
                "support": 2463.0
            },
            "accuracy": 0.9651871192341166,
            "macro avg": {
                "precision": 0.9578422937882084,
                "recall": 0.9567216759256509,
                "f1-score": 0.9572797164374564,
                "support": 3447.0
            },
            "weighted avg": {
                "precision": 0.9651476043695791,
                "recall": 0.9651871192341166,
                "f1-score": 0.965165791107895,
                "support": 3447.0
            },
            "cross-entropy": 0.17710251966884558,
            "roc-auc": 0.9917632588323447,
            "f1-weighted": 0.965165791107895,
            "f1-macro": 0.9572797164374564,
            "f1-micro": 0.9651871192341166,
            "score": 0.9651871192341166
        }
    }
}
