{
    "function": "bin.ffn.main",
    "gpus": [
        "NVIDIA RTX 6000 Ada Generation"
    ],
    "config": {
        "seed": 0,
        "batch_size": 256,
        "patience": 16,
        "n_epochs": Infinity,
        "data": {
            "seed": 0,
            "cache": true,
            "num_policy": "quantile",
            "cat_policy": null,
            "y_policy": null,
            "path": ":data/TabZilla-OpenML-vehicle-tid=53-fold=0"
        },
        "optimizer": {
            "type": "AdamW",
            "lr": 0.0004548624208721939,
            "weight_decay": 3.4674958213764543e-06
        },
        "model": {
            "backbone": {
                "type": "MLP",
                "n_blocks": 5,
                "d_layer": 988,
                "dropout": 0.2960209656359195,
                "activation": "ReLU"
            },
            "num_embeddings": {
                "type": "PLREmbeddings",
                "n_frequencies": 62,
                "frequency_scale": 0.07804166575000096,
                "d_embedding": 62,
                "lite": true
            }
        }
    },
    "n_parameters": 5024946,
    "prediction_type": "logits",
    "best_epoch": 56,
    "metrics": {
        "train": {
            "0": {
                "precision": 1.0,
                "recall": 1.0,
                "f1-score": 1.0,
                "support": 174.0
            },
            "1": {
                "precision": 0.8186813186813187,
                "recall": 0.8764705882352941,
                "f1-score": 0.8465909090909091,
                "support": 170.0
            },
            "2": {
                "precision": 0.8695652173913043,
                "recall": 0.8092485549132948,
                "f1-score": 0.8383233532934131,
                "support": 173.0
            },
            "3": {
                "precision": 1.0,
                "recall": 1.0,
                "f1-score": 1.0,
                "support": 159.0
            },
            "accuracy": 0.9201183431952663,
            "macro avg": {
                "precision": 0.9220616340181558,
                "recall": 0.9214297857871472,
                "f1-score": 0.9212285655960806,
                "support": 676.0
            },
            "weighted avg": {
                "precision": 0.9210216076694081,
                "recall": 0.9201183431952663,
                "f1-score": 0.9200449625225073,
                "support": 676.0
            },
            "cross-entropy": 0.17153955215178923,
            "roc-auc": 0.9890299031510893,
            "f1-weighted": 0.9200449625225073,
            "f1-macro": 0.9212285655960806,
            "f1-micro": 0.9201183431952663,
            "score": 0.9201183431952663
        },
        "val": {
            "0": {
                "precision": 1.0,
                "recall": 1.0,
                "f1-score": 1.0,
                "support": 22.0
            },
            "1": {
                "precision": 0.68,
                "recall": 0.8095238095238095,
                "f1-score": 0.7391304347826086,
                "support": 21.0
            },
            "2": {
                "precision": 0.7647058823529411,
                "recall": 0.5909090909090909,
                "f1-score": 0.6666666666666666,
                "support": 22.0
            },
            "3": {
                "precision": 0.9523809523809523,
                "recall": 1.0,
                "f1-score": 0.975609756097561,
                "support": 20.0
            },
            "accuracy": 0.8470588235294118,
            "macro avg": {
                "precision": 0.8492717086834733,
                "recall": 0.8501082251082251,
                "f1-score": 0.8453517143867091,
                "support": 85.0
            },
            "weighted avg": {
                "precision": 0.8488370406986323,
                "recall": 0.8470588235294118,
                "f1-score": 0.8435364814006195,
                "support": 85.0
            },
            "cross-entropy": 0.4223935971172934,
            "roc-auc": 0.9489694018103109,
            "f1-weighted": 0.8435364814006195,
            "f1-macro": 0.8453517143867091,
            "f1-micro": 0.8470588235294118,
            "score": 0.8470588235294118
        },
        "test": {
            "0": {
                "precision": 1.0,
                "recall": 1.0,
                "f1-score": 1.0,
                "support": 22.0
            },
            "1": {
                "precision": 0.6,
                "recall": 0.5714285714285714,
                "f1-score": 0.5853658536585366,
                "support": 21.0
            },
            "2": {
                "precision": 0.6363636363636364,
                "recall": 0.6363636363636364,
                "f1-score": 0.6363636363636364,
                "support": 22.0
            },
            "3": {
                "precision": 0.9523809523809523,
                "recall": 1.0,
                "f1-score": 0.975609756097561,
                "support": 20.0
            },
            "accuracy": 0.8,
            "macro avg": {
                "precision": 0.7971861471861472,
                "recall": 0.801948051948052,
                "f1-score": 0.7993348115299335,
                "support": 85.0
            },
            "weighted avg": {
                "precision": 0.7958543417366947,
                "recall": 0.8,
                "f1-score": 0.7977044476327115,
                "support": 85.0
            },
            "cross-entropy": 0.5806912189379808,
            "roc-auc": 0.9415830381739473,
            "f1-weighted": 0.7977044476327115,
            "f1-macro": 0.7993348115299335,
            "f1-micro": 0.8,
            "score": 0.8
        }
    },
    "time": "0:00:02.671764",
    "chunk_size": null,
    "eval_batch_size": 32768
}
