{
    "function": "bin.ffn.main",
    "gpus": [
        "NVIDIA RTX 6000 Ada Generation"
    ],
    "config": {
        "seed": 0,
        "batch_size": 256,
        "patience": 16,
        "n_epochs": Infinity,
        "data": {
            "seed": 0,
            "cache": true,
            "num_policy": "quantile",
            "cat_policy": "ordinal",
            "y_policy": "standard",
            "path": ":data/CTR23-OpenML-tid=361264-ctr23_361264-fold=1-seed=0"
        },
        "optimizer": {
            "type": "AdamW",
            "lr": 0.0009197266687466414,
            "weight_decay": 1.9008376820188854e-05
        },
        "model": {
            "backbone": {
                "type": "MLP",
                "n_blocks": 3,
                "d_layer": 195,
                "dropout": 0.0,
                "activation": "ReLU"
            },
            "num_embeddings": {
                "type": "PLREmbeddings",
                "n_frequencies": 57,
                "frequency_scale": 0.07893472784033653,
                "d_embedding": 20,
                "lite": true
            }
        }
    },
    "n_parameters": 90108,
    "prediction_type": null,
    "best_epoch": 74,
    "metrics": {
        "train": {
            "rmse": 2.6876210001386847,
            "mae": 1.6340305517132947,
            "r2": 0.9963759779930115,
            "corr": 0.9981973906609121,
            "score": -2.6876210001386847
        },
        "val": {
            "rmse": 5.9658690068130245,
            "mae": 3.321837608327769,
            "r2": 0.9362739324569702,
            "corr": 0.9688072562288319,
            "score": -5.9658690068130245
        },
        "test": {
            "rmse": 6.607223117404866,
            "mae": 3.27467680767586,
            "r2": 0.9550201892852783,
            "corr": 0.9784915452282947,
            "score": -6.607223117404866
        }
    },
    "time": "0:00:01.629628",
    "chunk_size": null,
    "eval_batch_size": 32768
}
