{
    "function": "bin.ensemble.main",
    "config": {
        "seeds": [
            0
        ]
    },
    "single_model_function": "bin.tabr_scaling.main",
    "data": ":data/TabZilla-OpenML-isolet-3481",
    "prediction_type": "probs",
    "metrics": {
        "train": {
            "0": {
                "precision": 1.0,
                "recall": 1.0,
                "f1-score": 1.0,
                "support": 240.0
            },
            "1": {
                "precision": 0.9958333333333333,
                "recall": 0.9958333333333333,
                "f1-score": 0.9958333333333333,
                "support": 240.0
            },
            "2": {
                "precision": 0.995850622406639,
                "recall": 1.0,
                "f1-score": 0.997920997920998,
                "support": 240.0
            },
            "3": {
                "precision": 1.0,
                "recall": 1.0,
                "f1-score": 1.0,
                "support": 240.0
            },
            "4": {
                "precision": 0.99581589958159,
                "recall": 0.99581589958159,
                "f1-score": 0.99581589958159,
                "support": 239.0
            },
            "5": {
                "precision": 0.9958333333333333,
                "recall": 0.9958333333333333,
                "f1-score": 0.9958333333333333,
                "support": 240.0
            },
            "6": {
                "precision": 1.0,
                "recall": 1.0,
                "f1-score": 1.0,
                "support": 240.0
            },
            "7": {
                "precision": 0.9958333333333333,
                "recall": 0.9958333333333333,
                "f1-score": 0.9958333333333333,
                "support": 240.0
            },
            "8": {
                "precision": 1.0,
                "recall": 1.0,
                "f1-score": 1.0,
                "support": 240.0
            },
            "9": {
                "precision": 1.0,
                "recall": 1.0,
                "f1-score": 1.0,
                "support": 240.0
            },
            "10": {
                "precision": 1.0,
                "recall": 0.9958333333333333,
                "f1-score": 0.9979123173277662,
                "support": 240.0
            },
            "11": {
                "precision": 1.0,
                "recall": 0.9916666666666667,
                "f1-score": 0.99581589958159,
                "support": 240.0
            },
            "12": {
                "precision": 1.0,
                "recall": 0.9916666666666667,
                "f1-score": 0.99581589958159,
                "support": 240.0
            },
            "13": {
                "precision": 1.0,
                "recall": 0.9958333333333333,
                "f1-score": 0.9979123173277662,
                "support": 240.0
            },
            "14": {
                "precision": 0.9958333333333333,
                "recall": 0.9958333333333333,
                "f1-score": 0.9958333333333333,
                "support": 240.0
            },
            "15": {
                "precision": 1.0,
                "recall": 1.0,
                "f1-score": 1.0,
                "support": 240.0
            },
            "16": {
                "precision": 1.0,
                "recall": 0.9958333333333333,
                "f1-score": 0.9979123173277662,
                "support": 240.0
            },
            "17": {
                "precision": 1.0,
                "recall": 1.0,
                "f1-score": 1.0,
                "support": 240.0
            },
            "18": {
                "precision": 1.0,
                "recall": 1.0,
                "f1-score": 1.0,
                "support": 240.0
            },
            "19": {
                "precision": 1.0,
                "recall": 1.0,
                "f1-score": 1.0,
                "support": 240.0
            },
            "20": {
                "precision": 0.9917355371900827,
                "recall": 1.0,
                "f1-score": 0.995850622406639,
                "support": 240.0
            },
            "21": {
                "precision": 0.995850622406639,
                "recall": 1.0,
                "f1-score": 0.997920997920998,
                "support": 240.0
            },
            "22": {
                "precision": 0.9834710743801653,
                "recall": 1.0,
                "f1-score": 0.9916666666666667,
                "support": 238.0
            },
            "23": {
                "precision": 0.9916317991631799,
                "recall": 0.9875,
                "f1-score": 0.9895615866388309,
                "support": 240.0
            },
            "24": {
                "precision": 1.0,
                "recall": 1.0,
                "f1-score": 1.0,
                "support": 240.0
            },
            "25": {
                "precision": 1.0,
                "recall": 1.0,
                "f1-score": 1.0,
                "support": 240.0
            },
            "accuracy": 0.9975949975949976,
            "macro avg": {
                "precision": 0.9976034187869858,
                "recall": 0.9975954833172407,
                "f1-score": 0.9975938021390591,
                "support": 6237.0
            },
            "weighted avg": {
                "precision": 0.9976082371624898,
                "recall": 0.9975949975949976,
                "f1-score": 0.9975959878330629,
                "support": 6237.0
            },
            "cross-entropy": 0.06037706630716109,
            "score": 0.9975949975949976
        },
        "val": {
            "0": {
                "precision": 0.9354838709677419,
                "recall": 0.9666666666666667,
                "f1-score": 0.9508196721311475,
                "support": 30.0
            },
            "1": {
                "precision": 0.967741935483871,
                "recall": 1.0,
                "f1-score": 0.9836065573770492,
                "support": 30.0
            },
            "2": {
                "precision": 1.0,
                "recall": 1.0,
                "f1-score": 1.0,
                "support": 30.0
            },
            "3": {
                "precision": 0.9666666666666667,
                "recall": 0.9666666666666667,
                "f1-score": 0.9666666666666667,
                "support": 30.0
            },
            "4": {
                "precision": 0.9354838709677419,
                "recall": 0.9666666666666667,
                "f1-score": 0.9508196721311475,
                "support": 30.0
            },
            "5": {
                "precision": 0.9655172413793104,
                "recall": 0.9333333333333333,
                "f1-score": 0.9491525423728814,
                "support": 30.0
            },
            "6": {
                "precision": 0.9666666666666667,
                "recall": 0.9666666666666667,
                "f1-score": 0.9666666666666667,
                "support": 30.0
            },
            "7": {
                "precision": 0.9310344827586207,
                "recall": 0.9,
                "f1-score": 0.9152542372881356,
                "support": 30.0
            },
            "8": {
                "precision": 0.9375,
                "recall": 1.0,
                "f1-score": 0.967741935483871,
                "support": 30.0
            },
            "9": {
                "precision": 0.967741935483871,
                "recall": 1.0,
                "f1-score": 0.9836065573770492,
                "support": 30.0
            },
            "10": {
                "precision": 1.0,
                "recall": 0.9666666666666667,
                "f1-score": 0.9830508474576272,
                "support": 30.0
            },
            "11": {
                "precision": 0.9354838709677419,
                "recall": 0.9666666666666667,