{
    "function": "bin.ffn.main",
    "gpus": [
        "NVIDIA RTX 6000 Ada Generation"
    ],
    "config": {
        "seed": 0,
        "batch_size": 256,
        "patience": 16,
        "n_epochs": Infinity,
        "data": {
            "seed": 0,
            "cache": true,
            "num_policy": "quantile",
            "cat_policy": null,
            "y_policy": "standard",
            "path": ":data/CTR23-OpenML-tid=361253-ctr23_361253-fold=1-seed=0"
        },
        "optimizer": {
            "type": "AdamW",
            "lr": 0.0005301307973946533,
            "weight_decay": 0.0
        },
        "model": {
            "backbone": {
                "type": "MLP",
                "n_blocks": 6,
                "d_layer": 807,
                "dropout": 0.0,
                "activation": "ReLU"
            },
            "num_embeddings": {
                "type": "PLREmbeddings",
                "n_frequencies": 48,
                "frequency_scale": 0.08490564561872228,
                "d_embedding": 22,
                "lite": true
            }
        }
    },
    "n_parameters": 4118525,
    "prediction_type": null,
    "best_epoch": 114,
    "metrics": {
        "train": {
            "rmse": 613.4111430375309,
            "mae": 466.21167744671766,
            "r2": 0.999970018863678,
            "corr": 0.9999852274951772,
            "score": -613.4111430375309
        },
        "val": {
            "rmse": 759.623454909621,
            "mae": 541.0807427211876,
            "r2": 0.9999549388885498,
            "corr": 0.9999776133360928,
            "score": -759.623454909621
        },
        "test": {
            "rmse": 933.2389193143543,
            "mae": 545.4780681349257,
            "r2": 0.9999302625656128,
            "corr": 0.9999652986264786,
            "score": -933.2389193143543
        }
    },
    "time": "0:00:42.789804",
    "chunk_size": null,
    "eval_batch_size": 32768
}
