{
    "function": "bin.ensemble.main",
    "config": {
        "seeds": [
            0
        ]
    },
    "single_model_function": "bin.ffn.main",
    "data": ":data/CTR23-OpenML-tid=361249-ctr23_361249-fold=1-seed=0",
    "prediction_type": null,
    "metrics": {
        "train": {
            "rmse": 0.08909618252314051,
            "mae": 0.06333840345390795,
            "r2": 0.9899954795837402,
            "corr": 0.9979864215090897,
            "score": -0.08909618252314051
        },
        "val": {
            "rmse": 0.6010315232992296,
            "mae": 0.40310960940395546,
            "r2": 0.4860686659812927,
            "corr": 0.698727664576114,
            "score": -0.6010315232992296
        },
        "test": {
            "rmse": 0.6271343392876658,
            "mae": 0.41452347190712757,
            "r2": 0.5298421382904053,
            "corr": 0.731141453934089,
            "score": -0.6271343392876658
        }
    }
}
