{
    "function": "bin.ensemble.main",
    "config": {
        "seeds": [
            0
        ]
    },
    "single_model_function": "bin.xgboost_.main",
    "data": ":data/CTR23-OpenML-tid=361243-ctr23_361243-seed=0",
    "prediction_type": null,
    "metrics": {
        "train": {
            "rmse": 1.8384136648259422,
            "mae": 0.8762962242127514,
            "r2": 0.9899688959121704,
            "corr": 0.997390995199557,
            "score": -1.8384136648259422
        },
        "val": {
            "rmse": 15.480747849017488,
            "mae": 11.463432943087355,
            "r2": 0.3329911231994629,
            "corr": 0.5775532576827974,
            "score": -15.480747849017488
        },
        "test": {
            "rmse": 14.803987446294965,
            "mae": 11.32636126493935,
            "r2": 0.3509955406188965,
            "corr": 0.6033939227077669,
            "score": -14.803987446294965
        }
    }
}
