{
    "function": "bin.ensemble.main",
    "config": {
        "seeds": [
            0
        ]
    },
    "single_model_function": "bin.lightgbm_.main",
    "data": ":data/CTR23-OpenML-tid=361268-ctr23_361268-fold=1-seed=0",
    "prediction_type": null,
    "metrics": {
        "train": {
            "rmse": 0.3670478088538837,
            "mae": 0.26488047788900915,
            "r2": 0.9999551166181936,
            "corr": 0.9999775581758484,
            "score": -0.3670478088538837
        },
        "val": {
            "rmse": 0.6451552214938787,
            "mae": 0.4217713138306361,
            "r2": 0.9998595554312298,
            "corr": 0.9999298925457043,
            "score": -0.6451552214938787
        },
        "test": {
            "rmse": 0.621353737287937,
            "mae": 0.4061478742564928,
            "r2": 0.9998649823037178,
            "corr": 0.9999325140322446,
            "score": -0.621353737287937
        }
    }
}
