{
    "function": "bin.ensemble.main",
    "config": {
        "seeds": [
            0
        ]
    },
    "single_model_function": "bin.xgboost_.main",
    "data": ":data/CTR23-OpenML-tid=361257-ctr23_361257-fold=1-seed=0",
    "prediction_type": null,
    "metrics": {
        "train": {
            "rmse": 354.97331168256966,
            "mae": 200.3813769149383,
            "r2": 0.9920467138290405,
            "corr": 0.9960289221568405,
            "score": -354.97331168256966
        },
        "val": {
            "rmse": 511.68803254202044,
            "mae": 265.06034293684934,
            "r2": 0.9837663769721985,
            "corr": 0.9918672136710481,
            "score": -511.68803254202044
        },
        "test": {
            "rmse": 540.3767576771736,
            "mae": 273.08581093519024,
            "r2": 0.9818989038467407,
            "corr": 0.9909615573958349,
            "score": -540.3767576771736
        }
    }
}
