{
    "function": "bin.xgboost_.main",
    "gpus": [
        "NVIDIA RTX 6000 Ada Generation"
    ],
    "config": {
        "seed": 0,
        "data": {
            "seed": 0,
            "num_policy": "quantile",
            "cache": true,
            "cat_policy": null,
            "y_policy": "standard",
            "path": ":data/CTR23-OpenML-tid=361255-ctr23_361255-fold=1-seed=0"
        },
        "model": {
            "booster": "gbtree",
            "early_stopping_rounds": 200,
            "n_estimators": 4000,
            "n_jobs": 1,
            "tree_method": "gpu_hist",
            "use_label_encoder": false,
            "colsample_byree": 0.5823470782489564,
            "gamma": 0,
            "lambda": 1.6901759275038954,
            "learning_rate": 0.04044812636651483,
            "max_depth": 10,
            "min_child_weight": 2.4028805225920222,
            "subsample": 0.6559724977398009
        },
        "fit": {
            "verbose": true
        },
        "neighbors": null
    },
    "prediction_type": null,
    "time": "0:00:14.786611",
    "best_iteration": 666,
    "metrics": {
        "train": {
            "rmse": 9172.06286753472,
            "mae": 6484.901825904002,
            "r2": 0.9936589598655701,
            "corr": 0.9969731232145314,
            "score": -9172.06286753472
        },
        "val": {
            "rmse": 46367.46254073931,
            "mae": 29924.452128350968,
            "r2": 0.8436990976333618,
            "corr": 0.9185879623164988,
            "score": -46367.46254073931
        },
        "test": {
            "rmse": 48672.54039071313,
            "mae": 30236.735966502223,
            "r2": 0.8179049491882324,
            "corr": 0.9048501458591088,
            "score": -48672.54039071313
        }
    }
}
