{
    "function": "bin.ensemble.main",
    "config": {
        "seeds": [
            0
        ]
    },
    "single_model_function": "bin.ffn.main",
    "data": ":data/CTR23-OpenML-tid=361252-ctr23_361252-fold=1-seed=0",
    "prediction_type": null,
    "metrics": {
        "train": {
            "rmse": 0.509529651651023,
            "mae": 0.2849519734684236,
            "r2": 0.9989996552467346,
            "corr": 0.9995427584711247,
            "score": -0.509529651651023
        },
        "val": {
            "rmse": 0.8755326715280891,
            "mae": 0.3505624070940705,
            "r2": 0.9968504905700684,
            "corr": 0.9984526237149599,
            "score": -0.8755326715280891
        },
        "test": {
            "rmse": 0.7235129583383058,
            "mae": 0.3497946538665708,
            "r2": 0.9981494545936584,
            "corr": 0.999123898445524,
            "score": -0.7235129583383058
        }
    }
}
