{
    "function": "bin.ensemble.main",
    "config": {
        "seeds": [
            0
        ]
    },
    "single_model_function": "bin.ffn.main",
    "data": ":data/TabZilla-OpenML-MiceProtein-tid=146800-fold=0",
    "prediction_type": "probs",
    "metrics": {
        "train": {
            "0": {
                "precision": 1.0,
                "recall": 0.975,
                "f1-score": 0.9873417721518988,
                "support": 120.0
            },
            "1": {
                "precision": 0.9646017699115044,
                "recall": 1.0,
                "f1-score": 0.9819819819819819,
                "support": 109.0
            },
            "2": {
                "precision": 1.0,
                "recall": 0.9916666666666667,
                "f1-score": 0.99581589958159,
                "support": 120.0
            },
            "3": {
                "precision": 1.0,
                "recall": 1.0,
                "f1-score": 1.0,
                "support": 109.0
            },
            "4": {
                "precision": 1.0,
                "recall": 0.9906542056074766,
                "f1-score": 0.9953051643192489,
                "support": 107.0
            },
            "5": {
                "precision": 1.0,
                "recall": 1.0,
                "f1-score": 1.0,
                "support": 83.0
            },
            "6": {
                "precision": 0.990909090909091,
                "recall": 1.0,
                "f1-score": 0.9954337899543378,
                "support": 109.0
            },
            "7": {
                "precision": 1.0,
                "recall": 1.0,
                "f1-score": 1.0,
                "support": 107.0
            },
            "accuracy": 0.9942129629629629,
            "macro avg": {
                "precision": 0.9944388576025744,
                "recall": 0.994665109034268,
                "f1-score": 0.9944848259986322,
                "support": 864.0
            },
            "weighted avg": {
                "precision": 0.9943873655433391,
                "recall": 0.9942129629629629,
                "f1-score": 0.9942301994574504,
                "support": 864.0
            },
            "cross-entropy": 0.057578485664256183,
            "roc-auc": 1.0,
            "f1-weighted": 0.9942301994574504,
            "f1-macro": 0.9944848259986322,
            "f1-micro": 0.9942129629629629,
            "score": 0.9942129629629629
        },
        "val": {
            "0": {
                "precision": 1.0,
                "recall": 1.0,
                "f1-score": 1.0,
                "support": 15.0
            },
            "1": {
                "precision": 1.0,
                "recall": 1.0,
                "f1-score": 1.0,
                "support": 13.0
            },
            "2": {
                "precision": 1.0,
                "recall": 1.0,
                "f1-score": 1.0,
                "support": 15.0
            },
            "3": {
                "precision": 1.0,
                "recall": 1.0,
                "f1-score": 1.0,
                "support": 13.0
            },
            "4": {
                "precision": 1.0,
                "recall": 1.0,
                "f1-score": 1.0,
                "support": 14.0
            },
            "5": {
                "precision": 1.0,
                "recall": 1.0,
                "f1-score": 1.0,
                "support": 11.0
            },
            "6": {
                "precision": 1.0,
                "recall": 1.0,
                "f1-score": 1.0,
                "support": 13.0
            },
            "7": {
                "precision": 1.0,
                "recall": 1.0,
                "f1-score": 1.0,
                "support": 14.0
            },
            "accuracy": 1.0,
            "macro avg": {
                "precision": 1.0,
                "recall": 1.0,
                "f1-score": 1.0,
                "support": 108.0
            },
            "weighted avg": {
                "precision": 1.0,
                "recall": 1.0,
                "f1-score": 1.0,
                "support": 108.0
            },
            "cross-entropy": 0.09783576619263198,
            "roc-auc": 1.0,
            "f1-weighted": 1.0,
            "f1-macro": 1.0,
            "f1-micro": 1.0,
            "score": 1.0
        },
        "test": {
            "0": {
                "precision": 0.9285714285714286,
                "recall": 0.8666666666666667,
                "f1-score": 0.896551724137931,
                "support": 15.0
            },
            "1": {
                "precision": 0.8571428571428571,
                "recall": 0.9230769230769231,
                "f1-score": 0.8888888888888888,
                "support": 13.0
            },
            "2": {
                "precision": 1.0,
                "recall": 0.9333333333333333,
                "f1-score": 0.9655172413793104,
                "support": 15.0
            },
            "3": {
                "precision": 1.0,
                "recall": 1.0,
                "f1-score": 1.0,
                "support": 13.0
            },
            "4": {
                "precision": 1.0,
                "recall": 1.0,
                "f1-score": 1.0,
                "support": 14.0
            },
            "5": {
                "precision": 1.0,
                "recall": 1.0,
                "f1-score": 1.0,
                "support": 11.0
            },
            "6": {
                "precision": 0.9285714285714286,
                "recall": 1.0,
                "f1-score": 0.9629629629629629,
                "support": 13.0
            },
            "7": {
                "precision": 1.0,
                "recall": 1.0,
                "f1-score": 1.0,
                "support": 14.0
            },
            "accuracy": 0.9629629629629629,
            "macro avg": {
                "precision": 0.9642857142857143,
                "recall": 0.9653846153846154,
                "f1-score": 0.9642401021711366,
                "support": 108.0
            },
            "weighted avg": {
                "precision": 0.9642857142857143,
                "recall": 0.9629629629629629,
                "f1-score": 0.9630102644151175,
                "support": 108.0
            },
            "cross-entropy": 0.1369599006065144,
            "roc-auc": 0.9983516483516484,
            "f1-weighted": 0.9630102644151175,
            "f1-macro": 0.9642401021711366,
            "f1-micro": 0.9629629629629629,
            "score": 0.9629629629629629
        }
    }
}
