{
    "function": "bin.ensemble.main",
    "config": {
        "seeds": [
            0
        ]
    },
    "single_model_function": "bin.tabr.main",
    "data": ":data/TabZilla-OpenML-MiceProtein-tid=146800-fold=0",
    "prediction_type": "probs",
    "metrics": {
        "train": {
            "0": {
                "precision": 1.0,
                "recall": 0.9916666666666667,
                "f1-score": 0.99581589958159,
                "support": 120.0
            },
            "1": {
                "precision": 1.0,
                "recall": 0.9724770642201835,
                "f1-score": 0.986046511627907,
                "support": 109.0
            },
            "2": {
                "precision": 1.0,
                "recall": 1.0,
                "f1-score": 1.0,
                "support": 120.0
            },
            "3": {
                "precision": 1.0,
                "recall": 1.0,
                "f1-score": 1.0,
                "support": 109.0
            },
            "4": {
                "precision": 0.9907407407407407,
                "recall": 1.0,
                "f1-score": 0.9953488372093023,
                "support": 107.0
            },
            "5": {
                "precision": 0.9651162790697675,
                "recall": 1.0,
                "f1-score": 0.9822485207100592,
                "support": 83.0
            },
            "6": {
                "precision": 1.0,
                "recall": 1.0,
                "f1-score": 1.0,
                "support": 109.0
            },
            "7": {
                "precision": 1.0,
                "recall": 1.0,
                "f1-score": 1.0,
                "support": 107.0
            },
            "accuracy": 0.9953703703703703,
            "macro avg": {
                "precision": 0.9944821274763136,
                "recall": 0.9955179663608562,
                "f1-score": 0.9949324711411074,
                "support": 864.0
            },
            "weighted avg": {
                "precision": 0.9955022111366318,
                "recall": 0.9953703703703703,
                "f1-score": 0.9953772343953275,
                "support": 864.0
            },
            "cross-entropy": 0.7271594864811287,
            "roc-auc": 0.999605855654993,
            "f1-weighted": 0.9953772343953275,
            "f1-macro": 0.9949324711411074,
            "f1-micro": 0.9953703703703703,
            "score": 0.9953703703703703
        },
        "val": {
            "0": {
                "precision": 1.0,
                "recall": 1.0,
                "f1-score": 1.0,
                "support": 15.0
            },
            "1": {
                "precision": 1.0,
                "recall": 1.0,
                "f1-score": 1.0,
                "support": 13.0
            },
            "2": {
                "precision": 1.0,
                "recall": 1.0,
                "f1-score": 1.0,
                "support": 15.0
            },
            "3": {
                "precision": 1.0,
                "recall": 1.0,
                "f1-score": 1.0,
                "support": 13.0
            },
            "4": {
                "precision": 1.0,
                "recall": 1.0,
                "f1-score": 1.0,
                "support": 14.0
            },
            "5": {
                "precision": 1.0,
                "recall": 1.0,
                "f1-score": 1.0,
                "support": 11.0
            },
            "6": {
                "precision": 1.0,
                "recall": 1.0,
                "f1-score": 1.0,
                "support": 13.0
            },
            "7": {
                "precision": 1.0,
                "recall": 1.0,
                "f1-score": 1.0,
                "support": 14.0
            },
            "accuracy": 1.0,
            "macro avg": {
                "precision": 1.0,
                "recall": 1.0,
                "f1-score": 1.0,
                "support": 108.0
            },
            "weighted avg": {
                "precision": 1.0,
                "recall": 1.0,
                "f1-score": 1.0,
                "support": 108.0
            },
            "cross-entropy": 0.74126576767652,
            "roc-auc": 1.0,
            "f1-weighted": 1.0,
            "f1-macro": 1.0,
            "f1-micro": 1.0,
            "score": 1.0
        },
        "test": {
            "0": {
                "precision": 1.0,
                "recall": 0.9333333333333333,
                "f1-score": 0.9655172413793104,
                "support": 15.0
            },
            "1": {
                "precision": 1.0,
                "recall": 1.0,
                "f1-score": 1.0,
                "support": 13.0
            },
            "2": {
                "precision": 1.0,
                "recall": 1.0,
                "f1-score": 1.0,
                "support": 15.0
            },
            "3": {
                "precision": 1.0,
                "recall": 1.0,
                "f1-score": 1.0,
                "support": 13.0
            },
            "4": {
                "precision": 0.9333333333333333,
                "recall": 1.0,
                "f1-score": 0.9655172413793104,
                "support": 14.0
            },
            "5": {
                "precision": 1.0,
                "recall": 1.0,
                "f1-score": 1.0,
                "support": 11.0
            },
            "6": {
                "precision": 1.0,
                "recall": 1.0,
                "f1-score": 1.0,
                "support": 13.0
            },
            "7": {
                "precision": 1.0,
                "recall": 1.0,
                "f1-score": 1.0,
                "support": 14.0
            },
            "accuracy": 0.9907407407407407,
            "macro avg": {
                "precision": 0.9916666666666667,
                "recall": 0.9916666666666667,
                "f1-score": 0.9913793103448276,
                "support": 108.0
            },
            "weighted avg": {
                "precision": 0.991358024691358,
                "recall": 0.9907407407407407,
                "f1-score": 0.9907407407407407,
                "support": 108.0
            },
            "cross-entropy": 0.7696696581965002,
            "roc-auc": 0.9994755244755245,
            "f1-weighted": 0.9907407407407407,
            "f1-macro": 0.9913793103448276,
            "f1-micro": 0.9907407407407407,
            "score": 0.9907407407407407
        }
    }
}
