{
    "function": "bin.ensemble.main",
    "config": {
        "seeds": [
            0
        ]
    },
    "single_model_function": "bin.tabr.main",
    "data": ":data/TabZilla-OpenML-optdigits-tid=28-fold=1",
    "prediction_type": "probs",
    "metrics": {
        "train": {
            "0": {
                "precision": 1.0,
                "recall": 1.0,
                "f1-score": 1.0,
                "support": 444.0
            },
            "1": {
                "precision": 0.9891540130151844,
                "recall": 0.9978118161925602,
                "f1-score": 0.9934640522875817,
                "support": 457.0
            },
            "2": {
                "precision": 1.0,
                "recall": 1.0,
                "f1-score": 1.0,
                "support": 445.0
            },
            "3": {
                "precision": 0.991304347826087,
                "recall": 0.9978118161925602,
                "f1-score": 0.9945474372955289,
                "support": 457.0
            },
            "4": {
                "precision": 0.9977876106194691,
                "recall": 0.9933920704845814,
                "f1-score": 0.9955849889624724,
                "support": 454.0
            },
            "5": {
                "precision": 0.9977578475336323,
                "recall": 0.9977578475336323,
                "f1-score": 0.9977578475336323,
                "support": 446.0
            },
            "6": {
                "precision": 0.9977528089887641,
                "recall": 0.9955156950672646,
                "f1-score": 0.9966329966329966,
                "support": 446.0
            },
            "7": {
                "precision": 0.9977876106194691,
                "recall": 0.9955849889624724,
                "f1-score": 0.9966850828729282,
                "support": 453.0
            },
            "8": {
                "precision": 0.9977272727272727,
                "recall": 0.9887387387387387,
                "f1-score": 0.9932126696832579,
                "support": 444.0
            },
            "9": {
                "precision": 0.9955654101995566,
                "recall": 0.9977777777777778,
                "f1-score": 0.9966703662597114,
                "support": 450.0
            },
            "accuracy": 0.99644128113879,
            "macro avg": {
                "precision": 0.9964836921529436,
                "recall": 0.9964390750949587,
                "f1-score": 0.9964555441528109,
                "support": 4496.0
            },
            "weighted avg": {
                "precision": 0.99645372113568,
                "recall": 0.99644128113879,
                "f1-score": 0.9964416336575698,
                "support": 4496.0
            },
            "cross-entropy": 0.023467254713700272,
            "roc-auc": 0.9999203123779568,
            "f1-weighted": 0.9964416336575698,
            "f1-macro": 0.9964555441528109,
            "f1-micro": 0.99644128113879,
            "score": 0.99644128113879
        },
        "val": {
            "0": {
                "precision": 1.0,
                "recall": 1.0,
                "f1-score": 1.0,
                "support": 55.0
            },
            "1": {
                "precision": 1.0,
                "recall": 1.0,
                "f1-score": 1.0,
                "support": 57.0
            },
            "2": {
                "precision": 1.0,
                "recall": 1.0,
                "f1-score": 1.0,
                "support": 56.0
            },
            "3": {
                "precision": 0.9824561403508771,
                "recall": 0.9824561403508771,
                "f1-score": 0.9824561403508771,
                "support": 57.0
            },
            "4": {
                "precision": 0.9827586206896551,
                "recall": 1.0,
                "f1-score": 0.991304347826087,
                "support": 57.0
            },
            "5": {
                "precision": 1.0,
                "recall": 1.0,
                "f1-score": 1.0,
                "support": 56.0
            },
            "6": {
                "precision": 1.0,
                "recall": 1.0,
                "f1-score": 1.0,
                "support": 56.0
            },
            "7": {
                "precision": 0.9827586206896551,
                "recall": 1.0,
                "f1-score": 0.991304347826087,
                "support": 57.0
            },
            "8": {
                "precision": 1.0,
                "recall": 1.0,
                "f1-score": 1.0,
                "support": 55.0
            },
            "9": {
                "precision": 1.0,
                "recall": 0.9642857142857143,
                "f1-score": 0.9818181818181818,
                "support": 56.0
            },
            "accuracy": 0.994661921708185,
            "macro avg": {
                "precision": 0.9947973381730189,
                "recall": 0.994674185463659,
                "f1-score": 0.9946883017821234,
                "support": 562.0
            },
            "weighted avg": {
                "precision": 0.9947232789299301,
                "recall": 0.994661921708185,
                "f1-score": 0.9946450424092386,
                "support": 562.0
            },
            "cross-entropy": 0.04481964165992669,
            "roc-auc": 0.9994536339384892,
            "f1-weighted": 0.9946450424092386,
            "f1-macro": 0.9946883017821234,
            "f1-micro": 0.994661921708185,
            "score": 0.994661921708185
        },
        "test": {
            "0": {
                "precision": 1.0,
                "recall": 1.0,
                "f1-score": 1.0,
                "support": 55.0
            },
            "1": {
                "precision": 1.0,
                "recall": 0.9824561403508771,
                "f1-score": 0.9911504424778761,
                "support": 57.0
            },
            "2": {
                "precision": 1.0,
                "recall": 1.0,
                "f1-score": 1.0,
                "support": 56.0
            },
            "3": {
                "precision": 0.9827586206896551,
                "recall": 0.9827586206896551,
                "f1-score": 0.9827586206896551,
                "support": 58.0
            },
            "4": {
                "precision": 1.0,
                "recall": 0.9824561403508771,
                "f1-score": 0.9911504424778761,
                "support": 57.0
            },
            "5": {
                "precision": 0.9824561403508771,
                "recall": 1.0,
                "f1-score": 0.9911504424778761,
                "support": 56.0
            },
            "6": {
                "precision": 1.0,
                "recall": 1.0,
                "f1-score": 1.0,
                "support": 56.0
            },
            "7": {
                "precision": 0.9824561403508771,
                "recall": 1.0,
                "f1-score": 0.9911504424778761,
                "support": 56.0
            },
            "8": {
                "precision": 1.0,
                "recall": 1.0,
                "f1-score": 1.0,
                "support": 55.0
            },
            "9": {
                "precision": 0.9642857142857143,
                "recall": 0.9642857142857143,
                "f1-score": 0.9642857142857143,
                "support": 56.0
            },
            "accuracy": 0.9911032028469751,
            "macro avg": {
                "precision": 0.9911956615677123,
                "recall": 0.9911956615677123,
                "f1-score": 0.9911646104886873,
                "support": 562.0
            },
            "weighted avg": {
                "precision": 0.9911656365112067,
                "recall": 0.9911032028469751,
                "f1-score": 0.9911032028469751,
                "support": 562.0
            },
            "cross-entropy": 0.03814594225585781,