{
    "function": "bin.xgboost_.main",
    "gpus": [
        "NVIDIA RTX 6000 Ada Generation"
    ],
    "config": {
        "seed": 0,
        "data": {
            "seed": 0,
            "num_policy": "quantile",
            "cache": true,
            "cat_policy": "one-hot",
            "y_policy": null,
            "path": ":data/TabZilla-OpenML-dresses-sales-125920"
        },
        "model": {
            "booster": "gbtree",
            "early_stopping_rounds": 200,
            "n_estimators": 4000,
            "n_jobs": 1,
            "tree_method": "gpu_hist",
            "use_label_encoder": false,
            "colsample_byree": 0.7744067519636624,
            "gamma": 0,
            "lambda": 0.0,
            "learning_rate": 0.08663279761354557,
            "max_depth": 8,
            "min_child_weight": 22.420123713724433,
            "subsample": 0.9818313802505146
        },
        "fit": {
            "verbose": true
        },
        "neighbors": null
    },
    "prediction_type": "probs",
    "time": "0:00:02.129049",
    "best_iteration": 97,
    "metrics": {
        "train": {
            "0": {
                "precision": 0.6815068493150684,
                "recall": 0.8577586206896551,
                "f1-score": 0.7595419847328244,
                "support": 232.0
            },
            "1": {
                "precision": 0.6944444444444444,
                "recall": 0.44642857142857145,
                "f1-score": 0.5434782608695652,
                "support": 168.0
            },
            "accuracy": 0.685,
            "macro avg": {
                "precision": 0.6879756468797564,
                "recall": 0.6520935960591133,
                "f1-score": 0.6515101228011948,
                "support": 400.0
            },
            "weighted avg": {
                "precision": 0.6869406392694063,
                "recall": 0.685,
                "f1-score": 0.6687952207102554,
                "support": 400.0
            },
            "cross-entropy": 0.6176308466168272,
            "roc-auc": 0.7069093801313628,
            "score": 0.685
        },
        "val": {
            "0": {
                "precision": 0.7575757575757576,
                "recall": 0.8620689655172413,
                "f1-score": 0.8064516129032258,
                "support": 29.0
            },
            "1": {
                "precision": 0.7647058823529411,
                "recall": 0.6190476190476191,
                "f1-score": 0.6842105263157895,
                "support": 21.0
            },
            "accuracy": 0.76,
            "macro avg": {
                "precision": 0.7611408199643493,
                "recall": 0.7405582922824302,
                "f1-score": 0.7453310696095077,
                "support": 50.0
            },
            "weighted avg": {
                "precision": 0.7605704099821747,
                "recall": 0.76,
                "f1-score": 0.7551103565365025,
                "support": 50.0
            },
            "cross-entropy": 0.5885568555236482,
            "roc-auc": 0.7602627257799672,
            "score": 0.76
        },
        "test": {
            "0": {
                "precision": 0.6216216216216216,
                "recall": 0.7931034482758621,
                "f1-score": 0.696969696969697,
                "support": 29.0
            },
            "1": {
                "precision": 0.5384615384615384,
                "recall": 0.3333333333333333,
                "f1-score": 0.4117647058823529,
                "support": 21.0
            },
            "accuracy": 0.6,
            "macro avg": {
                "precision": 0.58004158004158,
                "recall": 0.5632183908045977,
                "f1-score": 0.554367201426025,
                "support": 50.0
            },
            "weighted avg": {
                "precision": 0.5866943866943867,
                "recall": 0.6,
                "f1-score": 0.5771836007130124,
                "support": 50.0
            },
            "cross-entropy": 0.6990949816466357,
            "roc-auc": 0.5435139573070608,
            "score": 0.6
        }
    }
}
