{
    "function": "bin.ensemble.main",
    "config": {
        "seeds": [
            0
        ]
    },
    "single_model_function": "bin.xgboost_.main",
    "data": ":data/TabZilla-OpenML-kc1-tid=3917-fold=0",
    "prediction_type": "probs",
    "metrics": {
        "train": {
            "0": {
                "precision": 0.9693669162695712,
                "recall": 0.9992982456140351,
                "f1-score": 0.9841050449205252,
                "support": 1425.0
            },
            "1": {
                "precision": 0.9954128440366973,
                "recall": 0.8282442748091603,
                "f1-score": 0.9041666666666667,
                "support": 262.0
            },
            "accuracy": 0.972732661529342,
            "macro avg": {
                "precision": 0.9823898801531342,
                "recall": 0.9137712602115977,
                "f1-score": 0.9441358557935959,
                "support": 1687.0
            },
            "weighted avg": {
                "precision": 0.9734119862606719,
                "recall": 0.972732661529342,
                "f1-score": 0.9716901930518168,
                "support": 1687.0
            },
            "cross-entropy": 0.12116997311684774,
            "roc-auc": 0.987330922726664,
            "f1-weighted": 0.9716901930518168,
            "f1-macro": 0.9441358557935959,
            "f1-micro": 0.972732661529342,
            "score": 0.972732661529342
        },
        "val": {
            "0": {
                "precision": 0.9025641025641026,
                "recall": 0.9832402234636871,
                "f1-score": 0.9411764705882353,
                "support": 179.0
            },
            "1": {
                "precision": 0.8125,
                "recall": 0.40625,
                "f1-score": 0.5416666666666666,
                "support": 32.0
            },
            "accuracy": 0.8957345971563981,
            "macro avg": {
                "precision": 0.8575320512820512,
                "recall": 0.6947451117318435,
                "f1-score": 0.741421568627451,
                "support": 211.0
            },
            "weighted avg": {
                "precision": 0.8889050917486936,
                "recall": 0.8957345971563981,
                "f1-score": 0.8805873060124524,
                "support": 211.0
            },
            "cross-entropy": 0.3241949169384084,
            "roc-auc": 0.8339734636871508,
            "f1-weighted": 0.8805873060124524,
            "f1-macro": 0.741421568627451,
            "f1-micro": 0.8957345971563981,
            "score": 0.8957345971563981
        },
        "test": {
            "0": {
                "precision": 0.9042553191489362,
                "recall": 0.9497206703910615,
                "f1-score": 0.9264305177111717,
                "support": 179.0
            },
            "1": {
                "precision": 0.6086956521739131,
                "recall": 0.4375,
                "f1-score": 0.509090909090909,
                "support": 32.0
            },
            "accuracy": 0.8720379146919431,
            "macro avg": {
                "precision": 0.7564754856614246,
                "recall": 0.6936103351955307,
                "f1-score": 0.7177607134010404,
                "support": 211.0
            },
            "weighted avg": {
                "precision": 0.8594311042522502,
                "recall": 0.8720379146919431,
                "f1-score": 0.8631373069251602,
                "support": 211.0
            },
            "cross-entropy": 0.3275484295695371,
            "roc-auc": 0.8368540502793296,
            "f1-weighted": 0.8631373069251602,
            "f1-macro": 0.7177607134010404,
            "f1-micro": 0.8720379146919431,
            "score": 0.8720379146919431
        }
    }
}
