{
    "function": "bin.ensemble.main",
    "config": {
        "seeds": [
            0
        ]
    },
    "single_model_function": "bin.tabr_scaling.main",
    "data": ":data/CTR23-OpenML-tid=361251-ctr23_361251-seed=0",
    "prediction_type": null,
    "metrics": {
        "train": {
            "rmse": 0.004076454366003384,
            "mae": 0.0027097010078199757,
            "r2": 0.9879534244537354,
            "corr": 0.99403705997217,
            "score": -0.004076454366003384
        },
        "val": {
            "rmse": 0.006241024399077784,
            "mae": 0.004077584325771544,
            "r2": 0.96979820728302,
            "corr": 0.9848129661664501,
            "score": -0.006241024399077784
        },
        "test": {
            "rmse": 0.006040701605652217,
            "mae": 0.004019964054278957,
            "r2": 0.9729120135307312,
            "corr": 0.9865795047273173,
            "score": -0.006040701605652217
        }
    }
}
