{
    "function": "bin.ffn.main",
    "gpus": [
        "NVIDIA RTX 6000 Ada Generation"
    ],
    "config": {
        "seed": 0,
        "batch_size": 256,
        "patience": 16,
        "n_epochs": Infinity,
        "data": {
            "seed": 0,
            "cache": true,
            "num_policy": "quantile",
            "cat_policy": "ordinal",
            "y_policy": null,
            "path": ":data/TabZilla-OpenML-nomao-tid=9977-fold=1"
        },
        "optimizer": {
            "type": "AdamW",
            "lr": 8.17147891511587e-05,
            "weight_decay": 0.0
        },
        "model": {
            "backbone": {
                "type": "MLP",
                "n_blocks": 4,
                "d_layer": 652,
                "dropout": 0.3409101495517417,
                "activation": "ReLU"
            },
            "num_embeddings": {
                "type": "PLREmbeddings",
                "n_frequencies": 45,
                "frequency_scale": 0.559922365406335,
                "d_embedding": 50,
                "lite": true
            }
        }
    },
    "n_parameters": 4242644,
    "prediction_type": "logits",
    "best_epoch": 30,
    "metrics": {
        "train": {
            "0": {
                "precision": 0.9899618805590852,
                "recall": 0.9894589789179579,
                "f1-score": 0.9897103658536586,
                "support": 7874.0
            },
            "1": {
                "precision": 0.9957870158875184,
                "recall": 0.9959892369396355,
                "f1-score": 0.9958881161480279,
                "support": 19697.0
            },
            "accuracy": 0.9941242609988756,
            "macro avg": {
                "precision": 0.9928744482233018,
                "recall": 0.9927241079287967,
                "f1-score": 0.9927992410008433,
                "support": 27571.0
            },
            "weighted avg": {
                "precision": 0.9941234158883858,
                "recall": 0.9941242609988756,
                "f1-score": 0.9941238128649454,
                "support": 27571.0
            },
            "cross-entropy": 0.014422864203992717,
            "roc-auc": 0.9998460483797141,
            "f1-weighted": 0.9941238128649454,
            "f1-macro": 0.9927992410008433,
            "f1-micro": 0.9941242609988756,
            "score": 0.9941242609988756
        },
        "val": {
            "0": {
                "precision": 0.9406438631790744,
                "recall": 0.949238578680203,
                "f1-score": 0.944921677614957,
                "support": 985.0
            },
            "1": {
                "precision": 0.9796167957602935,
                "recall": 0.9760357432981316,
                "f1-score": 0.977822990844354,
                "support": 2462.0
            },
            "accuracy": 0.9683782999709892,
            "macro avg": {
                "precision": 0.9601303294696839,
                "recall": 0.9626371609891673,
                "f1-score": 0.9613723342296555,
                "support": 3447.0
            },
            "weighted avg": {
                "precision": 0.9684800569751177,
                "recall": 0.9683782999709892,
                "f1-score": 0.9684212520770328,
                "support": 3447.0
            },
            "cross-entropy": 0.1541232885897476,
            "roc-auc": 0.9913078797725426,
            "f1-weighted": 0.9684212520770328,
            "f1-macro": 0.9613723342296555,
            "f1-micro": 0.9683782999709892,
            "score": 0.9683782999709892
        },
        "test": {
            "0": {
                "precision": 0.9418254764292878,
                "recall": 0.9532994923857868,
                "f1-score": 0.9475277497477296,
                "support": 985.0
            },
            "1": {
                "precision": 0.9812244897959184,
                "recall": 0.9764419171405362,
                "f1-score": 0.9788273615635179,
                "support": 2462.0
            },
            "accuracy": 0.9698288366695678,
            "macro avg": {
                "precision": 0.9615249831126031,
                "recall": 0.9648707047631615,
                "f1-score": 0.9631775556556237,
                "support": 3447.0
            },
            "weighted avg": {
                "precision": 0.9699659959850303,
                "recall": 0.9698288366695678,
                "f1-score": 0.9698833181522758,
                "support": 3447.0
            },
            "cross-entropy": 0.13784361152562633,
            "roc-auc": 0.9920985785977311,
            "f1-weighted": 0.9698833181522758,
            "f1-macro": 0.9631775556556237,
            "f1-micro": 0.9698288366695678,
            "score": 0.9698288366695678
        }
    },
    "time": "0:01:36.093672",
    "chunk_size": null,
    "eval_batch_size": 32768
}
