{
    "function": "bin.ffn.main",
    "gpus": [
        "NVIDIA RTX 6000 Ada Generation"
    ],
    "config": {
        "seed": 0,
        "batch_size": 256,
        "patience": 16,
        "n_epochs": Infinity,
        "data": {
            "seed": 0,
            "cache": true,
            "num_policy": "quantile",
            "cat_policy": null,
            "y_policy": null,
            "path": ":data/TabZilla-OpenML-kc1-tid=3917-fold=0"
        },
        "optimizer": {
            "type": "AdamW",
            "lr": 0.0004548624208721939,
            "weight_decay": 3.4674958213764543e-06
        },
        "model": {
            "backbone": {
                "type": "MLP",
                "n_blocks": 5,
                "d_layer": 988,
                "dropout": 0.2960209656359195,
                "activation": "ReLU"
            },
            "num_embeddings": {
                "type": "PLREmbeddings",
                "n_frequencies": 62,
                "frequency_scale": 0.07804166575000096,
                "d_embedding": 62,
                "lite": true
            }
        }
    },
    "n_parameters": 5205933,
    "prediction_type": "logits",
    "best_epoch": 28,
    "metrics": {
        "train": {
            "0": {
                "precision": 0.8733003708281829,
                "recall": 0.991578947368421,
                "f1-score": 0.9286887939533355,
                "support": 1425.0
            },
            "1": {
                "precision": 0.8260869565217391,
                "recall": 0.21755725190839695,
                "f1-score": 0.34441087613293053,
                "support": 262.0
            },
            "accuracy": 0.8713692946058091,
            "macro avg": {
                "precision": 0.849693663674961,
                "recall": 0.604568099638409,
                "f1-score": 0.636549835043133,
                "support": 1687.0
            },
            "weighted avg": {
                "precision": 0.8659678785055461,
                "recall": 0.8713692946058091,
                "f1-score": 0.8379473508774931,
                "support": 1687.0
            },
            "cross-entropy": 0.319753520190211,
            "roc-auc": 0.8381116914423462,
            "f1-weighted": 0.8379473508774931,
            "f1-macro": 0.636549835043133,
            "f1-micro": 0.8713692946058091,
            "score": 0.8713692946058091
        },
        "val": {
            "0": {
                "precision": 0.8725490196078431,
                "recall": 0.994413407821229,
                "f1-score": 0.9295039164490861,
                "support": 179.0
            },
            "1": {
                "precision": 0.8571428571428571,
                "recall": 0.1875,
                "f1-score": 0.3076923076923077,
                "support": 32.0
            },
            "accuracy": 0.8720379146919431,
            "macro avg": {
                "precision": 0.8648459383753502,
                "recall": 0.5909567039106145,
                "f1-score": 0.6185981120706969,
                "support": 211.0
            },
            "weighted avg": {
                "precision": 0.8702125399923002,
                "recall": 0.8720379146919431,
                "f1-score": 0.8352007340783898,
                "support": 211.0
            },
            "cross-entropy": 0.33069526467748595,
            "roc-auc": 0.8097067039106145,
            "f1-weighted": 0.8352007340783898,
            "f1-macro": 0.6185981120706969,
            "f1-micro": 0.8720379146919431,
            "score": 0.8720379146919431
        },
        "test": {
            "0": {
                "precision": 0.8693467336683417,
                "recall": 0.9664804469273743,
                "f1-score": 0.9153439153439153,
                "support": 179.0
            },
            "1": {
                "precision": 0.5,
                "recall": 0.1875,
                "f1-score": 0.2727272727272727,
                "support": 32.0
            },
            "accuracy": 0.8483412322274881,
            "macro avg": {
                "precision": 0.6846733668341709,
                "recall": 0.5769902234636872,
                "f1-score": 0.594035594035594,
                "support": 211.0
            },
            "weighted avg": {
                "precision": 0.813332063159399,
                "recall": 0.8483412322274881,
                "f1-score": 0.8178854671745666,
                "support": 211.0
            },
            "cross-entropy": 0.3482812687505418,
            "roc-auc": 0.8206180167597765,
            "f1-weighted": 0.8178854671745666,
            "f1-macro": 0.594035594035594,
            "f1-micro": 0.8483412322274881,
            "score": 0.8483412322274881
        }
    },
    "time": "0:00:01.642850",
    "chunk_size": null,
    "eval_batch_size": 32768
}
