{
    "function": "bin.ensemble.main",
    "config": {
        "seeds": [
            0
        ]
    },
    "single_model_function": "bin.catboost_.main",
    "data": ":data/CTR23-OpenML-tid=361254-ctr23_361254-seed=0",
    "prediction_type": null,
    "metrics": {
        "train": {
            "rmse": 0.7712983874814794,
            "mae": 0.5568768715820945,
            "r2": 0.9985705356612564,
            "corr": 0.9992874613087924,
            "score": -0.7712983874814794
        },
        "val": {
            "rmse": 2.172580908738165,
            "mae": 1.3554288421124836,
            "r2": 0.9891512442298993,
            "corr": 0.9946011097883994,
            "score": -2.172580908738165
        },
        "test": {
            "rmse": 2.1791661346262994,
            "mae": 1.3651410732228904,
            "r2": 0.9884136191006953,
            "corr": 0.9942521289767489,
            "score": -2.1791661346262994
        }
    }
}
