{
    "function": "bin.ensemble.main",
    "config": {
        "seeds": [
            0
        ]
    },
    "single_model_function": "bin.lightgbm_.main",
    "data": ":data/CTR23-OpenML-tid=361256-ctr23_361256-fold=0-seed=0",
    "prediction_type": null,
    "metrics": {
        "train": {
            "rmse": 1.5919903762689518,
            "mae": 1.16995901197521,
            "r2": 0.9923828418165183,
            "corr": 0.9961902131161074,
            "score": -1.5919903762689518
        },
        "val": {
            "rmse": 2.511642313586492,
            "mae": 1.5573586127107077,
            "r2": 0.9824055116838273,
            "corr": 0.991192084922009,
            "score": -2.511642313586492
        },
        "test": {
            "rmse": 2.1062870704528134,
            "mae": 1.5367114970548539,
            "r2": 0.9874162302757019,
            "corr": 0.9937510145669494,
            "score": -2.1062870704528134
        }
    }
}
