{
    "function": "bin.ensemble.main",
    "config": {
        "seeds": [
            0
        ]
    },
    "single_model_function": "bin.xgboost_.main",
    "data": ":data/CTR23-OpenML-tid=361622-ctr23_361622-seed=0",
    "prediction_type": null,
    "metrics": {
        "train": {
            "rmse": 1356.168221723519,
            "mae": 980.8858218624591,
            "r2": 0.9804167747497559,
            "corr": 0.9904421310535573,
            "score": -1356.168221723519
        },
        "val": {
            "rmse": 2033.5260160840594,
            "mae": 1396.6036578612693,
            "r2": 0.9544211030006409,
            "corr": 0.9773323661163734,
            "score": -2033.5260160840594
        },
        "test": {
            "rmse": 2458.4426830138536,
            "mae": 1865.981438717994,
            "r2": 0.9532309770584106,
            "corr": 0.976927406932571,
            "score": -2458.4426830138536
        }
    }
}
