{
    "function": "bin.ffn.main",
    "gpus": [
        "NVIDIA RTX 6000 Ada Generation"
    ],
    "config": {
        "seed": 0,
        "batch_size": 256,
        "patience": 16,
        "n_epochs": Infinity,
        "data": {
            "seed": 0,
            "cache": true,
            "num_policy": "quantile",
            "cat_policy": null,
            "y_policy": "standard",
            "path": ":data/CTR23-OpenML-tid=361249-ctr23_361249-fold=1-seed=0"
        },
        "optimizer": {
            "type": "AdamW",
            "lr": 8.17147891511587e-05,
            "weight_decay": 0.0
        },
        "model": {
            "backbone": {
                "type": "MLP",
                "n_blocks": 4,
                "d_layer": 652,
                "dropout": 0.3409101495517417,
                "activation": "ReLU"
            },
            "num_embeddings": {
                "type": "PLREmbeddings",
                "n_frequencies": 45,
                "frequency_scale": 0.559922365406335,
                "d_embedding": 50,
                "lite": true
            }
        }
    },
    "n_parameters": 1642218,
    "prediction_type": null,
    "best_epoch": 185,
    "metrics": {
        "train": {
            "rmse": 0.08909618252314051,
            "mae": 0.06333840345390795,
            "r2": 0.9899954795837402,
            "corr": 0.9979864215090897,
            "score": -0.08909618252314051
        },
        "val": {
            "rmse": 0.6010315232992296,
            "mae": 0.40310960940395546,
            "r2": 0.4860686659812927,
            "corr": 0.698727664576114,
            "score": -0.6010315232992296
        },
        "test": {
            "rmse": 0.6271343392876658,
            "mae": 0.41452347190712757,
            "r2": 0.5298421382904053,
            "corr": 0.731141453934089,
            "score": -0.6271343392876658
        }
    },
    "time": "0:00:07.234617",
    "chunk_size": null,
    "eval_batch_size": 32768
}
