{
    "function": "bin.ensemble.main",
    "config": {
        "seeds": [
            0
        ]
    },
    "single_model_function": "bin.lightgbm_.main",
    "data": ":data/CTR23-OpenML-tid=361253-ctr23_361253-fold=1-seed=0",
    "prediction_type": null,
    "metrics": {
        "train": {
            "rmse": 3948.270942454806,
            "mae": 3085.531891556091,
            "r2": 0.9987573301854656,
            "corr": 0.9993791181174999,
            "score": -3948.270942454806
        },
        "val": {
            "rmse": 9236.993144647047,
            "mae": 7179.296818523251,
            "r2": 0.993332882780422,
            "corr": 0.9966650967130305,
            "score": -9236.993144647047
        },
        "test": {
            "rmse": 9261.617705648094,
            "mae": 7168.550986403365,
            "r2": 0.9931296780116379,
            "corr": 0.9965639590138102,
            "score": -9261.617705648094
        }
    }
}
