{
    "function": "bin.xgboost_.main",
    "gpus": [
        "NVIDIA RTX 6000 Ada Generation"
    ],
    "config": {
        "seed": 0,
        "data": {
            "seed": 0,
            "num_policy": "quantile",
            "cache": true,
            "cat_policy": "one-hot",
            "y_policy": "standard",
            "path": ":data/CTR23-OpenML-tid=361619-ctr23_361619-fold=1-seed=0"
        },
        "model": {
            "booster": "gbtree",
            "early_stopping_rounds": 200,
            "n_estimators": 4000,
            "n_jobs": 1,
            "tree_method": "gpu_hist",
            "use_label_encoder": false,
            "colsample_byree": 0.6870849901671128,
            "gamma": 0,
            "lambda": 0.17181604264581885,
            "learning_rate": 0.03565638590821156,
            "max_depth": 4,
            "min_child_weight": 2.0005899701171863,
            "subsample": 0.6980298514036469
        },
        "fit": {
            "verbose": true
        },
        "neighbors": null
    },
    "prediction_type": null,
    "time": "0:00:00.263674",
    "best_iteration": 186,
    "metrics": {
        "train": {
            "rmse": 1.3269147101726517,
            "mae": 1.0222070577335955,
            "r2": 0.8092261552810669,
            "corr": 0.9142531694244442,
            "score": -1.3269147101726517
        },
        "val": {
            "rmse": 3.077555835559888,
            "mae": 2.1541606419029904,
            "r2": 0.3381562829017639,
            "corr": 0.5839248155602794,
            "score": -3.077555835559888
        },
        "test": {
            "rmse": 3.416646433054626,
            "mae": 2.2606704139382856,
            "r2": 0.1094825267791748,
            "corr": 0.42863718024242714,
            "score": -3.416646433054626
        }
    }
}
