{
    "function": "bin.tabr.main",
    "gpus": [
        "NVIDIA RTX 6000 Ada Generation"
    ],
    "config": {
        "seed": 0,
        "batch_size": 256,
        "patience": 16,
        "n_epochs": Infinity,
        "context_size": 96,
        "data": {
            "seed": 0,
            "cache": true,
            "num_policy": "quantile",
            "cat_policy": null,
            "path": ":data/CTR23-OpenML-tid=361249-ctr23_361249-fold=1-seed=0",
            "y_policy": "standard"
        },
        "optimizer": {
            "type": "AdamW",
            "lr": 0.00012520653814999459,
            "weight_decay": 0.0
        },
        "model": {
            "num_embeddings": null,
            "d_main": 253,
            "context_dropout": 0.2541928796033428,
            "d_multiplier": 2.0,
            "encoder_n_blocks": 0,
            "predictor_n_blocks": 1,
            "mixer_normalization": "auto",
            "dropout0": 0.3875364678399937,
            "dropout1": 0.0,
            "normalization": "LayerNorm",
            "activation": "ReLU"
        }
    },
    "n_parameters": 582407,
    "prediction_type": null,
    "best_epoch": 27,
    "metrics": {
        "train": {
            "rmse": 0.5583089777332563,
            "mae": 0.40803543037329426,
            "r2": 0.6071487665176392,
            "corr": 0.7800624931134189,
            "score": -0.5583089777332563
        },
        "val": {
            "rmse": 0.5883932088494402,
            "mae": 0.4305614520640546,
            "r2": 0.507455050945282,
            "corr": 0.713705947405631,
            "score": -0.5883932088494402
        },
        "test": {
            "rmse": 0.6146976541120559,
            "mae": 0.4524532463977877,
            "r2": 0.5483046174049377,
            "corr": 0.7419466362031827,
            "score": -0.6146976541120559
        }
    },
    "time": "0:00:05.465842",
    "chunk_size": null,
    "eval_batch_size": 32768
}
