{
    "function": "bin.ensemble.main",
    "config": {
        "seeds": [
            0
        ]
    },
    "single_model_function": "bin.ffn.main",
    "data": ":data/TabZilla-OpenML-steel-plates-fault-tid=146817-fold=0",
    "prediction_type": "probs",
    "metrics": {
        "train": {
            "0": {
                "precision": 0.8167330677290837,
                "recall": 0.640625,
                "f1-score": 0.7180385288966725,
                "support": 320.0
            },
            "1": {
                "precision": 0.8918918918918919,
                "recall": 0.7333333333333333,
                "f1-score": 0.8048780487804879,
                "support": 45.0
            },
            "2": {
                "precision": 0.9870550161812298,
                "recall": 0.9775641025641025,
                "f1-score": 0.9822866344605475,
                "support": 312.0
            },
            "3": {
                "precision": 0.7165932452276065,
                "recall": 0.9053803339517625,
                "f1-score": 0.8,
                "support": 539.0
            },
            "4": {
                "precision": 0.9230769230769231,
                "recall": 0.47244094488188976,
                "f1-score": 0.625,
                "support": 127.0
            },
            "5": {
                "precision": 0.9649122807017544,
                "recall": 0.9649122807017544,
                "f1-score": 0.9649122807017544,
                "support": 57.0
            },
            "6": {
                "precision": 0.9210526315789473,
                "recall": 0.9210526315789473,
                "f1-score": 0.9210526315789473,
                "support": 152.0
            },
            "accuracy": 0.8286082474226805,
            "macro avg": {
                "precision": 0.8887592937696339,
                "recall": 0.8021869467159701,
                "f1-score": 0.8308811606312013,
                "support": 1552.0
            },
            "weighted avg": {
                "precision": 0.8427354447586566,
                "recall": 0.8286082474226805,
                "f1-score": 0.8234795563104047,
                "support": 1552.0
            },
            "cross-entropy": 0.4364878567761396,
            "roc-auc": 0.9821255175358026,
            "f1-weighted": 0.8234795563104047,
            "f1-macro": 0.8308811606312013,
            "f1-micro": 0.8286082474226805,
            "score": 0.8286082474226805
        },
        "val": {
            "0": {
                "precision": 0.6764705882352942,
                "recall": 0.5609756097560976,
                "f1-score": 0.6133333333333333,
                "support": 41.0
            },
            "1": {
                "precision": 1.0,
                "recall": 1.0,
                "f1-score": 1.0,
                "support": 5.0
            },
            "2": {
                "precision": 0.95,
                "recall": 0.9743589743589743,
                "f1-score": 0.9620253164556962,
                "support": 39.0
            },
            "3": {
                "precision": 0.7631578947368421,
                "recall": 0.8656716417910447,
                "f1-score": 0.8111888111888111,
                "support": 67.0
            },
            "4": {
                "precision": 0.7272727272727273,
                "recall": 0.5,
                "f1-score": 0.5925925925925926,
                "support": 16.0
            },
            "5": {
                "precision": 0.7777777777777778,
                "recall": 1.0,
                "f1-score": 0.875,
                "support": 7.0
            },
            "6": {
                "precision": 0.8947368421052632,
                "recall": 0.8947368421052632,
                "f1-score": 0.8947368421052632,
                "support": 19.0
            },
            "accuracy": 0.8041237113402062,
            "macro avg": {
                "precision": 0.8270594043039863,
                "recall": 0.8279632954301971,
                "f1-score": 0.8212681279536708,
                "support": 194.0
            },
            "weighted avg": {
                "precision": 0.798957119308369,
                "recall": 0.8041237113402062,
                "f1-score": 0.7970195146369621,
                "support": 194.0
            },
            "cross-entropy": 0.5571295347817962,
            "roc-auc": 0.9725977830896116,
            "f1-weighted": 0.7970195146369621,
            "f1-macro": 0.8212681279536708,
            "f1-micro": 0.8041237113402062,
            "score": 0.8041237113402062
        },
        "test": {
            "0": {
                "precision": 0.6571428571428571,
                "recall": 0.5609756097560976,
                "f1-score": 0.6052631578947368,
                "support": 41.0
            },
            "1": {
                "precision": 0.8333333333333334,
                "recall": 1.0,
                "f1-score": 0.9090909090909091,
                "support": 5.0
            },
            "2": {
                "precision": 0.9487179487179487,
                "recall": 0.925,
                "f1-score": 0.9367088607594937,
                "support": 40.0
            },
            "3": {
                "precision": 0.675,
                "recall": 0.8059701492537313,
                "f1-score": 0.7346938775510204,
                "support": 67.0
            },
            "4": {
                "precision": 0.8888888888888888,
                "recall": 0.5333333333333333,
                "f1-score": 0.6666666666666666,
                "support": 15.0
            },
            "5": {
                "precision": 1.0,
                "recall": 0.875,
                "f1-score": 0.9333333333333333,
                "support": 8.0
            },
            "6": {
                "precision": 0.8421052631578947,
                "recall": 0.8421052631578947,
                "f1-score": 0.8421052631578947,
                "support": 19.0
            },
            "accuracy": 0.7692307692307693,
            "macro avg": {
                "precision": 0.8350268987487032,
                "recall": 0.7917691936430081,
                "f1-score": 0.8039802954934363,
                "support": 195.0
            },
            "weighted avg": {
                "precision": 0.7775208979055134,
                "recall": 0.7692307692307693,
                "f1-score": 0.7667731021133515,
                "support": 195.0
            },
            "cross-entropy": 0.6362058949780234,
            "roc-auc": 0.9656951321392915,
            "f1-weighted": 0.7667731021133515,
            "f1-macro": 0.8039802954934363,
            "f1-micro": 0.7692307692307693,
            "score": 0.7692307692307693
        }
    }
}
