{
    "function": "bin.ensemble.main",
    "config": {
        "seeds": [
            0
        ]
    },
    "single_model_function": "bin.tabr_scaling.main",
    "data": ":data/CTR23-OpenML-tid=361619-ctr23_361619-seed=0",
    "prediction_type": null,
    "metrics": {
        "train": {
            "rmse": 2.3826040214925635,
            "mae": 1.7075235603374495,
            "r2": 0.4297263026237488,
            "corr": 0.6569866013812706,
            "score": -2.3826040214925635
        },
        "val": {
            "rmse": 3.2173549791869966,
            "mae": 2.259805326929154,
            "r2": 0.269050657749176,
            "corr": 0.5206732565925225,
            "score": -3.2173549791869966
        },
        "test": {
            "rmse": 2.6087969347781104,
            "mae": 2.1681926216092506,
            "r2": 0.11453479528427124,
            "corr": 0.471780048067865,
            "score": -2.6087969347781104
        }
    }
}
