{
    "function": "bin.ensemble.main",
    "config": {
        "seeds": [
            0
        ]
    },
    "single_model_function": "bin.xgboost_.main",
    "data": ":data/CTR23-OpenML-tid=361257-ctr23_361257-seed=0",
    "prediction_type": null,
    "metrics": {
        "train": {
            "rmse": 343.0535735518396,
            "mae": 196.04459239887,
            "r2": 0.9925894141197205,
            "corr": 0.9962988224268037,
            "score": -343.0535735518396
        },
        "val": {
            "rmse": 524.2259305412022,
            "mae": 266.70284938861005,
            "r2": 0.9832108616828918,
            "corr": 0.9915991604782236,
            "score": -524.2259305412022
        },
        "test": {
            "rmse": 511.7931731182519,
            "mae": 257.02034284026195,
            "r2": 0.9830900430679321,
            "corr": 0.991518314405965,
            "score": -511.7931731182519
        }
    }
}
