{
    "function": "bin.ffn.main",
    "gpus": [
        "NVIDIA RTX 6000 Ada Generation"
    ],
    "config": {
        "seed": 0,
        "batch_size": 256,
        "patience": 16,
        "n_epochs": Infinity,
        "data": {
            "seed": 0,
            "cache": true,
            "num_policy": "quantile",
            "cat_policy": null,
            "y_policy": "standard",
            "path": ":data/CTR23-OpenML-tid=361235-ctr23_361235-seed=0"
        },
        "optimizer": {
            "type": "AdamW",
            "lr": 1.8661567862395527e-05,
            "weight_decay": 1.519656816607237e-05
        },
        "model": {
            "backbone": {
                "type": "MLP",
                "n_blocks": 4,
                "d_layer": 691,
                "dropout": 0.0,
                "activation": "ReLU"
            },
            "num_embeddings": {
                "type": "PLREmbeddings",
                "n_frequencies": 88,
                "frequency_scale": 0.2952891435379983,
                "d_embedding": 37,
                "lite": true
            }
        }
    },
    "n_parameters": 1570723,
    "prediction_type": null,
    "best_epoch": 449,
    "metrics": {
        "train": {
            "rmse": 0.4425713037024437,
            "mae": 0.293177081456804,
            "r2": 0.9958268404006958,
            "corr": 0.9979420977994878,
            "score": -0.4425713037024437
        },
        "val": {
            "rmse": 1.2012532300492802,
            "mae": 0.845079949213158,
            "r2": 0.9677739143371582,
            "corr": 0.9837960517684597,
            "score": -1.2012532300492802
        },
        "test": {
            "rmse": 1.0622312408422223,
            "mae": 0.7744286598723775,
            "r2": 0.9794067144393921,
            "corr": 0.9897947786055253,
            "score": -1.0622312408422223
        }
    },
    "time": "0:00:11.515421",
    "chunk_size": null,
    "eval_batch_size": 32768
}
