{
    "function": "bin.ensemble.main",
    "config": {
        "seeds": [
            0
        ]
    },
    "single_model_function": "bin.xgboost_.main",
    "data": ":data/CTR23-OpenML-tid=361623-ctr23_361623-fold=1-seed=0",
    "prediction_type": null,
    "metrics": {
        "train": {
            "rmse": 0.06858658848860698,
            "mae": 0.049408398265953224,
            "r2": 0.8813847303390503,
            "corr": 0.9401809496923922,
            "score": -0.06858658848860698
        },
        "val": {
            "rmse": 0.1019339499103879,
            "mae": 0.07494557141447089,
            "r2": 0.6971489191055298,
            "corr": 0.8358004635690746,
            "score": -0.1019339499103879
        },
        "test": {
            "rmse": 0.12283823408877746,
            "mae": 0.0892811640190061,
            "r2": 0.6503247022628784,
            "corr": 0.807320459517626,
            "score": -0.12283823408877746
        }
    }
}
