{
    "function": "bin.ensemble.main",
    "config": {
        "seeds": [
            0
        ]
    },
    "single_model_function": "bin.tabr.main",
    "data": ":data/TabZilla-OpenML-spambase-tid=43-fold=1",
    "prediction_type": "probs",
    "metrics": {
        "train": {
            "0": {
                "precision": 0.9798837729101475,
                "recall": 0.982078853046595,
                "f1-score": 0.9809800850302081,
                "support": 2232.0
            },
            "1": {
                "precision": 0.9722991689750693,
                "recall": 0.968944099378882,
                "f1-score": 0.97061873487729,
                "support": 1449.0
            },
            "accuracy": 0.9769084487910894,
            "macro avg": {
                "precision": 0.9760914709426084,
                "recall": 0.9755114762127386,
                "f1-score": 0.975799409953749,
                "support": 3681.0
            },
            "weighted avg": {
                "precision": 0.9768981464222561,
                "recall": 0.9769084487910894,
                "f1-score": 0.9769014117426291,
                "support": 3681.0
            },
            "cross-entropy": 0.0743906576981058,
            "roc-auc": 0.9946542665687127,
            "f1-weighted": 0.9769014117426291,
            "f1-macro": 0.975799409953749,
            "f1-micro": 0.9769084487910894,
            "score": 0.9769084487910894
        },
        "val": {
            "0": {
                "precision": 0.978494623655914,
                "recall": 0.9820143884892086,
                "f1-score": 0.9802513464991023,
                "support": 278.0
            },
            "1": {
                "precision": 0.9723756906077348,
                "recall": 0.967032967032967,
                "f1-score": 0.9696969696969697,
                "support": 182.0
            },
            "accuracy": 0.9760869565217392,
            "macro avg": {
                "precision": 0.9754351571318244,
                "recall": 0.9745236777610878,
                "f1-score": 0.974974158098036,
                "support": 460.0
            },
            "weighted avg": {
                "precision": 0.9760736544933734,
                "recall": 0.9760869565217392,
                "f1-score": 0.9760754843730411,
                "support": 460.0
            },
            "cross-entropy": 0.09522343629252854,
            "roc-auc": 0.9935568029093209,
            "f1-weighted": 0.9760754843730411,
            "f1-macro": 0.974974158098036,
            "f1-micro": 0.9760869565217392,
            "score": 0.9760869565217392
        },
        "test": {
            "0": {
                "precision": 0.9713261648745519,
                "recall": 0.9748201438848921,
                "f1-score": 0.9730700179533214,
                "support": 278.0
            },
            "1": {
                "precision": 0.9613259668508287,
                "recall": 0.9560439560439561,
                "f1-score": 0.9586776859504132,
                "support": 182.0
            },
            "accuracy": 0.967391304347826,
            "macro avg": {
                "precision": 0.9663260658626903,
                "recall": 0.9654320499644241,
                "f1-score": 0.9658738519518673,
                "support": 460.0
            },
            "weighted avg": {
                "precision": 0.967369564786905,
                "recall": 0.967391304347826,
                "f1-score": 0.9673756605086925,
                "support": 460.0
            },
            "cross-entropy": 0.09594503009662896,
            "roc-auc": 0.9937346825836034,
            "f1-weighted": 0.9673756605086925,
            "f1-macro": 0.9658738519518673,
            "f1-micro": 0.967391304347826,
            "score": 0.967391304347826
        }
    }
}
