{
    "function": "bin.ensemble.main",
    "config": {
        "seeds": [
            0
        ]
    },
    "single_model_function": "bin.ffn.main",
    "data": ":data/TabZilla-OpenML-satimage-tid=2074-fold=0",
    "prediction_type": "probs",
    "metrics": {
        "train": {
            "0": {
                "precision": 0.9911003236245954,
                "recall": 1.0,
                "f1-score": 0.995530272247054,
                "support": 1225.0
            },
            "1": {
                "precision": 0.9946714031971581,
                "recall": 0.9946714031971581,
                "f1-score": 0.9946714031971581,
                "support": 563.0
            },
            "2": {
                "precision": 0.8829348722176422,
                "recall": 0.9880073800738007,
                "f1-score": 0.9325206791467131,
                "support": 1084.0
            },
            "3": {
                "precision": 0.8967391304347826,
                "recall": 0.6613226452905812,
                "f1-score": 0.7612456747404844,
                "support": 499.0
            },
            "4": {
                "precision": 0.9528795811518325,
                "recall": 0.9629629629629629,
                "f1-score": 0.9578947368421052,
                "support": 567.0
            },
            "5": {
                "precision": 0.9479429051217464,
                "recall": 0.9361525704809287,
                "f1-score": 0.9420108468919483,
                "support": 1206.0
            },
            "accuracy": 0.9449844479004665,
            "macro avg": {
                "precision": 0.9443780359579597,
                "recall": 0.9238528270009053,
                "f1-score": 0.9306456021775772,
                "support": 5144.0
            },
            "weighted avg": {
                "precision": 0.9452126730367273,
                "recall": 0.9449844479004665,
                "f1-score": 0.9427352232765052,
                "support": 5144.0
            },
            "cross-entropy": 0.14274792824678723,
            "roc-auc": 0.9946404650325064,
            "f1-weighted": 0.9427352232765052,
            "f1-macro": 0.9306456021775772,
            "f1-micro": 0.9449844479004665,
            "score": 0.9449844479004665
        },
        "val": {
            "0": {
                "precision": 0.9935064935064936,
                "recall": 1.0,
                "f1-score": 0.996742671009772,
                "support": 153.0
            },
            "1": {
                "precision": 0.9705882352941176,
                "recall": 0.9428571428571428,
                "f1-score": 0.9565217391304348,
                "support": 70.0
            },
            "2": {
                "precision": 0.9166666666666666,
                "recall": 0.9705882352941176,
                "f1-score": 0.9428571428571428,
                "support": 136.0
            },
            "3": {
                "precision": 0.8545454545454545,
                "recall": 0.746031746031746,
                "f1-score": 0.7966101694915254,
                "support": 63.0
            },
            "4": {
                "precision": 0.9565217391304348,
                "recall": 0.9428571428571428,
                "f1-score": 0.9496402877697842,
                "support": 70.0
            },
            "5": {
                "precision": 0.9281045751633987,
                "recall": 0.9403973509933775,
                "f1-score": 0.9342105263157895,
                "support": 151.0
            },
            "accuracy": 0.942457231726283,
            "macro avg": {
                "precision": 0.9366555273844277,
                "recall": 0.9237886030055877,
                "f1-score": 0.9294304227624082,
                "support": 643.0
            },
            "weighted avg": {
                "precision": 0.9417589624710975,
                "recall": 0.942457231726283,
                "f1-score": 0.9415455243044047,
                "support": 643.0
            },
            "cross-entropy": 0.20511331633784155,
            "roc-auc": 0.9927374632558974,
            "f1-weighted": 0.9415455243044047,
            "f1-macro": 0.9294304227624082,
            "f1-micro": 0.942457231726283,
            "score": 0.942457231726283
        },
        "test": {
            "0": {
                "precision": 0.9867549668874173,
                "recall": 0.9738562091503268,
                "f1-score": 0.9802631578947368,
                "support": 153.0
            },
            "1": {
                "precision": 0.9857142857142858,
                "recall": 0.9857142857142858,
                "f1-score": 0.9857142857142858,
                "support": 70.0
            },
            "2": {
                "precision": 0.8220858895705522,
                "recall": 0.9852941176470589,
                "f1-score": 0.8963210702341137,
                "support": 136.0
            },
            "3": {
                "precision": 0.723404255319149,
                "recall": 0.5396825396825397,
                "f1-score": 0.6181818181818182,
                "support": 63.0
            },
            "4": {
                "precision": 0.8888888888888888,
                "recall": 0.9142857142857143,
                "f1-score": 0.9014084507042254,
                "support": 70.0
            },
            "5": {
                "precision": 0.9071428571428571,
                "recall": 0.8410596026490066,
                "f1-score": 0.872852233676976,
                "support": 151.0
            },
            "accuracy": 0.8973561430793157,
            "macro avg": {
                "precision": 0.8856651905871917,
                "recall": 0.8733154115214887,
                "f1-score": 0.8757901694010259,
                "support": 643.0
            },
            "weighted avg": {
                "precision": 0.8966601129879782,
                "recall": 0.8973561430793157,
                "f1-score": 0.8938175149140091,
                "support": 643.0
            },
            "cross-entropy": 0.2873455014643879,
            "roc-auc": 0.9867920637005855,
            "f1-weighted": 0.8938175149140091,
            "f1-macro": 0.8757901694010259,
            "f1-micro": 0.8973561430793157,
            "score": 0.8973561430793157
        }
    }
}
