{
    "function": "bin.ensemble.main",
    "config": {
        "seeds": [
            0
        ]
    },
    "single_model_function": "bin.ffn.main",
    "data": ":data/CTR23-OpenML-tid=361250-ctr23_361250-seed=0",
    "prediction_type": null,
    "metrics": {
        "train": {
            "rmse": 0.40280908073631405,
            "mae": 0.30428595888067456,
            "r2": 0.7511675953865051,
            "corr": 0.8700757516422857,
            "score": -0.40280908073631405
        },
        "val": {
            "rmse": 0.5733323422358743,
            "mae": 0.43450797332934954,
            "r2": 0.4748491644859314,
            "corr": 0.7012343352514342,
            "score": -0.5733323422358743
        },
        "test": {
            "rmse": 0.7139343824220924,
            "mae": 0.5192198335302649,
            "r2": 0.25348252058029175,
            "corr": 0.5413794946128192,
            "score": -0.7139343824220924
        }
    }
}
