{
    "function": "bin.ensemble.main",
    "config": {
        "seeds": [
            0
        ]
    },
    "single_model_function": "bin.ffn.main",
    "data": ":data/TabZilla-OpenML-vowel-tid=3022-fold=1",
    "prediction_type": "probs",
    "metrics": {
        "train": {
            "0": {
                "precision": 1.0,
                "recall": 1.0,
                "f1-score": 1.0,
                "support": 72.0
            },
            "1": {
                "precision": 1.0,
                "recall": 1.0,
                "f1-score": 1.0,
                "support": 72.0
            },
            "2": {
                "precision": 1.0,
                "recall": 1.0,
                "f1-score": 1.0,
                "support": 72.0
            },
            "3": {
                "precision": 1.0,
                "recall": 1.0,
                "f1-score": 1.0,
                "support": 72.0
            },
            "4": {
                "precision": 0.96,
                "recall": 1.0,
                "f1-score": 0.9795918367346939,
                "support": 72.0
            },
            "5": {
                "precision": 1.0,
                "recall": 0.9722222222222222,
                "f1-score": 0.9859154929577465,
                "support": 72.0
            },
            "6": {
                "precision": 0.9714285714285714,
                "recall": 0.9444444444444444,
                "f1-score": 0.9577464788732394,
                "support": 72.0
            },
            "7": {
                "precision": 0.9473684210526315,
                "recall": 1.0,
                "f1-score": 0.972972972972973,
                "support": 72.0
            },
            "8": {
                "precision": 1.0,
                "recall": 1.0,
                "f1-score": 1.0,
                "support": 72.0
            },
            "9": {
                "precision": 1.0,
                "recall": 0.9583333333333334,
                "f1-score": 0.9787234042553191,
                "support": 72.0
            },
            "10": {
                "precision": 1.0,
                "recall": 1.0,
                "f1-score": 1.0,
                "support": 72.0
            },
            "accuracy": 0.9886363636363636,
            "macro avg": {
                "precision": 0.9889815447710184,
                "recall": 0.9886363636363638,
                "f1-score": 0.9886318350721793,
                "support": 792.0
            },
            "weighted avg": {
                "precision": 0.9889815447710184,
                "recall": 0.9886363636363636,
                "f1-score": 0.9886318350721793,
                "support": 792.0
            },
            "cross-entropy": 0.05916845083996336,
            "roc-auc": 0.9998351571268238,
            "f1-weighted": 0.9886318350721793,
            "f1-macro": 0.9886318350721793,
            "f1-micro": 0.9886363636363636,
            "score": 0.9886363636363636
        },
        "val": {
            "0": {
                "precision": 1.0,
                "recall": 1.0,
                "f1-score": 1.0,
                "support": 9.0
            },
            "1": {
                "precision": 1.0,
                "recall": 1.0,
                "f1-score": 1.0,
                "support": 9.0
            },
            "2": {
                "precision": 1.0,
                "recall": 1.0,
                "f1-score": 1.0,
                "support": 9.0
            },
            "3": {
                "precision": 1.0,
                "recall": 1.0,
                "f1-score": 1.0,
                "support": 9.0
            },
            "4": {
                "precision": 0.9,
                "recall": 1.0,
                "f1-score": 0.9473684210526315,
                "support": 9.0
            },
            "5": {
                "precision": 1.0,
                "recall": 0.8888888888888888,
                "f1-score": 0.9411764705882353,
                "support": 9.0
            },
            "6": {
                "precision": 0.9,
                "recall": 1.0,
                "f1-score": 0.9473684210526315,
                "support": 9.0
            },
            "7": {
                "precision": 1.0,
                "recall": 1.0,
                "f1-score": 1.0,
                "support": 9.0
            },
            "8": {
                "precision": 1.0,
                "recall": 1.0,
                "f1-score": 1.0,
                "support": 9.0
            },
            "9": {
                "precision": 1.0,
                "recall": 0.8888888888888888,
                "f1-score": 0.9411764705882353,
                "support": 9.0
            },
            "10": {
                "precision": 1.0,
                "recall": 1.0,
                "f1-score": 1.0,
                "support": 9.0
            },
            "accuracy": 0.9797979797979798,
            "macro avg": {
                "precision": 0.9818181818181819,
                "recall": 0.9797979797979799,
                "f1-score": 0.9797354348437941,
                "support": 99.0
            },
            "weighted avg": {
                "precision": 0.9818181818181818,
                "recall": 0.9797979797979798,
                "f1-score": 0.979735434843794,
                "support": 99.0
            },
            "cross-entropy": 0.09999030185342275,
            "roc-auc": 0.9991021324354659,
            "f1-weighted": 0.979735434843794,
            "f1-macro": 0.9797354348437941,
            "f1-micro": 0.9797979797979798,
            "score": 0.9797979797979798
        },
        "test": {
            "0": {
                "precision": 1.0,
                "recall": 1.0,
                "f1-score": 1.0,
                "support": 9.0
            },
            "1": {
                "precision": 1.0,
                "recall": 1.0,
                "f1-score": 1.0,
                "support": 9.0
            },
            "2": {
                "precision": 0.9,
                "recall": 1.0,
                "f1-score": 0.9473684210526315,
                "support": 9.0
            },
            "3": {
                "precision": 1.0,
                "recall": 0.8888888888888888,
                "f1-score": 0.9411764705882353,
                "support": 9.0
            },
            "4": {
                "precision": 0.75,
                "recall": 1.0,
                "f1-score": 0.8571428571428571,
                "support": 9.0
            },
            "5": {
                "precision": 0.9,
                "recall": 1.0,
                "f1-score": 0.9473684210526315,
                "support": 9.0
            },
            "6": {
                "precision": 1.0,
                "recall": 1.0,
                "f1-score": 1.0,
                "support": 9.0
            },
            "7": {
                "precision": 1.0,
                "recall": 0.8888888888888888,
                "f1-score": 0.9411764705882353,
                "support": 9.0
            },
            "8": {
                "precision": 1.0,
                "recall": 1.0,
                "f1-score": 1.0,
                "support": 9.0
            },
            "9": {
                "precision": 1.0,
                "recall": 0.7777777777777778,
                "f1-score": 0.875,
                "support": 9.0
            },
            "10": {
                "precision": 1.0,
                "recall": 0.8888888888888888,
                "f1-score": 0.9411764705882353,
                "support": 9.0
            },
            "accuracy": 0.9494949494949495,
            "macro avg": {
                "precision": 0.9590909090909091,
                "recall": 0.9494949494949497,
                "f1-score": 0.9500371919102569,
                "support": 99.0
            },
            "weighted avg": {
                "precision": 0.9590909090909091,