{
    "function": "bin.xgboost_.main",
    "gpus": [
        "NVIDIA RTX 6000 Ada Generation"
    ],
    "config": {
        "seed": 0,
        "data": {
            "seed": 0,
            "num_policy": "quantile",
            "cache": true,
            "cat_policy": "one-hot",
            "y_policy": "standard",
            "path": ":data/CTR23-OpenML-tid=361257-ctr23_361257-seed=0"
        },
        "model": {
            "booster": "gbtree",
            "early_stopping_rounds": 200,
            "n_estimators": 4000,
            "n_jobs": 1,
            "tree_method": "gpu_hist",
            "use_label_encoder": false,
            "colsample_byree": 0.658991589696988,
            "gamma": 0,
            "lambda": 0.0,
            "learning_rate": 0.006254152586876391,
            "max_depth": 9,
            "min_child_weight": 0.0003661365327691201,
            "subsample": 0.7879732477780896
        },
        "fit": {
            "verbose": true
        },
        "neighbors": null
    },
    "prediction_type": null,
    "time": "0:00:33.873989",
    "best_iteration": 1300,
    "metrics": {
        "train": {
            "rmse": 343.0535735518396,
            "mae": 196.04459239887,
            "r2": 0.9925894141197205,
            "corr": 0.9962988224268037,
            "score": -343.0535735518396
        },
        "val": {
            "rmse": 524.2259305412022,
            "mae": 266.70284938861005,
            "r2": 0.9832108616828918,
            "corr": 0.9915991604782236,
            "score": -524.2259305412022
        },
        "test": {
            "rmse": 511.7931731182519,
            "mae": 257.02034284026195,
            "r2": 0.9830900430679321,
            "corr": 0.991518314405965,
            "score": -511.7931731182519
        }
    }
}
