{
    "function": "bin.ensemble.main",
    "config": {
        "seeds": [
            0
        ]
    },
    "single_model_function": "bin.tabr_scaling.main",
    "data": ":data/TabZilla-OpenML-churn-tid=167141-fold=0",
    "prediction_type": "probs",
    "metrics": {
        "train": {
            "0": {
                "precision": 0.9760956175298805,
                "recall": 0.9991261287503641,
                "f1-score": 0.9874766086080322,
                "support": 3433.0
            },
            "1": {
                "precision": 0.9938271604938271,
                "recall": 0.8518518518518519,
                "f1-score": 0.9173789173789174,
                "support": 567.0
            },
            "accuracy": 0.97825,
            "macro avg": {
                "precision": 0.9849613890118538,
                "recall": 0.925488990301108,
                "f1-score": 0.9524277629934748,
                "support": 4000.0
            },
            "weighted avg": {
                "precision": 0.97860906374502,
                "recall": 0.97825,
                "f1-score": 0.9775402608763052,
                "support": 4000.0
            },
            "cross-entropy": 0.08610248277445606,
            "roc-auc": 0.9753415213168586,
            "f1-weighted": 0.9775402608763052,
            "f1-macro": 0.9524277629934748,
            "f1-micro": 0.97825,
            "score": 0.97825
        },
        "val": {
            "0": {
                "precision": 0.9618834080717489,
                "recall": 0.9976744186046511,
                "f1-score": 0.9794520547945206,
                "support": 430.0
            },
            "1": {
                "precision": 0.9814814814814815,
                "recall": 0.7571428571428571,
                "f1-score": 0.8548387096774194,
                "support": 70.0
            },
            "accuracy": 0.964,
            "macro avg": {
                "precision": 0.9716824447766153,
                "recall": 0.8774086378737541,
                "f1-score": 0.91714538223597,
                "support": 500.0
            },
            "weighted avg": {
                "precision": 0.9646271383491114,
                "recall": 0.964,
                "f1-score": 0.9620061864781264,
                "support": 500.0
            },
            "cross-entropy": 0.166617383824149,
            "roc-auc": 0.9096013289036544,
            "f1-weighted": 0.9620061864781264,
            "f1-macro": 0.91714538223597,
            "f1-micro": 0.964,
            "score": 0.964
        },
        "test": {
            "0": {
                "precision": 0.9485458612975392,
                "recall": 0.986046511627907,
                "f1-score": 0.9669327251995439,
                "support": 430.0
            },
            "1": {
                "precision": 0.8867924528301887,
                "recall": 0.6714285714285714,
                "f1-score": 0.7642276422764228,
                "support": 70.0
            },
            "accuracy": 0.942,
            "macro avg": {
                "precision": 0.917669157063864,
                "recall": 0.8287375415282392,
                "f1-score": 0.8655801837379833,
                "support": 500.0
            },
            "weighted avg": {
                "precision": 0.9399003841121102,
                "recall": 0.942,
                "f1-score": 0.9385540135903069,
                "support": 500.0
            },
            "cross-entropy": 0.21412625977040492,
            "roc-auc": 0.881594684385382,
            "f1-weighted": 0.9385540135903069,
            "f1-macro": 0.8655801837379833,
            "f1-micro": 0.942,
            "score": 0.942
        }
    }
}
