{
    "function": "bin.ensemble.main",
    "config": {
        "seeds": [
            0
        ]
    },
    "single_model_function": "bin.tabr.main",
    "data": ":data/CTR23-OpenML-tid=361272-ctr23_361272-fold=1-seed=0",
    "prediction_type": null,
    "metrics": {
        "train": {
            "rmse": 8050.982051789761,
            "mae": 3852.5567551129498,
            "r2": 0.8276600241661072,
            "corr": 0.9100839736706606,
            "score": -8050.982051789761
        },
        "val": {
            "rmse": 8731.654580676597,
            "mae": 3768.7160112082493,
            "r2": 0.8040961027145386,
            "corr": 0.8972385982912223,
            "score": -8731.654580676597
        },
        "test": {
            "rmse": 11580.332383850446,
            "mae": 4404.441491269972,
            "r2": 0.652595043182373,
            "corr": 0.8176113667228677,
            "score": -11580.332383850446
        }
    }
}
