{
    "function": "bin.ensemble.main",
    "config": {
        "seeds": [
            0
        ]
    },
    "single_model_function": "bin.lightgbm_.main",
    "data": ":data/CTR23-OpenML-tid=361249-ctr23_361249-fold=0-seed=0",
    "prediction_type": null,
    "metrics": {
        "train": {
            "rmse": 0.1062057188031603,
            "mae": 0.0683148170286236,
            "r2": 0.9860128601002929,
            "corr": 0.9944522524889069,
            "score": -0.1062057188031603
        },
        "val": {
            "rmse": 0.5743834924501399,
            "mae": 0.40114114425369835,
            "r2": 0.5288555183483206,
            "corr": 0.7283671391390789,
            "score": -0.5743834924501399
        },
        "test": {
            "rmse": 0.5567532738088832,
            "mae": 0.38227711138833387,
            "r2": 0.5823734663875608,
            "corr": 0.7641680972989939,
            "score": -0.5567532738088832
        }
    }
}
