{
    "function": "bin.ensemble.main",
    "config": {
        "seeds": [
            0
        ]
    },
    "single_model_function": "bin.tabr.main",
    "data": ":data/TabZilla-OpenML-cylinder-bands-tid=14954-fold=0",
    "prediction_type": "probs",
    "metrics": {
        "train": {
            "0": {
                "precision": 0.9761904761904762,
                "recall": 0.9010989010989011,
                "f1-score": 0.9371428571428572,
                "support": 182.0
            },
            "1": {
                "precision": 0.9318181818181818,
                "recall": 0.984,
                "f1-score": 0.9571984435797666,
                "support": 250.0
            },
            "accuracy": 0.9490740740740741,
            "macro avg": {
                "precision": 0.954004329004329,
                "recall": 0.9425494505494505,
                "f1-score": 0.9471706503613119,
                "support": 432.0
            },
            "weighted avg": {
                "precision": 0.9505120650953984,
                "recall": 0.9490740740740741,
                "f1-score": 0.9487490992938463,
                "support": 432.0
            },
            "cross-entropy": 0.1765798167292623,
            "roc-auc": 0.9680659340659341,
            "f1-weighted": 0.9487490992938463,
            "f1-macro": 0.9471706503613119,
            "f1-micro": 0.9490740740740741,
            "score": 0.9490740740740741
        },
        "val": {
            "0": {
                "precision": 1.0,
                "recall": 0.9130434782608695,
                "f1-score": 0.9545454545454546,
                "support": 23.0
            },
            "1": {
                "precision": 0.9393939393939394,
                "recall": 1.0,
                "f1-score": 0.96875,
                "support": 31.0
            },
            "accuracy": 0.9629629629629629,
            "macro avg": {
                "precision": 0.9696969696969697,
                "recall": 0.9565217391304348,
                "f1-score": 0.9616477272727273,
                "support": 54.0
            },
            "weighted avg": {
                "precision": 0.9652076318742986,
                "recall": 0.9629629629629629,
                "f1-score": 0.9626999158249158,
                "support": 54.0
            },
            "cross-entropy": 0.17762040360554535,
            "roc-auc": 0.9845722300140253,
            "f1-weighted": 0.9626999158249158,
            "f1-macro": 0.9616477272727273,
            "f1-micro": 0.9629629629629629,
            "score": 0.9629629629629629
        },
        "test": {
            "0": {
                "precision": 0.8,
                "recall": 0.6956521739130435,
                "f1-score": 0.7441860465116279,
                "support": 23.0
            },
            "1": {
                "precision": 0.7941176470588235,
                "recall": 0.8709677419354839,
                "f1-score": 0.8307692307692308,
                "support": 31.0
            },
            "accuracy": 0.7962962962962963,
            "macro avg": {
                "precision": 0.7970588235294118,
                "recall": 0.7833099579242637,
                "f1-score": 0.7874776386404294,
                "support": 54.0
            },
            "weighted avg": {
                "precision": 0.7966230936819172,
                "recall": 0.7962962962962963,
                "f1-score": 0.7938912078446962,
                "support": 54.0
            },
            "cross-entropy": 0.4156123607800708,
            "roc-auc": 0.9396914446002805,
            "f1-weighted": 0.7938912078446962,
            "f1-macro": 0.7874776386404294,
            "f1-micro": 0.7962962962962963,
            "score": 0.7962962962962963
        }
    }
}
