{
    "function": "bin.ensemble.main",
    "config": {
        "seeds": [
            0
        ]
    },
    "single_model_function": "bin.ffn.main",
    "data": ":data/CTR23-OpenML-tid=361244-ctr23_361244-fold=1-seed=0",
    "prediction_type": null,
    "metrics": {
        "train": {
            "rmse": 0.7425854535483195,
            "mae": 0.37192285142768355,
            "r2": 0.21385091543197632,
            "corr": 0.46939365053990706,
            "score": -0.7425854535483195
        },
        "val": {
            "rmse": 0.7997594596810574,
            "mae": 0.35962946536889717,
            "r2": 0.09512513875961304,
            "corr": 0.314074118388128,
            "score": -0.7997594596810574
        },
        "test": {
            "rmse": 0.7536087845952861,
            "mae": 0.35137088400955463,
            "r2": 0.11438459157943726,
            "corr": 0.35807372159057305,
            "score": -0.7536087845952861
        }
    }
}
