{
    "function": "bin.ensemble.main",
    "config": {
        "seeds": [
            0
        ]
    },
    "single_model_function": "bin.tabr_scaling.main",
    "data": ":data/TabZilla-OpenML-vehicle-53",
    "prediction_type": "probs",
    "metrics": {
        "train": {
            "0": {
                "precision": 1.0,
                "recall": 1.0,
                "f1-score": 1.0,
                "support": 174.0
            },
            "1": {
                "precision": 0.7897727272727273,
                "recall": 0.8176470588235294,
                "f1-score": 0.8034682080924855,
                "support": 170.0
            },
            "2": {
                "precision": 0.8192771084337349,
                "recall": 0.7861271676300579,
                "f1-score": 0.8023598820058997,
                "support": 173.0
            },
            "3": {
                "precision": 0.99375,
                "recall": 1.0,
                "f1-score": 0.9968652037617555,
                "support": 159.0
            },
            "accuracy": 0.8994082840236687,
            "macro avg": {
                "precision": 0.9006999589266155,
                "recall": 0.9009435566133968,
                "f1-score": 0.9006733234650353,
                "support": 676.0
            },
            "weighted avg": {
                "precision": 0.8994120612357985,
                "recall": 0.8994082840236687,
                "f1-score": 0.8992595005338199,
                "support": 676.0
            },
            "cross-entropy": 0.26090682570218415,
            "score": 0.8994082840236687
        },
        "val": {
            "0": {
                "precision": 1.0,
                "recall": 1.0,
                "f1-score": 1.0,
                "support": 22.0
            },
            "1": {
                "precision": 0.8125,
                "recall": 0.6190476190476191,
                "f1-score": 0.7027027027027027,
                "support": 21.0
            },
            "2": {
                "precision": 0.6923076923076923,
                "recall": 0.8181818181818182,
                "f1-score": 0.75,
                "support": 22.0
            },
            "3": {
                "precision": 0.9523809523809523,
                "recall": 1.0,
                "f1-score": 0.975609756097561,
                "support": 20.0
            },
            "accuracy": 0.8588235294117647,
            "macro avg": {
                "precision": 0.8642971611721613,
                "recall": 0.8593073593073594,
                "f1-score": 0.8570781147000659,
                "support": 85.0
            },
            "weighted avg": {
                "precision": 0.8628339797457445,
                "recall": 0.8588235294117647,
                "f1-score": 0.8561053162200939,
                "support": 85.0
            },
            "cross-entropy": 0.3430493785441857,
            "score": 0.8588235294117647
        },
        "test": {
            "0": {
                "precision": 1.0,
                "recall": 1.0,
                "f1-score": 1.0,
                "support": 22.0
            },
            "1": {
                "precision": 0.8888888888888888,
                "recall": 0.7619047619047619,
                "f1-score": 0.8205128205128205,
                "support": 21.0
            },
            "2": {
                "precision": 0.8695652173913043,
                "recall": 0.9090909090909091,
                "f1-score": 0.8888888888888888,
                "support": 22.0
            },
            "3": {
                "precision": 0.9090909090909091,
                "recall": 1.0,
                "f1-score": 0.9523809523809523,
                "support": 20.0
            },
            "accuracy": 0.9176470588235294,
            "macro avg": {
                "precision": 0.9168862538427756,
                "recall": 0.9177489177489178,
                "f1-score": 0.9154456654456655,
                "support": 85.0
            },
            "weighted avg": {
                "precision": 0.9173990544834533,
                "recall": 0.9176470588235294,
                "f1-score": 0.9156934568699274,
                "support": 85.0
            },
            "cross-entropy": 0.35018026370399996,
            "score": 0.9176470588235294
        }
    }
}
