{
    "function": "bin.ensemble.main",
    "config": {
        "seeds": [
            0
        ]
    },
    "single_model_function": "bin.lightgbm_.main",
    "data": ":data/CTR23-OpenML-tid=361621-ctr23_361621-fold=1-seed=0",
    "prediction_type": null,
    "metrics": {
        "train": {
            "rmse": 0.5187297683982169,
            "mae": 0.36897147946584957,
            "r2": 0.8692231376626385,
            "corr": 0.9347879746686478,
            "score": -0.5187297683982169
        },
        "val": {
            "rmse": 0.7888236541403562,
            "mae": 0.5878298406840831,
            "r2": 0.7290287460566383,
            "corr": 0.8549386015871993,
            "score": -0.7888236541403562
        },
        "test": {
            "rmse": 0.9880105305444592,
            "mae": 0.700788225098587,
            "r2": 0.5736974517663012,
            "corr": 0.7619921050846272,
            "score": -0.9880105305444592
        }
    }
}
