{
    "function": "bin.ensemble.main",
    "config": {
        "seeds": [
            0
        ]
    },
    "single_model_function": "bin.xgboost_.main",
    "data": ":data/TabZilla-OpenML-blood-transfusion-service-center-tid=10101-fold=1",
    "prediction_type": "probs",
    "metrics": {
        "train": {
            "0": {
                "precision": 0.8601694915254238,
                "recall": 0.8903508771929824,
                "f1-score": 0.875,
                "support": 456.0
            },
            "1": {
                "precision": 0.6031746031746031,
                "recall": 0.5352112676056338,
                "f1-score": 0.5671641791044776,
                "support": 142.0
            },
            "accuracy": 0.8060200668896321,
            "macro avg": {
                "precision": 0.7316720473500135,
                "recall": 0.7127810723993081,
                "f1-score": 0.7210820895522387,
                "support": 598.0
            },
            "weighted avg": {
                "precision": 0.7991439494755634,
                "recall": 0.8060200668896321,
                "f1-score": 0.8019018619278191,
                "support": 598.0
            },
            "cross-entropy": 2.1941332780692524,
            "roc-auc": 0.7308500123548307,
            "f1-weighted": 0.8019018619278191,
            "f1-macro": 0.7210820895522387,
            "f1-micro": 0.8060200668896321,
            "score": 0.8060200668896321
        },
        "val": {
            "0": {
                "precision": 0.8059701492537313,
                "recall": 0.9473684210526315,
                "f1-score": 0.8709677419354839,
                "support": 57.0
            },
            "1": {
                "precision": 0.625,
                "recall": 0.2777777777777778,
                "f1-score": 0.38461538461538464,
                "support": 18.0
            },
            "accuracy": 0.7866666666666666,
            "macro avg": {
                "precision": 0.7154850746268657,
                "recall": 0.6125730994152047,
                "f1-score": 0.6277915632754343,
                "support": 75.0
            },
            "weighted avg": {
                "precision": 0.7625373134328358,
                "recall": 0.7866666666666666,
                "f1-score": 0.7542431761786601,
                "support": 75.0
            },
            "cross-entropy": 2.303067495246311,
            "roc-auc": 0.6574074074074074,
            "f1-weighted": 0.7542431761786601,
            "f1-macro": 0.6277915632754343,
            "f1-micro": 0.7866666666666666,
            "score": 0.7866666666666666
        },
        "test": {
            "0": {
                "precision": 0.8135593220338984,
                "recall": 0.8421052631578947,
                "f1-score": 0.8275862068965517,
                "support": 57.0
            },
            "1": {
                "precision": 0.4375,
                "recall": 0.3888888888888889,
                "f1-score": 0.4117647058823529,
                "support": 18.0
            },
            "accuracy": 0.7333333333333333,
            "macro avg": {
                "precision": 0.6255296610169492,
                "recall": 0.6154970760233918,
                "f1-score": 0.6196754563894523,
                "support": 75.0
            },
            "weighted avg": {
                "precision": 0.7233050847457627,
                "recall": 0.7333333333333333,
                "f1-score": 0.727789046653144,
                "support": 75.0
            },
            "cross-entropy": 2.7532867689301845,
            "roc-auc": 0.6408382066276803,
            "f1-weighted": 0.727789046653144,
            "f1-macro": 0.6196754563894523,
            "f1-micro": 0.7333333333333333,
            "score": 0.7333333333333333
        }
    }
}
