{
    "function": "bin.ensemble.main",
    "config": {
        "seeds": [
            0
        ]
    },
    "single_model_function": "bin.tabr.main",
    "data": ":data/CTR23-OpenML-tid=361256-ctr23_361256-seed=0",
    "prediction_type": null,
    "metrics": {
        "train": {
            "rmse": 1.8115066034278349,
            "mae": 1.3405489634858156,
            "r2": 0.9901373982429504,
            "corr": 0.995081769477119,
            "score": -1.8115066034278349
        },
        "val": {
            "rmse": 2.129057806301832,
            "mae": 1.5628045810570654,
            "r2": 0.9873574376106262,
            "corr": 0.9937360057618734,
            "score": -2.129057806301832
        },
        "test": {
            "rmse": 2.1079787367962215,
            "mae": 1.566387569170928,
            "r2": 0.9873960018157959,
            "corr": 0.9937822947467532,
            "score": -2.1079787367962215
        }
    }
}
