{
    "function": "bin.lightgbm_.main",
    "gpus": [
        "NVIDIA RTX 6000 Ada Generation",
        "NVIDIA RTX 6000 Ada Generation"
    ],
    "config": {
        "seed": 0,
        "data": {
            "seed": 0,
            "num_policy": "quantile",
            "cat_policy": "one-hot",
            "y_policy": "standard",
            "cache": true,
            "path": ":data/CTR23-OpenML-tid=361234-ctr23_361234-fold=1-seed=0"
        },
        "model": {
            "n_estimators": 4000,
            "n_jobs": 4,
            "early_stopping_rounds": 200,
            "feature_fraction": 0.8995792821083618,
            "lambda_l2": 0.17240460099242294,
            "learning_rate": 0.08313101133778733,
            "num_leaves": 113,
            "min_sum_hessian_in_leaf": 46.56005689076007,
            "bagging_fraction": 0.7609241608750359
        },
        "fit": {}
    },
    "prediction_type": null,
    "time": "0:00:00.177119",
    "best_iteration": 40,
    "metrics": {
        "train": {
            "rmse": 1.8159369896712385,
            "mae": 1.2877718726916232,
            "r2": 0.6854648184515456,
            "corr": 0.8323167259487397,
            "score": -1.8159369896712385
        },
        "val": {
            "rmse": 2.178923899177767,
            "mae": 1.5099070446583835,
            "r2": 0.5168536962340251,
            "corr": 0.7193256920182085,
            "score": -2.178923899177767
        },
        "test": {
            "rmse": 2.15763919032447,
            "mae": 1.4725223182201645,
            "r2": 0.5582071586060615,
            "corr": 0.7509395964192705,
            "score": -2.15763919032447
        }
    }
}
