{
    "function": "bin.ensemble.main",
    "config": {
        "seeds": [
            0
        ]
    },
    "single_model_function": "bin.lightgbm_.main",
    "data": ":data/CTR23-OpenML-tid=361259-ctr23_361259-fold=1-seed=0",
    "prediction_type": null,
    "metrics": {
        "train": {
            "rmse": 0.01494821038288977,
            "mae": 0.011806635440234524,
            "r2": 0.8250948948145216,
            "corr": 0.9164127847938376,
            "score": -0.01494821038288977
        },
        "val": {
            "rmse": 0.021551992070537467,
            "mae": 0.01718055867555097,
            "r2": 0.6453612535987722,
            "corr": 0.8040016437029599,
            "score": -0.021551992070537467
        },
        "test": {
            "rmse": 0.022753701588312532,
            "mae": 0.01822876511861707,
            "r2": 0.6246964142651319,
            "corr": 0.7926211194455413,
            "score": -0.022753701588312532
        }
    }
}
