{
    "function": "bin.ensemble.main",
    "config": {
        "seeds": [
            0
        ]
    },
    "single_model_function": "bin.catboost_.main",
    "data": ":data/CTR23-OpenML-tid=361269-ctr23_361269-seed=0",
    "prediction_type": null,
    "metrics": {
        "train": {
            "rmse": 13.832767520903317,
            "mae": 10.727526247772055,
            "r2": 0.45282466948252376,
            "corr": 0.6744967214701411,
            "score": -13.832767520903317
        },
        "val": {
            "rmse": 14.443236163566922,
            "mae": 11.209124091432198,
            "r2": 0.3963695298572165,
            "corr": 0.6296244829300918,
            "score": -14.443236163566922
        },
        "test": {
            "rmse": 14.705337881574147,
            "mae": 11.507472796805475,
            "r2": 0.3985531336937108,
            "corr": 0.6317482674805337,
            "score": -14.705337881574147
        }
    }
}
