{
    "function": "bin.tabr.main",
    "gpus": [
        "NVIDIA RTX 6000 Ada Generation"
    ],
    "config": {
        "seed": 0,
        "batch_size": 256,
        "patience": 16,
        "n_epochs": Infinity,
        "context_size": 96,
        "data": {
            "seed": 0,
            "cache": true,
            "num_policy": "quantile",
            "cat_policy": null,
            "path": ":data/TabZilla-OpenML-wdbc-tid=9946-fold=1",
            "y_policy": null
        },
        "optimizer": {
            "type": "AdamW",
            "lr": 0.0007717846862118063,
            "weight_decay": 0.0
        },
        "model": {
            "num_embeddings": null,
            "d_main": 222,
            "context_dropout": 0.4185787175563589,
            "d_multiplier": 2.0,
            "encoder_n_blocks": 0,
            "predictor_n_blocks": 1,
            "mixer_normalization": "auto",
            "dropout0": 0.0361352829775619,
            "dropout1": 0.0,
            "normalization": "LayerNorm",
            "activation": "ReLU"
        }
    },
    "n_parameters": 453325,
    "prediction_type": "logits",
    "best_epoch": 20,
    "metrics": {
        "train": {
            "0": {
                "precision": 0.9895833333333334,
                "recall": 1.0,
                "f1-score": 0.9947643979057592,
                "support": 285.0
            },
            "1": {
                "precision": 1.0,
                "recall": 0.9823529411764705,
                "f1-score": 0.9910979228486647,
                "support": 170.0
            },
            "accuracy": 0.9934065934065934,
            "macro avg": {
                "precision": 0.9947916666666667,
                "recall": 0.9911764705882353,
                "f1-score": 0.992931160377212,
                "support": 455.0
            },
            "weighted avg": {
                "precision": 0.9934752747252747,
                "recall": 0.9934065934065934,
                "f1-score": 0.9933945061261854,
                "support": 455.0
            },
            "cross-entropy": 0.018571338862626546,
            "roc-auc": 0.999938080495356,
            "f1-weighted": 0.9933945061261854,
            "f1-macro": 0.992931160377212,
            "f1-micro": 0.9934065934065934,
            "score": 0.9934065934065934
        },
        "val": {
            "0": {
                "precision": 0.972972972972973,
                "recall": 1.0,
                "f1-score": 0.9863013698630136,
                "support": 36.0
            },
            "1": {
                "precision": 1.0,
                "recall": 0.9523809523809523,
                "f1-score": 0.975609756097561,
                "support": 21.0
            },
            "accuracy": 0.9824561403508771,
            "macro avg": {
                "precision": 0.9864864864864865,
                "recall": 0.9761904761904762,
                "f1-score": 0.9809555629802873,
                "support": 57.0
            },
            "weighted avg": {
                "precision": 0.9829302987197724,
                "recall": 0.9824561403508771,
                "f1-score": 0.9823623542652152,
                "support": 57.0
            },
            "cross-entropy": 0.11291891926626715,
            "roc-auc": 0.9814814814814815,
            "f1-weighted": 0.9823623542652152,
            "f1-macro": 0.9809555629802873,
            "f1-micro": 0.9824561403508771,
            "score": 0.9824561403508771
        },
        "test": {
            "0": {
                "precision": 0.9444444444444444,
                "recall": 0.9444444444444444,
                "f1-score": 0.9444444444444444,
                "support": 36.0
            },
            "1": {
                "precision": 0.9047619047619048,
                "recall": 0.9047619047619048,
                "f1-score": 0.9047619047619048,
                "support": 21.0
            },
            "accuracy": 0.9298245614035088,
            "macro avg": {
                "precision": 0.9246031746031746,
                "recall": 0.9246031746031746,
                "f1-score": 0.9246031746031746,
                "support": 57.0
            },
            "weighted avg": {
                "precision": 0.9298245614035088,
                "recall": 0.9298245614035088,
                "f1-score": 0.9298245614035088,
                "support": 57.0
            },
            "cross-entropy": 0.19359798042159265,
            "roc-auc": 0.9933862433862434,
            "f1-weighted": 0.9298245614035088,
            "f1-macro": 0.9246031746031746,
            "f1-micro": 0.9298245614035088,
            "score": 0.9298245614035088
        }
    },
    "time": "0:00:01.316033",
    "chunk_size": null,
    "eval_batch_size": 32768
}
