{
    "function": "bin.ensemble.main",
    "config": {
        "seeds": [
            0
        ]
    },
    "single_model_function": "bin.tabr.main",
    "data": ":data/TabZilla-OpenML-jungle_chess_2pcs_raw_endgame_complete-tid=167119-fold=1",
    "prediction_type": "probs",
    "metrics": {
        "train": {
            "0": {
                "precision": 0.9878257155061939,
                "recall": 0.9954799827808868,
                "f1-score": 0.9916380789022299,
                "support": 13938.0
            },
            "1": {
                "precision": 0.9940511600237953,
                "recall": 0.9636678200692042,
                "f1-score": 0.9786237188872621,
                "support": 3468.0
            },
            "2": {
                "precision": 0.9941453894942267,
                "recall": 0.9940376172150253,
                "f1-score": 0.9940915004336514,
                "support": 18449.0
            },
            "accuracy": 0.9916608562264677,
            "macro avg": {
                "precision": 0.9920074216747387,
                "recall": 0.9843951400217055,
                "f1-score": 0.9881177660743812,
                "support": 35855.0
            },
            "weighted avg": {
                "precision": 0.9916796133444942,
                "recall": 0.9916608562264677,
                "f1-score": 0.9916416871382161,
                "support": 35855.0
            },
            "cross-entropy": 0.026073997553123465,
            "roc-auc": 0.999813073026195,
            "f1-weighted": 0.9916416871382161,
            "f1-macro": 0.9881177660743812,
            "f1-micro": 0.9916608562264677,
            "score": 0.9916608562264677
        },
        "val": {
            "0": {
                "precision": 0.9694915254237289,
                "recall": 0.9850746268656716,
                "f1-score": 0.9772209567198178,
                "support": 1742.0
            },
            "1": {
                "precision": 0.9669811320754716,
                "recall": 0.9447004608294931,
                "f1-score": 0.9557109557109557,
                "support": 434.0
            },
            "2": {
                "precision": 0.9868881118881119,
                "recall": 0.9791847354726799,
                "f1-score": 0.9830213321723987,
                "support": 2306.0
            },
            "accuracy": 0.9781347612672914,
            "macro avg": {
                "precision": 0.9744535897957709,
                "recall": 0.9696532743892815,
                "f1-score": 0.9719844148677241,
                "support": 4482.0
            },
            "weighted avg": {
                "precision": 0.978199026020276,
                "recall": 0.9781347612672914,
                "f1-score": 0.9781224126224963,
                "support": 4482.0
            },
            "cross-entropy": 0.06158904763324984,
            "roc-auc": 0.9984287843060211,
            "f1-weighted": 0.9781224126224963,
            "f1-macro": 0.9719844148677241,
            "f1-micro": 0.9781347612672914,
            "score": 0.9781347612672914
        },
        "test": {
            "0": {
                "precision": 0.9624649859943978,
                "recall": 0.9862227324913893,
                "f1-score": 0.9741990360079388,
                "support": 1742.0
            },
            "1": {
                "precision": 0.9557739557739557,
                "recall": 0.8983833718244804,
                "f1-score": 0.9261904761904762,
                "support": 433.0
            },
            "2": {
                "precision": 0.9838427947598253,
                "recall": 0.976592977893368,
                "f1-score": 0.9802044811833804,
                "support": 2307.0
            },
            "accuracy": 0.9727800089245873,
            "macro avg": {
                "precision": 0.9673605788427263,
                "recall": 0.9537330274030792,
                "f1-score": 0.9601979977939318,
                "support": 4482.0
            },
            "weighted avg": {
                "precision": 0.9728222793313878,
                "recall": 0.9727800089245873,
                "f1-score": 0.9726521497113708,
                "support": 4482.0
            },
            "cross-entropy": 0.07112053474716824,
            "roc-auc": 0.9976063163914111,
            "f1-weighted": 0.9726521497113708,
            "f1-macro": 0.9601979977939318,
            "f1-micro": 0.9727800089245873,
            "score": 0.9727800089245873
        }
    }
}
