{
    "function": "bin.ensemble.main",
    "config": {
        "seeds": [
            0
        ]
    },
    "single_model_function": "bin.tabr.main",
    "data": ":data/TabZilla-OpenML-adult-tid=7592-fold=1",
    "prediction_type": "probs",
    "metrics": {
        "train": {
            "0": {
                "precision": 0.89299604743083,
                "recall": 0.950139622514551,
                "f1-score": 0.9206820108234988,
                "support": 29723.0
            },
            "1": {
                "precision": 0.8010204081632653,
                "recall": 0.6380748663101604,
                "f1-score": 0.7103226574592213,
                "support": 9350.0
            },
            "accuracy": 0.8754638753103166,
            "macro avg": {
                "precision": 0.8470082277970477,
                "recall": 0.7941072444123557,
                "f1-score": 0.8155023341413601,
                "support": 39073.0
            },
            "weighted avg": {
                "precision": 0.8709866745351801,
                "recall": 0.8754638753103166,
                "f1-score": 0.8703439268791895,
                "support": 39073.0
            },
            "cross-entropy": 0.26745717012389175,
            "roc-auc": 0.9345392618942714,
            "f1-weighted": 0.8703439268791895,
            "f1-macro": 0.8155023341413601,
            "f1-micro": 0.8754638753103166,
            "score": 0.8754638753103166
        },
        "val": {
            "0": {
                "precision": 0.8915571284125379,
                "recall": 0.9491388589881593,
                "f1-score": 0.9194473409801877,
                "support": 3716.0
            },
            "1": {
                "precision": 0.7963362068965517,
                "recall": 0.6327054794520548,
                "f1-score": 0.7051526717557252,
                "support": 1168.0
            },
            "accuracy": 0.8734643734643734,
            "macro avg": {
                "precision": 0.8439466676545448,
                "recall": 0.790922169220107,
                "f1-score": 0.8123000063679564,
                "support": 4884.0
            },
            "weighted avg": {
                "precision": 0.868785212701917,
                "recall": 0.8734643734643734,
                "f1-score": 0.8681991481763032,
                "support": 4884.0
            },
            "cross-entropy": 0.2816160834407094,
            "roc-auc": 0.9271956146688883,
            "f1-weighted": 0.8681991481763032,
            "f1-macro": 0.8123000063679564,
            "f1-micro": 0.8734643734643734,
            "score": 0.8734643734643734
        },
        "test": {
            "0": {
                "precision": 0.8879048582995951,
                "recall": 0.9442949407965554,
                "f1-score": 0.9152321335419927,
                "support": 3716.0
            },
            "1": {
                "precision": 0.7781350482315113,
                "recall": 0.621043627031651,
                "f1-score": 0.6907706945765937,
                "support": 1169.0
            },
            "accuracy": 0.8669396110542477,
            "macro avg": {
                "precision": 0.8330199532655531,
                "recall": 0.7826692839141032,
                "f1-score": 0.8030014140592932,
                "support": 4885.0
            },
            "weighted avg": {
                "precision": 0.8616365045698939,
                "recall": 0.8669396110542477,
                "f1-score": 0.8615176151897815,
                "support": 4885.0
            },
            "cross-entropy": 0.28928906146879924,
            "roc-auc": 0.9203941801158562,
            "f1-weighted": 0.8615176151897815,
            "f1-macro": 0.8030014140592932,
            "f1-micro": 0.8669396110542477,
            "score": 0.8669396110542477
        }
    }
}
