{
    "function": "bin.ensemble.main",
    "config": {
        "seeds": [
            0
        ]
    },
    "single_model_function": "bin.tabr_scaling.main",
    "data": ":data/CTR23-OpenML-tid=361618-ctr23_361618-seed=0",
    "prediction_type": null,
    "metrics": {
        "train": {
            "rmse": 23.010766077317637,
            "mae": 11.957604240947433,
            "r2": 0.3716236352920532,
            "corr": 0.6880285865153427,
            "score": -23.010766077317637
        },
        "val": {
            "rmse": 84.18120079135116,
            "mae": 19.380825302674907,
            "r2": 0.014774501323699951,
            "corr": 0.17471275587005236,
            "score": -84.18120079135116
        },
        "test": {
            "rmse": 150.45576097959824,
            "mae": 37.1951893233404,
            "r2": 0.009954392910003662,
            "corr": 0.22497644277467163,
            "score": -150.45576097959824
        }
    }
}
