{
    "function": "bin.ensemble.main",
    "config": {
        "seeds": [
            0
        ]
    },
    "single_model_function": "bin.tabr.main",
    "data": ":data/TabZilla-OpenML-Bioresponse-tid=9910-fold=0",
    "prediction_type": "probs",
    "metrics": {
        "train": {
            "0": {
                "precision": 0.9091580502215657,
                "recall": 0.8965768390386016,
                "f1-score": 0.9028236156949028,
                "support": 1373.0
            },
            "1": {
                "precision": 0.913730255164034,
                "recall": 0.9244007375537799,
                "f1-score": 0.9190345249007027,
                "support": 1627.0
            },
            "accuracy": 0.9116666666666666,
            "macro avg": {
                "precision": 0.9114441526927999,
                "recall": 0.9104887882961907,
                "f1-score": 0.9109290702978028,
                "support": 3000.0
            },
            "weighted avg": {
                "precision": 0.9116377093686977,
                "recall": 0.9116666666666666,
                "f1-score": 0.9116153321208482,
                "support": 3000.0
            },
            "cross-entropy": 0.2563486334565044,
            "roc-auc": 0.956451827343656,
            "score": 0.9116666666666666
        },
        "val": {
            "0": {
                "precision": 0.8209876543209876,
                "recall": 0.7732558139534884,
                "f1-score": 0.7964071856287425,
                "support": 172.0
            },
            "1": {
                "precision": 0.8169014084507042,
                "recall": 0.8571428571428571,
                "f1-score": 0.8365384615384616,
                "support": 203.0
            },
            "accuracy": 0.8186666666666667,
            "macro avg": {
                "precision": 0.8189445313858459,
                "recall": 0.8151993355481728,
                "f1-score": 0.8164728235836021,
                "support": 375.0
            },
            "weighted avg": {
                "precision": 0.8187756332232075,
                "recall": 0.8186666666666667,
                "f1-score": 0.8181315829878704,
                "support": 375.0
            },
            "cross-entropy": 0.47106377478809175,
            "roc-auc": 0.8769045709703288,
            "score": 0.8186666666666667
        },
        "test": {
            "0": {
                "precision": 0.7664670658682635,
                "recall": 0.7441860465116279,
                "f1-score": 0.7551622418879056,
                "support": 172.0
            },
            "1": {
                "precision": 0.7894736842105263,
                "recall": 0.8088235294117647,
                "f1-score": 0.7990314769975787,
                "support": 204.0
            },
            "accuracy": 0.7792553191489362,
            "macro avg": {
                "precision": 0.7779703750393949,
                "recall": 0.7765047879616963,
                "f1-score": 0.7770968594427421,
                "support": 376.0
            },
            "weighted avg": {
                "precision": 0.7789493800752358,
                "recall": 0.7792553191489362,
                "f1-score": 0.778963635404856,
                "support": 376.0
            },
            "cross-entropy": 0.5466083345519246,
            "roc-auc": 0.8612061103511173,
            "score": 0.7792553191489362
        }
    }
}
