{
    "function": "bin.xgboost_.main",
    "gpus": [
        "NVIDIA RTX 6000 Ada Generation"
    ],
    "config": {
        "seed": 0,
        "data": {
            "seed": 0,
            "num_policy": "quantile",
            "cache": true,
            "cat_policy": "one-hot",
            "y_policy": "standard",
            "path": ":data/CTR23-OpenML-tid=361619-ctr23_361619-seed=0"
        },
        "model": {
            "booster": "gbtree",
            "early_stopping_rounds": 200,
            "n_estimators": 4000,
            "n_jobs": 1,
            "tree_method": "gpu_hist",
            "use_label_encoder": false,
            "colsample_byree": 0.9706888523532493,
            "gamma": 0,
            "lambda": 0.0,
            "learning_rate": 0.3522335062770539,
            "max_depth": 10,
            "min_child_weight": 0.0001200663052709496,
            "subsample": 0.6736167589661097
        },
        "fit": {
            "verbose": true
        },
        "neighbors": null
    },
    "prediction_type": null,
    "time": "0:00:00.170343",
    "best_iteration": 9,
    "metrics": {
        "train": {
            "rmse": 0.5051849201270128,
            "mae": 0.3600068008924495,
            "r2": 0.9743621945381165,
            "corr": 0.9888596337235454,
            "score": -0.5051849201270128
        },
        "val": {
            "rmse": 2.990903483887061,
            "mae": 2.330681135621262,
            "r2": 0.3683243989944458,
            "corr": 0.6166243365089565,
            "score": -2.990903483887061
        },
        "test": {
            "rmse": 2.4369816434366127,
            "mae": 2.0389456900784353,
            "r2": 0.22732752561569214,
            "corr": 0.5825730186360556,
            "score": -2.4369816434366127
        }
    }
}
