{
    "function": "bin.ensemble.main",
    "config": {
        "seeds": [
            0
        ]
    },
    "single_model_function": "bin.ffn.main",
    "data": ":data/CTR23-OpenML-tid=361247-ctr23_361247-seed=0",
    "prediction_type": null,
    "metrics": {
        "train": {
            "rmse": 0.0003859732873349627,
            "mae": 0.0002661126470806935,
            "r2": 0.9993079304695129,
            "corr": 0.9996540233676239,
            "score": -0.0003859732873349627
        },
        "val": {
            "rmse": 0.0004679793331873867,
            "mae": 0.0003171112546560481,
            "r2": 0.9990187883377075,
            "corr": 0.999509446270822,
            "score": -0.0004679793331873867
        },
        "test": {
            "rmse": 0.0004911497045844684,
            "mae": 0.0003286437650117779,
            "r2": 0.9988890290260315,
            "corr": 0.9994453207126593,
            "score": -0.0004911497045844684
        }
    }
}
