{
    "function": "bin.ensemble.main",
    "config": {
        "seeds": [
            0
        ]
    },
    "single_model_function": "bin.ffn.main",
    "data": ":data/CTR23-OpenML-tid=361264-ctr23_361264-fold=1-seed=0",
    "prediction_type": null,
    "metrics": {
        "train": {
            "rmse": 2.6876210001386847,
            "mae": 1.6340305517132947,
            "r2": 0.9963759779930115,
            "corr": 0.9981973906609121,
            "score": -2.6876210001386847
        },
        "val": {
            "rmse": 5.9658690068130245,
            "mae": 3.321837608327769,
            "r2": 0.9362739324569702,
            "corr": 0.9688072562288319,
            "score": -5.9658690068130245
        },
        "test": {
            "rmse": 6.607223117404866,
            "mae": 3.27467680767586,
            "r2": 0.9550201892852783,
            "corr": 0.9784915452282947,
            "score": -6.607223117404866
        }
    }
}
