{
    "function": "bin.ensemble.main",
    "config": {
        "seeds": [
            0
        ]
    },
    "single_model_function": "bin.lightgbm_.main",
    "data": ":data/CTR23-OpenML-tid=361236-ctr23_361236-fold=0-seed=0",
    "prediction_type": null,
    "metrics": {
        "train": {
            "rmse": 126.06460660187025,
            "mae": 64.3730247895618,
            "r2": 0.9998511800224172,
            "corr": 0.9999256465051349,
            "score": -126.06460660187025
        },
        "val": {
            "rmse": 505.42033072116624,
            "mae": 237.81585799867685,
            "r2": 0.997720106069123,
            "corr": 0.9988704425342068,
            "score": -505.42033072116624
        },
        "test": {
            "rmse": 660.0660241242218,
            "mae": 258.1350180745665,
            "r2": 0.9959088326279285,
            "corr": 0.997953439753981,
            "score": -660.0660241242218
        }
    }
}
