{
    "function": "bin.ensemble.main",
    "config": {
        "seeds": [
            0
        ]
    },
    "single_model_function": "bin.tabr_scaling.main",
    "data": ":data/CTR23-OpenML-tid=361264-ctr23_361264-seed=0",
    "prediction_type": null,
    "metrics": {
        "train": {
            "rmse": 7.714427302685046,
            "mae": 3.550449540395789,
            "r2": 0.9703460931777954,
            "corr": 0.9866465017151533,
            "score": -7.714427302685046
        },
        "val": {
            "rmse": 6.4283224553003855,
            "mae": 3.930649600892309,
            "r2": 0.9418393969535828,
            "corr": 0.9727871911860367,
            "score": -6.4283224553003855
        },
        "test": {
            "rmse": 10.968653688242961,
            "mae": 4.71575937305397,
            "r2": 0.8134948015213013,
            "corr": 0.959846655543191,
            "score": -10.968653688242961
        }
    }
}
