{
    "function": "bin.ensemble.main",
    "config": {
        "seeds": [
            0
        ]
    },
    "single_model_function": "bin.tabr.main",
    "data": ":data/CTR23-OpenML-tid=361235-ctr23_361235-fold=1-seed=0",
    "prediction_type": null,
    "metrics": {
        "train": {
            "rmse": 1.047100303029209,
            "mae": 0.7530793321529039,
            "r2": 0.9776930809020996,
            "corr": 0.988944288872447,
            "score": -1.047100303029209
        },
        "val": {
            "rmse": 1.1727326633862112,
            "mae": 0.8474222274901386,
            "r2": 0.9679055213928223,
            "corr": 0.984156769772256,
            "score": -1.1727326633862112
        },
        "test": {
            "rmse": 1.6344539143440882,
            "mae": 1.0016849087679205,
            "r2": 0.9362277388572693,
            "corr": 0.9714744067962605,
            "score": -1.6344539143440882
        }
    }
}
