{
    "function": "bin.ensemble.main",
    "config": {
        "seeds": [
            0
        ]
    },
    "single_model_function": "bin.ffn.main",
    "data": ":data/CTR23-OpenML-tid=361623-ctr23_361623-fold=1-seed=0",
    "prediction_type": null,
    "metrics": {
        "train": {
            "rmse": 0.08640451989274697,
            "mae": 0.06624954822134654,
            "r2": 0.8117499351501465,
            "corr": 0.9037298663118458,
            "score": -0.08640451989274697
        },
        "val": {
            "rmse": 0.09614825553134522,
            "mae": 0.07236918604863973,
            "r2": 0.7305524945259094,
            "corr": 0.8557292545298143,
            "score": -0.09614825553134522
        },
        "test": {
            "rmse": 0.11144981943119375,
            "mae": 0.08198271513406574,
            "r2": 0.7121564149856567,
            "corr": 0.8467699375369074,
            "score": -0.11144981943119375
        }
    }
}
