{
    "function": "bin.ensemble.main",
    "config": {
        "seeds": [
            0
        ]
    },
    "single_model_function": "bin.lightgbm_.main",
    "data": ":data/CTR23-OpenML-tid=361619-ctr23_361619-fold=0-seed=0",
    "prediction_type": null,
    "metrics": {
        "train": {
            "rmse": 1.9491755440368934,
            "mae": 1.401228954627324,
            "r2": 0.6183357255412414,
            "corr": 0.8149510203764072,
            "score": -1.9491755440368934
        },
        "val": {
            "rmse": 3.0948466938227845,
            "mae": 2.130370114578179,
            "r2": 0.3236560953973192,
            "corr": 0.5838329088782941,
            "score": -3.0948466938227845
        },
        "test": {
            "rmse": 2.3588671791327163,
            "mae": 1.9814883862365447,
            "r2": 0.27606776941075883,
            "corr": 0.5728261048377477,
            "score": -2.3588671791327163
        }
    }
}
