{
    "function": "bin.ffn.main",
    "gpus": [
        "NVIDIA RTX 6000 Ada Generation"
    ],
    "config": {
        "seed": 0,
        "batch_size": 256,
        "patience": 16,
        "n_epochs": Infinity,
        "data": {
            "seed": 0,
            "cache": true,
            "num_policy": "quantile",
            "cat_policy": null,
            "y_policy": null,
            "path": ":data/TabZilla-OpenML-CIFAR_10-tid=167124-fold=1"
        },
        "optimizer": {
            "type": "AdamW",
            "lr": 1.3196262418422203e-05,
            "weight_decay": 2.634905974115613e-06
        },
        "model": {
            "backbone": {
                "type": "MLP",
                "n_blocks": 1,
                "d_layer": 367,
                "dropout": 0.21930075673116017,
                "activation": "ReLU"
            },
            "num_embeddings": {
                "type": "PLREmbeddings",
                "n_frequencies": 96,
                "frequency_scale": 0.02559642090152667,
                "d_embedding": 26,
                "lite": true
            }
        }
    },
    "n_parameters": 29617001,
    "prediction_type": "logits",
    "best_epoch": 94,
    "metrics": {
        "train": {
            "0": {
                "precision": 0.7501528428775219,
                "recall": 0.766875,
                "f1-score": 0.7584217574945915,
                "support": 4800.0
            },
            "1": {
                "precision": 0.8340468909276249,
                "recall": 0.8522916666666667,
                "f1-score": 0.843070582174137,
                "support": 4800.0
            },
            "2": {
                "precision": 0.6487150837988827,
                "recall": 0.6047916666666666,
                "f1-score": 0.6259838274932614,
                "support": 4800.0
            },
            "3": {
                "precision": 0.6639383726528647,
                "recall": 0.5745833333333333,
                "f1-score": 0.6160375251284342,
                "support": 4800.0
            },
            "4": {
                "precision": 0.706777316735823,
                "recall": 0.63875,
                "f1-score": 0.6710439921208142,
                "support": 4800.0
            },
            "5": {
                "precision": 0.633308850532501,
                "recall": 0.7185416666666666,
                "f1-score": 0.6732383369119657,
                "support": 4800.0
            },
            "6": {
                "precision": 0.7354048964218456,
                "recall": 0.8135416666666667,
                "f1-score": 0.7725024727992087,
                "support": 4800.0
            },
            "7": {
                "precision": 0.8171658471166742,
                "recall": 0.7616666666666667,
                "f1-score": 0.7884408022428294,
                "support": 4800.0
            },
            "8": {
                "precision": 0.7978575679428684,
                "recall": 0.8379166666666666,
                "f1-score": 0.817396606035972,
                "support": 4800.0
            },
            "9": {
                "precision": 0.7927272727272727,
                "recall": 0.8175,
                "f1-score": 0.804923076923077,
                "support": 4800.0
            },
            "accuracy": 0.7386458333333333,
            "macro avg": {
                "precision": 0.7380094941733879,
                "recall": 0.7386458333333332,
                "f1-score": 0.7371058979324292,
                "support": 48000.0
            },
            "weighted avg": {
                "precision": 0.7380094941733879,
                "recall": 0.7386458333333333,
                "f1-score": 0.7371058979324291,
                "support": 48000.0
            },
            "cross-entropy": 0.8102041204738637,
            "roc-auc": 0.9639898967978395,
            "f1-weighted": 0.7371058979324291,
            "f1-macro": 0.7371058979324292,
            "f1-micro": 0.7386458333333333,
            "score": 0.7386458333333333
        },
        "val": {
            "0": {
                "precision": 0.6095890410958904,
                "recall": 0.5933333333333334,
                "f1-score": 0.6013513513513513,
                "support": 600.0
            },
            "1": {
                "precision": 0.6440944881889764,
                "recall": 0.6816666666666666,
                "f1-score": 0.6623481781376518,
                "support": 600.0
            },
            "2": {
                "precision": 0.44047619047619047,
                "recall": 0.43166666666666664,
                "f1-score": 0.43602693602693604,
                "support": 600.0
            },
            "3": {
                "precision": 0.391713747645951,
                "recall": 0.3466666666666667,
                "f1-score": 0.367816091954023,
                "support": 600.0
            },
            "4": {
                "precision": 0.4937388193202147,
                "recall": 0.46,
                "f1-score": 0.47627264883520276,
                "support": 600.0
            },
            "5": {
                "precision": 0.45454545454545453,
                "recall": 0.525,
                "f1-score": 0.4872389791183295,
                "support": 600.0
            },
            "6": {
                "precision": 0.5798045602605864,
                "recall": 0.5933333333333334,
                "f1-score": 0.586490939044481,
                "support": 600.0
            },
            "7": {
                "precision": 0.6862745098039216,
                "recall": 0.6416666666666667,
                "f1-score": 0.6632213608957795,
                "support": 600.0
            },
            "8": {
                "precision": 0.6600306278713629,
                "recall": 0.7183333333333334,
                "f1-score": 0.6879489225857941,
                "support": 600.0
            },
            "9": {
                "precision": 0.6082474226804123,
                "recall": 0.59,
                "f1-score": 0.5989847715736041,
                "support": 600.0
            },
            "accuracy": 0.5581666666666667,
            "macro avg": {
                "precision": 0.556851486188896,
                "recall": 0.5581666666666667,
                "f1-score": 0.5567700179523153,
                "support": 6000.0
            },
            "weighted avg": {
                "precision": 0.5568514861888961,
                "recall": 0.5581666666666667,
                "f1-score": 0.5567700179523153,
                "support": 6000.0
            },
            "cross-entropy": 1.2761446668930996,
            "roc-auc": 0.9055579938271604,
            "f1-weighted": 0.5567700179523153,
            "f1-macro": 0.5567700179523153,
            "f1-micro": 0.5581666666666667,
            "score": 0.5581666666666667
        },
        "test": {
            "0": {
                "precision": 0.5902668759811617,
                "recall": 0.6266666666666667,
                "f1-score": 0.6079223928860146,
                "support": 600.0
            },
            "1": {
                "precision": 0.6501547987616099,
                "recall": 0.7,
                "f1-score": 0.6741573033707865,
                "support": 600.0
            },
            "2": {
                "precision": 0.4852941176470588,
                "recall": 0.44,
                "f1-score": 0.46153846153846156,
                "support": 600.0
            },
            "3": {
                "precision": 0.43222003929273084,
                "recall": 0.36666666666666664,
                "f1-score": 0.39675383228133454,
                "support": 600.0
            },
            "4": {
                "precision": 0.5066921606118547,
                "recall": 0.44166666666666665,
                "f1-score": 0.4719501335707925,
                "support": 600.0
            },