{
    "function": "bin.ensemble.main",
    "config": {
        "seeds": [
            0
        ]
    },
    "single_model_function": "bin.tabr_scaling.main",
    "data": ":data/TabZilla-OpenML-credit-approval-29",
    "prediction_type": "probs",
    "metrics": {
        "train": {
            "0": {
                "precision": 0.9543568464730291,
                "recall": 0.9311740890688259,
                "f1-score": 0.9426229508196722,
                "support": 247.0
            },
            "1": {
                "precision": 0.9453376205787781,
                "recall": 0.9639344262295082,
                "f1-score": 0.9545454545454546,
                "support": 305.0
            },
            "accuracy": 0.9492753623188406,
            "macro avg": {
                "precision": 0.9498472335259036,
                "recall": 0.9475542576491671,
                "f1-score": 0.9485842026825634,
                "support": 552.0
            },
            "weighted avg": {
                "precision": 0.9493733973829086,
                "recall": 0.9492753623188406,
                "f1-score": 0.9492105661029395,
                "support": 552.0
            },
            "cross-entropy": 0.1624071471686205,
            "roc-auc": 0.9784164067166655,
            "score": 0.9492753623188406
        },
        "val": {
            "0": {
                "precision": 0.9032258064516129,
                "recall": 0.9333333333333333,
                "f1-score": 0.9180327868852459,
                "support": 30.0
            },
            "1": {
                "precision": 0.9473684210526315,
                "recall": 0.9230769230769231,
                "f1-score": 0.935064935064935,
                "support": 39.0
            },
            "accuracy": 0.927536231884058,
            "macro avg": {
                "precision": 0.9252971137521222,
                "recall": 0.9282051282051282,
                "f1-score": 0.9265488609750905,
                "support": 69.0
            },
            "weighted avg": {
                "precision": 0.9281759799217538,
                "recall": 0.927536231884058,
                "f1-score": 0.9276596532476789,
                "support": 69.0
            },
            "cross-entropy": 0.30365656415772263,
            "roc-auc": 0.9487179487179488,
            "score": 0.927536231884058
        },
        "test": {
            "0": {
                "precision": 0.8064516129032258,
                "recall": 0.8333333333333334,
                "f1-score": 0.819672131147541,
                "support": 30.0
            },
            "1": {
                "precision": 0.868421052631579,
                "recall": 0.8461538461538461,
                "f1-score": 0.8571428571428571,
                "support": 39.0
            },
            "accuracy": 0.8405797101449275,
            "macro avg": {
                "precision": 0.8374363327674024,
                "recall": 0.8397435897435898,
                "f1-score": 0.8384074941451991,
                "support": 69.0
            },
            "weighted avg": {
                "precision": 0.8414778179670777,
                "recall": 0.8405797101449275,
                "f1-score": 0.8408512371448935,
                "support": 69.0
            },
            "cross-entropy": 0.46114382985202806,
            "roc-auc": 0.9102564102564102,
            "score": 0.8405797101449275
        }
    }
}
