{
    "function": "bin.ensemble.main",
    "config": {
        "seeds": [
            0
        ]
    },
    "single_model_function": "bin.xgboost_.main",
    "data": ":data/CTR23-OpenML-tid=361266-ctr23_361266-fold=1-seed=0",
    "prediction_type": null,
    "metrics": {
        "train": {
            "rmse": 22696.812687655198,
            "mae": 17966.33600699529,
            "r2": 0.996155321598053,
            "corr": 0.9981022308476492,
            "score": -22696.812687655198
        },
        "val": {
            "rmse": 118402.59706219738,
            "mae": 60751.059700267855,
            "r2": 0.9062466621398926,
            "corr": 0.9529449464347977,
            "score": -118402.59706219738
        },
        "test": {
            "rmse": 117663.96482367886,
            "mae": 63233.544828659855,
            "r2": 0.8832070231437683,
            "corr": 0.939817701120246,
            "score": -117663.96482367886
        }
    }
}
