{
    "function": "bin.ensemble.main",
    "config": {
        "seeds": [
            0
        ]
    },
    "single_model_function": "bin.tabr_scaling.main",
    "data": ":data/TabZilla-OpenML-cmc-tid=23-fold=0",
    "prediction_type": "probs",
    "metrics": {
        "train": {
            "0": {
                "precision": 0.7984031936127745,
                "recall": 0.7952286282306164,
                "f1-score": 0.796812749003984,
                "support": 503.0
            },
            "1": {
                "precision": 0.717948717948718,
                "recall": 0.6339622641509434,
                "f1-score": 0.6733466933867736,
                "support": 265.0
            },
            "2": {
                "precision": 0.6990950226244343,
                "recall": 0.7555012224938875,
                "f1-score": 0.7262044653349001,
                "support": 409.0
            },
            "accuracy": 0.7451146983857264,
            "macro avg": {
                "precision": 0.738482311395309,
                "recall": 0.7282307049584823,
                "f1-score": 0.7321213025752192,
                "support": 1177.0
            },
            "weighted avg": {
                "precision": 0.7457800177544855,
                "recall": 0.7451146983857264,
                "f1-score": 0.7444786005254657,
                "support": 1177.0
            },
            "cross-entropy": 0.6048037146428268,
            "roc-auc": 0.8959741053914859,
            "f1-weighted": 0.7444786005254657,
            "f1-macro": 0.7321213025752192,
            "f1-micro": 0.7451146983857264,
            "score": 0.7451146983857264
        },
        "val": {
            "0": {
                "precision": 0.6666666666666666,
                "recall": 0.6349206349206349,
                "f1-score": 0.6504065040650406,
                "support": 63.0
            },
            "1": {
                "precision": 0.5,
                "recall": 0.4117647058823529,
                "f1-score": 0.45161290322580644,
                "support": 34.0
            },
            "2": {
                "precision": 0.48333333333333334,
                "recall": 0.5686274509803921,
                "f1-score": 0.5225225225225225,
                "support": 51.0
            },
            "accuracy": 0.5608108108108109,
            "macro avg": {
                "precision": 0.5499999999999999,
                "recall": 0.5384375972611266,
                "f1-score": 0.5415139766044565,
                "support": 148.0
            },
            "weighted avg": {
                "precision": 0.5652027027027028,
                "recall": 0.5608108108108109,
                "f1-score": 0.560669575097457,
                "support": 148.0
            },
            "cross-entropy": 1.0944254144686638,
            "roc-auc": 0.7000314286934817,
            "f1-weighted": 0.560669575097457,
            "f1-macro": 0.5415139766044565,
            "f1-micro": 0.5608108108108109,
            "score": 0.5608108108108109
        },
        "test": {
            "0": {
                "precision": 0.640625,
                "recall": 0.6507936507936508,
                "f1-score": 0.6456692913385826,
                "support": 63.0
            },
            "1": {
                "precision": 0.5,
                "recall": 0.4117647058823529,
                "f1-score": 0.45161290322580644,
                "support": 34.0
            },
            "2": {
                "precision": 0.4642857142857143,
                "recall": 0.5098039215686274,
                "f1-score": 0.48598130841121495,
                "support": 51.0
            },
            "accuracy": 0.5472972972972973,
            "macro avg": {
                "precision": 0.5349702380952381,
                "recall": 0.524120759414877,
                "f1-score": 0.527754500991868,
                "support": 148.0
            },
            "weighted avg": {
                "precision": 0.5475536920849421,
                "recall": 0.5472972972972973,
                "f1-score": 0.5460611540066221,
                "support": 148.0
            },
            "cross-entropy": 0.9438809591712282,
            "roc-auc": 0.7423060727558998,
            "f1-weighted": 0.5460611540066221,
            "f1-macro": 0.527754500991868,
            "f1-micro": 0.5472972972972973,
            "score": 0.5472972972972973
        }
    }
}
