{
    "function": "bin.ensemble.main",
    "config": {
        "seeds": [
            0
        ]
    },
    "single_model_function": "bin.tabr.main",
    "data": ":data/CTR23-OpenML-tid=361621-ctr23_361621-seed=0",
    "prediction_type": null,
    "metrics": {
        "train": {
            "rmse": 0.805706911868849,
            "mae": 0.573214203522614,
            "r2": 0.6834843158721924,
            "corr": 0.8270235639739206,
            "score": -0.805706911868849
        },
        "val": {
            "rmse": 0.8019356434147585,
            "mae": 0.6005489348819104,
            "r2": 0.7297011613845825,
            "corr": 0.854663084667358,
            "score": -0.8019356434147585
        },
        "test": {
            "rmse": 0.9344821396316866,
            "mae": 0.6835804914682697,
            "r2": 0.605991005897522,
            "corr": 0.7859974873204416,
            "score": -0.9344821396316866
        }
    }
}
