{
    "function": "bin.ffn.main",
    "gpus": [
        "NVIDIA RTX 6000 Ada Generation"
    ],
    "config": {
        "seed": 0,
        "batch_size": 256,
        "patience": 16,
        "n_epochs": Infinity,
        "data": {
            "seed": 0,
            "cache": true,
            "num_policy": "quantile",
            "cat_policy": null,
            "y_policy": "standard",
            "path": ":data/CTR23-OpenML-tid=361623-ctr23_361623-fold=1-seed=0"
        },
        "optimizer": {
            "type": "AdamW",
            "lr": 0.0006079203898818125,
            "weight_decay": 0.0
        },
        "model": {
            "backbone": {
                "type": "MLP",
                "n_blocks": 1,
                "d_layer": 947,
                "dropout": 0.07472415232899687,
                "activation": "ReLU"
            },
            "num_embeddings": {
                "type": "PLREmbeddings",
                "n_frequencies": 86,
                "frequency_scale": 0.04466545255928128,
                "d_embedding": 46,
                "lite": true
            }
        }
    },
    "n_parameters": 271741,
    "prediction_type": null,
    "best_epoch": 132,
    "metrics": {
        "train": {
            "rmse": 0.08640451989274697,
            "mae": 0.06624954822134654,
            "r2": 0.8117499351501465,
            "corr": 0.9037298663118458,
            "score": -0.08640451989274697
        },
        "val": {
            "rmse": 0.09614825553134522,
            "mae": 0.07236918604863973,
            "r2": 0.7305524945259094,
            "corr": 0.8557292545298143,
            "score": -0.09614825553134522
        },
        "test": {
            "rmse": 0.11144981943119375,
            "mae": 0.08198271513406574,
            "r2": 0.7121564149856567,
            "corr": 0.8467699375369074,
            "score": -0.11144981943119375
        }
    },
    "time": "0:00:02.793184",
    "chunk_size": null,
    "eval_batch_size": 32768
}
