{
    "function": "bin.ensemble.main",
    "config": {
        "seeds": [
            0
        ]
    },
    "single_model_function": "bin.tabr.main",
    "data": ":data/CTR23-OpenML-tid=361257-ctr23_361257-seed=0",
    "prediction_type": null,
    "metrics": {
        "train": {
            "rmse": 523.3212008221799,
            "mae": 276.1492233108147,
            "r2": 0.9827548265457153,
            "corr": 0.9913546790929142,
            "score": -523.3212008221799
        },
        "val": {
            "rmse": 517.9938737473542,
            "mae": 272.2526341507728,
            "r2": 0.9836077094078064,
            "corr": 0.9917780478981834,
            "score": -517.9938737473542
        },
        "test": {
            "rmse": 495.2155844601849,
            "mae": 266.1129483429395,
            "r2": 0.9841678142547607,
            "corr": 0.9920805408273412,
            "score": -495.2155844601849
        }
    }
}
