{
    "function": "bin.ensemble.main",
    "config": {
        "seeds": [
            0
        ]
    },
    "single_model_function": "bin.catboost_.main",
    "data": ":data/TabZilla-OpenML-electricity-tid=219-fold=0",
    "prediction_type": "probs",
    "metrics": {
        "train": {
            "0": {
                "precision": 0.9993767678220432,
                "recall": 0.9993767678220432,
                "f1-score": 0.9993767678220432,
                "support": 20859.0
            },
            "1": {
                "precision": 0.9991552407563844,
                "recall": 0.9991552407563844,
                "f1-score": 0.9991552407563844,
                "support": 15389.0
            },
            "accuracy": 0.9992827190465681,
            "macro avg": {
                "precision": 0.9992660042892139,
                "recall": 0.9992660042892139,
                "f1-score": 0.9992660042892139,
                "support": 36248.0
            },
            "weighted avg": {
                "precision": 0.9992827190465681,
                "recall": 0.9992827190465681,
                "f1-score": 0.9992827190465681,
                "support": 36248.0
            },
            "cross-entropy": 0.022204006464518696,
            "roc-auc": 0.9999965700843862,
            "f1-weighted": 0.9992827190465681,
            "f1-macro": 0.9992660042892139,
            "f1-micro": 0.9992827190465681,
            "score": 0.9992827190465681
        },
        "val": {
            "0": {
                "precision": 0.940814757878555,
                "recall": 0.9386503067484663,
                "f1-score": 0.9397312859884837,
                "support": 2608.0
            },
            "1": {
                "precision": 0.917098445595855,
                "recall": 0.91995841995842,
                "f1-score": 0.9185262065386611,
                "support": 1924.0
            },
            "accuracy": 0.9307149161518093,
            "macro avg": {
                "precision": 0.928956601737205,
                "recall": 0.9293043633534431,
                "f1-score": 0.9291287462635724,
                "support": 4532.0
            },
            "weighted avg": {
                "precision": 0.9307463146234988,
                "recall": 0.9307149161518093,
                "f1-score": 0.9307289530534751,
                "support": 4532.0
            },
            "cross-entropy": 0.1992928329985519,
            "roc-auc": 0.9773392360623956,
            "f1-weighted": 0.9307289530534751,
            "f1-macro": 0.9291287462635724,
            "f1-micro": 0.9307149161518093,
            "score": 0.9307149161518093
        },
        "test": {
            "0": {
                "precision": 0.9360800924143242,
                "recall": 0.9321319018404908,
                "f1-score": 0.9341018251681076,
                "support": 2608.0
            },
            "1": {
                "precision": 0.9085271317829458,
                "recall": 0.9137214137214137,
                "f1-score": 0.9111168696553511,
                "support": 1924.0
            },
            "accuracy": 0.9243159752868491,
            "macro avg": {
                "precision": 0.922303612098635,
                "recall": 0.9229266577809523,
                "f1-score": 0.9226093474117294,
                "support": 4532.0
            },
            "weighted avg": {
                "precision": 0.9243828514048863,
                "recall": 0.9243159752868491,
                "f1-score": 0.9243438696503354,
                "support": 4532.0
            },
            "cross-entropy": 0.19793362631064246,
            "roc-auc": 0.9778866880093875,
            "f1-weighted": 0.9243438696503354,
            "f1-macro": 0.9226093474117294,
            "f1-micro": 0.9243159752868491,
            "score": 0.9243159752868491
        }
    }
}
