{
    "function": "bin.ensemble.main",
    "config": {
        "seeds": [
            0
        ]
    },
    "single_model_function": "bin.xgboost_.main",
    "data": ":data/TabZilla-OpenML-analcatdata_dmft-tid=3560-fold=0",
    "prediction_type": "probs",
    "metrics": {
        "train": {
            "0": {
                "precision": 0.37735849056603776,
                "recall": 0.39603960396039606,
                "f1-score": 0.3864734299516908,
                "support": 101.0
            },
            "1": {
                "precision": 0.4523809523809524,
                "recall": 0.3584905660377358,
                "f1-score": 0.4,
                "support": 106.0
            },
            "2": {
                "precision": 0.43434343434343436,
                "recall": 0.43,
                "f1-score": 0.4321608040201005,
                "support": 100.0
            },
            "3": {
                "precision": 0.3254437869822485,
                "recall": 0.44715447154471544,
                "f1-score": 0.3767123287671233,
                "support": 123.0
            },
            "4": {
                "precision": 0.48936170212765956,
                "recall": 0.42592592592592593,
                "f1-score": 0.45544554455445546,
                "support": 108.0
            },
            "5": {
                "precision": 0.4470588235294118,
                "recall": 0.3838383838383838,
                "f1-score": 0.41304347826086957,
                "support": 99.0
            },
            "accuracy": 0.40816326530612246,
            "macro avg": {
                "precision": 0.4209911983216241,
                "recall": 0.40690815855119283,
                "f1-score": 0.41063926425903996,
                "support": 637.0
            },
            "weighted avg": {
                "precision": 0.418586193236907,
                "recall": 0.40816326530612246,
                "f1-score": 0.40983506503170214,
                "support": 637.0
            },
            "cross-entropy": 1.7598179969077237,
            "roc-auc": 0.7656508046589346,
            "f1-weighted": 0.40983506503170214,
            "f1-macro": 0.41063926425903996,
            "f1-micro": 0.40816326530612246,
            "score": 0.40816326530612246
        },
        "val": {
            "0": {
                "precision": 0.3125,
                "recall": 0.38461538461538464,
                "f1-score": 0.3448275862068966,
                "support": 13.0
            },
            "1": {
                "precision": 0.2,
                "recall": 0.15384615384615385,
                "f1-score": 0.17391304347826086,
                "support": 13.0
            },
            "2": {
                "precision": 0.4,
                "recall": 0.3333333333333333,
                "f1-score": 0.36363636363636365,
                "support": 12.0
            },
            "3": {
                "precision": 0.18181818181818182,
                "recall": 0.25,
                "f1-score": 0.21052631578947367,
                "support": 16.0
            },
            "4": {
                "precision": 0.3076923076923077,
                "recall": 0.2857142857142857,
                "f1-score": 0.2962962962962963,
                "support": 14.0
            },
            "5": {
                "precision": 0.3333333333333333,
                "recall": 0.25,
                "f1-score": 0.2857142857142857,
                "support": 12.0
            },
            "accuracy": 0.275,
            "macro avg": {
                "precision": 0.28922397047397047,
                "recall": 0.2762515262515262,
                "f1-score": 0.27915231518692946,
                "support": 80.0
            },
            "weighted avg": {
                "precision": 0.2834910402097902,
                "recall": 0.275,
                "f1-score": 0.27565506473618206,
                "support": 80.0
            },
            "cross-entropy": 1.786334085523277,
            "roc-auc": 0.5453580429541969,
            "f1-weighted": 0.27565506473618206,
            "f1-macro": 0.27915231518692946,
            "f1-micro": 0.275,
            "score": 0.275
        },
        "test": {
            "0": {
                "precision": 0.4,
                "recall": 0.46153846153846156,
                "f1-score": 0.42857142857142855,
                "support": 13.0
            },
            "1": {
                "precision": 0.25,
                "recall": 0.15384615384615385,
                "f1-score": 0.19047619047619047,
                "support": 13.0
            },
            "2": {
                "precision": 0.16666666666666666,
                "recall": 0.08333333333333333,
                "f1-score": 0.1111111111111111,
                "support": 12.0
            },
            "3": {
                "precision": 0.2,
                "recall": 0.25,
                "f1-score": 0.2222222222222222,
                "support": 16.0
            },
            "4": {
                "precision": 0.3333333333333333,
                "recall": 0.2857142857142857,
                "f1-score": 0.3076923076923077,
                "support": 14.0
            },
            "5": {
                "precision": 0.3157894736842105,
                "recall": 0.5,
                "f1-score": 0.3870967741935484,
                "support": 12.0
            },
            "accuracy": 0.2875,
            "macro avg": {
                "precision": 0.2776315789473684,
                "recall": 0.2890720390720391,
                "f1-score": 0.2745283390444681,
                "support": 80.0
            },
            "weighted avg": {
                "precision": 0.2763267543859649,
                "recall": 0.2875,
                "f1-score": 0.2736170191815353,
                "support": 80.0
            },
            "cross-entropy": 1.7788331414921668,
            "roc-auc": 0.6278752230675307,
            "f1-weighted": 0.2736170191815353,
            "f1-macro": 0.2745283390444681,
            "f1-micro": 0.2875,
            "score": 0.2875
        }
    }
}
