{
    "function": "bin.ensemble.main",
    "config": {
        "seeds": [
            0
        ]
    },
    "single_model_function": "bin.tabr_scaling.main",
    "data": ":data/CTR23-OpenML-tid=361249-ctr23_361249-seed=0",
    "prediction_type": null,
    "metrics": {
        "train": {
            "rmse": 0.5184138622504654,
            "mae": 0.36155964072262314,
            "r2": 0.6667375564575195,
            "corr": 0.8179807742887099,
            "score": -0.5184138622504654
        },
        "val": {
            "rmse": 0.5812246239494961,
            "mae": 0.4089293476979208,
            "r2": 0.5175656080245972,
            "corr": 0.7215302940299658,
            "score": -0.5812246239494961
        },
        "test": {
            "rmse": 0.5711117682972118,
            "mae": 0.3997962321440909,
            "r2": 0.5605547428131104,
            "corr": 0.7539886743865405,
            "score": -0.5711117682972118
        }
    }
}
