{
    "function": "bin.tabr_scaling.main",
    "gpus": [
        "NVIDIA RTX 6000 Ada Generation"
    ],
    "config": {
        "seed": 0,
        "batch_size": 256,
        "patience": 16,
        "n_epochs": Infinity,
        "context_size": 96,
        "data": {
            "seed": 0,
            "cache": true,
            "num_policy": "quantile",
            "cat_policy": null,
            "path": ":data/TabZilla-OpenML-first-order-theorem-proving-9985",
            "y_policy": null
        },
        "model": {
            "num_embeddings": null,
            "d_main": 377,
            "context_dropout": 0.5134820054355665,
            "d_multiplier": 2.0,
            "encoder_n_blocks": 0,
            "predictor_n_blocks": 1,
            "mixer_normalization": "auto",
            "dropout0": 0.007028450511001183,
            "dropout1": 0.0,
            "normalization": "LayerNorm",
            "activation": "ReLU"
        },
        "optimizer": {
            "type": "AdamW",
            "lr": 5.247544485517223e-05,
            "weight_decay": 0.0
        }
    },
    "n_parameters": 1307065,
    "prediction_type": "logits",
    "best_epoch": 52,
    "metrics": {
        "train": {
            "0": {
                "precision": 0.613607188703466,
                "recall": 0.5487944890929966,
                "f1-score": 0.5793939393939394,
                "support": 871.0
            },
            "1": {
                "precision": 0.5681818181818182,
                "recall": 0.38461538461538464,
                "f1-score": 0.45871559633027525,
                "support": 390.0
            },
            "2": {
                "precision": 0.5955249569707401,
                "recall": 0.5776293823038398,
                "f1-score": 0.5864406779661017,
                "support": 599.0
            },
            "3": {
                "precision": 0.5318066157760815,
                "recall": 0.4239350912778905,
                "f1-score": 0.4717832957110609,
                "support": 493.0
            },
            "4": {
                "precision": 0.5151515151515151,
                "recall": 0.5120481927710844,
                "f1-score": 0.513595166163142,
                "support": 498.0
            },
            "5": {
                "precision": 0.7741393786733837,
                "recall": 0.9025942241801272,
                "f1-score": 0.8334463276836158,
                "support": 2043.0
            },
            "accuracy": 0.6706170821413976,
            "macro avg": {
                "precision": 0.5997352455761674,
                "recall": 0.5582694607068871,
                "f1-score": 0.5738958338746891,
                "support": 4894.0
            },
            "weighted avg": {
                "precision": 0.6565294414446029,
                "recall": 0.6706170821413976,
                "f1-score": 0.659158065973651,
                "support": 4894.0
            },
            "cross-entropy": 0.9238726232906365,
            "score": 0.6706170821413976
        },
        "val": {
            "0": {
                "precision": 0.5754716981132075,
                "recall": 0.5596330275229358,
                "f1-score": 0.5674418604651162,
                "support": 109.0
            },
            "1": {
                "precision": 0.6086956521739131,
                "recall": 0.2916666666666667,
                "f1-score": 0.39436619718309857,
                "support": 48.0
            },
            "2": {
                "precision": 0.5844155844155844,
                "recall": 0.6,
                "f1-score": 0.5921052631578947,
                "support": 75.0
            },
            "3": {
                "precision": 0.4716981132075472,
                "recall": 0.4032258064516129,
                "f1-score": 0.43478260869565216,
                "support": 62.0
            },
            "4": {
                "precision": 0.47368421052631576,
                "recall": 0.42857142857142855,
                "f1-score": 0.45,
                "support": 63.0
            },
            "5": {
                "precision": 0.7567567567567568,
                "recall": 0.8784313725490196,
                "f1-score": 0.8130671506352087,
                "support": 255.0
            },
            "accuracy": 0.6470588235294118,
            "macro avg": {
                "precision": 0.5784536691988875,
                "recall": 0.5269213836269439,
                "f1-score": 0.5419605133561617,
                "support": 612.0
            },
            "weighted avg": {
                "precision": 0.6337178700732927,
                "recall": 0.6470588235294118,
                "f1-score": 0.6337047061167275,
                "support": 612.0
            },
            "cross-entropy": 1.0997619245305135,
            "score": 0.6470588235294118
        },
        "test": {
            "0": {
                "precision": 0.5096153846153846,
                "recall": 0.48623853211009177,
                "f1-score": 0.49765258215962443,
                "support": 109.0
            },
            "1": {
                "precision": 0.3,
                "recall": 0.125,
                "f1-score": 0.17647058823529413,
                "support": 48.0
            },
            "2": {
                "precision": 0.4657534246575342,
                "recall": 0.4594594594594595,
                "f1-score": 0.46258503401360546,
                "support": 74.0
            },
            "3": {
                "precision": 0.3559322033898305,
                "recall": 0.3387096774193548,
                "f1-score": 0.34710743801652894,
                "support": 62.0
            },
            "4": {
                "precision": 0.4098360655737705,
                "recall": 0.3968253968253968,
                "f1-score": 0.4032258064516129,
                "support": 63.0
            },
            "5": {
                "precision": 0.7593220338983051,
                "recall": 0.875,
                "f1-score": 0.8130671506352087,
                "support": 256.0
            },
            "accuracy": 0.5931372549019608,
            "macro avg": {
                "precision": 0.4667431853558041,
                "recall": 0.4468721776357171,
                "f1-score": 0.45001809991864566,
                "support": 612.0
            },
            "weighted avg": {
                "precision": 0.5664832349134274,
                "recall": 0.5931372549019608,
                "f1-score": 0.5751880551205717,
                "support": 612.0
            },
            "cross-entropy": 1.110999253177765,
            "score": 0.5931372549019608
        }
    },
    "time": "0:00:11.020184",
    "chunk_size": null,
    "eval_batch_size": 32768
}
