{
    "function": "bin.ensemble.main",
    "config": {
        "seeds": [
            0
        ]
    },
    "single_model_function": "bin.ffn.main",
    "data": ":data/CTR23-OpenML-tid=361617-ctr23_361617-fold=1-seed=0",
    "prediction_type": null,
    "metrics": {
        "train": {
            "rmse": 0.27299040762768434,
            "mae": 0.18516840007303514,
            "r2": 0.9992486238479614,
            "corr": 0.9996392925339669,
            "score": -0.27299040762768434
        },
        "val": {
            "rmse": 0.3734333066113499,
            "mae": 0.26402171290779464,
            "r2": 0.9986852407455444,
            "corr": 0.9993560733681328,
            "score": -0.3734333066113499
        },
        "test": {
            "rmse": 0.41257299554339344,
            "mae": 0.3004734824288633,
            "r2": 0.9984744191169739,
            "corr": 0.9992693959418374,
            "score": -0.41257299554339344
        }
    }
}
