{
    "function": "bin.xgboost_.main",
    "gpus": [
        "NVIDIA RTX 6000 Ada Generation"
    ],
    "config": {
        "seed": 0,
        "data": {
            "seed": 0,
            "num_policy": null,
            "cache": true,
            "cat_policy": "one-hot",
            "y_policy": null,
            "path": ":data/TabZilla-OpenML-kr-vs-kp-3"
        },
        "model": {
            "booster": "gbtree",
            "early_stopping_rounds": 200,
            "n_estimators": 4000,
            "n_jobs": 1,
            "tree_method": "gpu_hist",
            "use_label_encoder": false,
            "colsample_byree": 0.7172083127790604,
            "gamma": 0.07740325005042992,
            "lambda": 0.0,
            "learning_rate": 0.001591288390738432,
            "max_depth": 11,
            "min_child_weight": 0.05274497214807883,
            "subsample": 0.7682896055543611
        },
        "fit": {
            "verbose": true
        },
        "neighbors": null
    },
    "prediction_type": "probs",
    "time": "0:00:02.725528",
    "best_iteration": 34,
    "metrics": {
        "train": {
            "0": {
                "precision": 1.0,
                "recall": 0.9868959868959869,
                "f1-score": 0.9934047815333883,
                "support": 1221.0
            },
            "1": {
                "precision": 0.9881569207994079,
                "recall": 1.0,
                "f1-score": 0.9940431868950111,
                "support": 1335.0
            },
            "accuracy": 0.9937402190923318,
            "macro avg": {
                "precision": 0.9940784603997039,
                "recall": 0.9934479934479934,
                "f1-score": 0.9937239842141997,
                "support": 2556.0
            },
            "weighted avg": {
                "precision": 0.9938143541733996,
                "recall": 0.9937402190923318,
                "f1-score": 0.9937382209534846,
                "support": 2556.0
            },
            "cross-entropy": 0.6398767068622921,
            "roc-auc": 0.9999987730324809,
            "score": 0.9937402190923318
        },
        "val": {
            "0": {
                "precision": 1.0,
                "recall": 0.9934640522875817,
                "f1-score": 0.9967213114754099,
                "support": 153.0
            },
            "1": {
                "precision": 0.9940476190476191,
                "recall": 1.0,
                "f1-score": 0.9970149253731343,
                "support": 167.0
            },
            "accuracy": 0.996875,
            "macro avg": {
                "precision": 0.9970238095238095,
                "recall": 0.9967320261437909,
                "f1-score": 0.996868118424272,
                "support": 320.0
            },
            "weighted avg": {
                "precision": 0.9968936011904763,
                "recall": 0.996875,
                "f1-score": 0.9968745412282848,
                "support": 320.0
            },
            "cross-entropy": 0.6408391230932848,
            "roc-auc": 0.9998825877656451,
            "score": 0.996875
        },
        "test": {
            "0": {
                "precision": 1.0,
                "recall": 0.9607843137254902,
                "f1-score": 0.98,
                "support": 153.0
            },
            "1": {
                "precision": 0.9653179190751445,
                "recall": 1.0,
                "f1-score": 0.9823529411764705,
                "support": 167.0
            },
            "accuracy": 0.98125,
            "macro avg": {
                "precision": 0.9826589595375723,
                "recall": 0.9803921568627452,
                "f1-score": 0.9811764705882353,
                "support": 320.0
            },
            "weighted avg": {
                "precision": 0.9819002890173412,
                "recall": 0.98125,
                "f1-score": 0.9812279411764706,
                "support": 320.0
            },
            "cross-entropy": 0.6405512189537488,
            "roc-auc": 0.9999021564713709,
            "score": 0.98125
        }
    }
}
