{
    "function": "bin.tabr.main",
    "gpus": [
        "NVIDIA RTX 6000 Ada Generation"
    ],
    "config": {
        "seed": 0,
        "batch_size": 256,
        "patience": 16,
        "n_epochs": Infinity,
        "context_size": 96,
        "data": {
            "seed": 0,
            "cache": true,
            "num_policy": "quantile",
            "cat_policy": null,
            "path": ":data/CTR23-OpenML-tid=361621-ctr23_361621-fold=1-seed=0",
            "y_policy": "standard"
        },
        "optimizer": {
            "type": "AdamW",
            "lr": 0.0005783708472141561,
            "weight_decay": 2.4269631383790863e-05
        },
        "model": {
            "num_embeddings": null,
            "d_main": 305,
            "context_dropout": 0.30079462915602134,
            "d_multiplier": 2.0,
            "encoder_n_blocks": 0,
            "predictor_n_blocks": 1,
            "mixer_normalization": "auto",
            "dropout0": 0.5736501808339343,
            "dropout1": 0.0,
            "normalization": "LayerNorm",
            "activation": "ReLU"
        }
    },
    "n_parameters": 843326,
    "prediction_type": null,
    "best_epoch": 7,
    "metrics": {
        "train": {
            "rmse": 0.8354867598007736,
            "mae": 0.5902062310495992,
            "r2": 0.6607438325881958,
            "corr": 0.8174147954703024,
            "score": -0.8354867598007736
        },
        "val": {
            "rmse": 0.7548975067722241,
            "mae": 0.5701218166799649,
            "r2": 0.7518356442451477,
            "corr": 0.8681238646022351,
            "score": -0.7548975067722241
        },
        "test": {
            "rmse": 1.0559736360488343,
            "mae": 0.727698984333145,
            "r2": 0.5130314826965332,
            "corr": 0.7300572739796372,
            "score": -1.0559736360488343
        }
    },
    "time": "0:00:00.708315",
    "chunk_size": null,
    "eval_batch_size": 32768
}
