{
    "function": "bin.ensemble.main",
    "config": {
        "seeds": [
            0
        ]
    },
    "single_model_function": "bin.xgboost_.main",
    "data": ":data/CTR23-OpenML-tid=361255-ctr23_361255-fold=1-seed=0",
    "prediction_type": null,
    "metrics": {
        "train": {
            "rmse": 9172.06286753472,
            "mae": 6484.901825904002,
            "r2": 0.9936589598655701,
            "corr": 0.9969731232145314,
            "score": -9172.06286753472
        },
        "val": {
            "rmse": 46367.46254073931,
            "mae": 29924.452128350968,
            "r2": 0.8436990976333618,
            "corr": 0.9185879623164988,
            "score": -46367.46254073931
        },
        "test": {
            "rmse": 48672.54039071313,
            "mae": 30236.735966502223,
            "r2": 0.8179049491882324,
            "corr": 0.9048501458591088,
            "score": -48672.54039071313
        }
    }
}
