{
    "function": "bin.ensemble.main",
    "config": {
        "seeds": [
            0
        ]
    },
    "single_model_function": "bin.ffn.main",
    "data": ":data/CTR23-OpenML-tid=361622-ctr23_361622-seed=0",
    "prediction_type": null,
    "metrics": {
        "train": {
            "rmse": 1881.216212459224,
            "mae": 1331.1322159460397,
            "r2": 0.962317943572998,
            "corr": 0.9814885661657243,
            "score": -1881.216212459224
        },
        "val": {
            "rmse": 1703.1991181323428,
            "mae": 1189.0096925681137,
            "r2": 0.9680261611938477,
            "corr": 0.983898151850209,
            "score": -1703.1991181323428
        },
        "test": {
            "rmse": 2115.9235124198494,
            "mae": 1516.8264086226845,
            "r2": 0.9653552174568176,
            "corr": 0.9827632626331071,
            "score": -2115.9235124198494
        }
    }
}
