{
    "function": "bin.ensemble.main",
    "config": {
        "seeds": [
            0
        ]
    },
    "single_model_function": "bin.xgboost_.main",
    "data": ":data/TabZilla-OpenML-pc3-tid=3903-fold=1",
    "prediction_type": "probs",
    "metrics": {
        "train": {
            "0": {
                "precision": 0.9964444444444445,
                "recall": 1.0,
                "f1-score": 0.9982190560997328,
                "support": 1121.0
            },
            "1": {
                "precision": 1.0,
                "recall": 0.96875,
                "f1-score": 0.9841269841269841,
                "support": 128.0
            },
            "accuracy": 0.9967974379503602,
            "macro avg": {
                "precision": 0.9982222222222222,
                "recall": 0.984375,
                "f1-score": 0.9911730201133584,
                "support": 1249.0
            },
            "weighted avg": {
                "precision": 0.996808824837648,
                "recall": 0.9967974379503602,
                "f1-score": 0.9967748725829099,
                "support": 1249.0
            },
            "cross-entropy": 0.03999280822013325,
            "roc-auc": 0.9999407615967886,
            "f1-weighted": 0.9967748725829099,
            "f1-macro": 0.9911730201133584,
            "f1-micro": 0.9967974379503602,
            "score": 0.9967974379503602
        },
        "val": {
            "0": {
                "precision": 0.9517241379310345,
                "recall": 0.9787234042553191,
                "f1-score": 0.965034965034965,
                "support": 141.0
            },
            "1": {
                "precision": 0.75,
                "recall": 0.5625,
                "f1-score": 0.6428571428571429,
                "support": 16.0
            },
            "accuracy": 0.9363057324840764,
            "macro avg": {
                "precision": 0.8508620689655173,
                "recall": 0.7706117021276595,
                "f1-score": 0.8039460539460539,
                "support": 157.0
            },
            "weighted avg": {
                "precision": 0.9311662640017572,
                "recall": 0.9363057324840764,
                "f1-score": 0.9322015564053779,
                "support": 157.0
            },
            "cross-entropy": 0.18441059516333275,
            "roc-auc": 0.9264184397163121,
            "f1-weighted": 0.9322015564053779,
            "f1-macro": 0.8039460539460539,
            "f1-micro": 0.9363057324840764,
            "score": 0.9363057324840764
        },
        "test": {
            "0": {
                "precision": 0.9144736842105263,
                "recall": 0.9858156028368794,
                "f1-score": 0.9488054607508533,
                "support": 141.0
            },
            "1": {
                "precision": 0.6,
                "recall": 0.1875,
                "f1-score": 0.2857142857142857,
                "support": 16.0
            },
            "accuracy": 0.9044585987261147,
            "macro avg": {
                "precision": 0.7572368421052631,
                "recall": 0.5866578014184397,
                "f1-score": 0.6172598732325695,
                "support": 157.0
            },
            "weighted avg": {
                "precision": 0.882425410660409,
                "recall": 0.9044585987261147,
                "f1-score": 0.8812292900464899,
                "support": 157.0
            },
            "cross-entropy": 0.2481912654798926,
            "roc-auc": 0.8798758865248227,
            "f1-weighted": 0.8812292900464899,
            "f1-macro": 0.6172598732325695,
            "f1-micro": 0.9044585987261147,
            "score": 0.9044585987261147
        }
    }
}
