{
    "function": "bin.ensemble.main",
    "config": {
        "seeds": [
            0
        ]
    },
    "single_model_function": "bin.xgboost_.main",
    "data": ":data/TabZilla-OpenML-credit-g-31",
    "prediction_type": "probs",
    "metrics": {
        "train": {
            "0": {
                "precision": 1.0,
                "recall": 0.9833333333333333,
                "f1-score": 0.9915966386554622,
                "support": 240.0
            },
            "1": {
                "precision": 0.9929078014184397,
                "recall": 1.0,
                "f1-score": 0.99644128113879,
                "support": 560.0
            },
            "accuracy": 0.995,
            "macro avg": {
                "precision": 0.9964539007092199,
                "recall": 0.9916666666666667,
                "f1-score": 0.9940189598971261,
                "support": 800.0
            },
            "weighted avg": {
                "precision": 0.9950354609929077,
                "recall": 0.995,
                "f1-score": 0.9949878883937916,
                "support": 800.0
            },
            "cross-entropy": 0.1618577932184932,
            "roc-auc": 1.0,
            "score": 0.995
        },
        "val": {
            "0": {
                "precision": 0.75,
                "recall": 0.4,
                "f1-score": 0.5217391304347826,
                "support": 30.0
            },
            "1": {
                "precision": 0.7857142857142857,
                "recall": 0.9428571428571428,
                "f1-score": 0.8571428571428571,
                "support": 70.0
            },
            "accuracy": 0.78,
            "macro avg": {
                "precision": 0.7678571428571428,
                "recall": 0.6714285714285715,
                "f1-score": 0.6894409937888198,
                "support": 100.0
            },
            "weighted avg": {
                "precision": 0.775,
                "recall": 0.78,
                "f1-score": 0.7565217391304349,
                "support": 100.0
            },
            "cross-entropy": 0.5702897835775533,
            "roc-auc": 0.7238095238095238,
            "score": 0.78
        },
        "test": {
            "0": {
                "precision": 0.6551724137931034,
                "recall": 0.6333333333333333,
                "f1-score": 0.6440677966101694,
                "support": 30.0
            },
            "1": {
                "precision": 0.8450704225352113,
                "recall": 0.8571428571428571,
                "f1-score": 0.851063829787234,
                "support": 70.0
            },
            "accuracy": 0.79,
            "macro avg": {
                "precision": 0.7501214181641573,
                "recall": 0.7452380952380953,
                "f1-score": 0.7475658131987017,
                "support": 100.0
            },
            "weighted avg": {
                "precision": 0.7881010199125789,
                "recall": 0.79,
                "f1-score": 0.7889650198341147,
                "support": 100.0
            },
            "cross-entropy": 0.42288323254042554,
            "roc-auc": 0.8647619047619048,
            "score": 0.79
        }
    }
}
