{
    "function": "bin.ensemble.main",
    "config": {
        "seeds": [
            0
        ]
    },
    "single_model_function": "bin.ffn.main",
    "data": ":data/CTR23-OpenML-tid=361619-ctr23_361619-fold=1-seed=0",
    "prediction_type": null,
    "metrics": {
        "train": {
            "rmse": 2.2536721346404613,
            "mae": 1.7053931096307622,
            "r2": 0.44968128204345703,
            "corr": 0.6707671419384132,
            "score": -2.2536721346404613
        },
        "val": {
            "rmse": 3.1010441448453103,
            "mae": 2.1340558248773362,
            "r2": 0.32801520824432373,
            "corr": 0.583564800399857,
            "score": -3.1010441448453103
        },
        "test": {
            "rmse": 3.3500853003678306,
            "mae": 2.2944755295900734,
            "r2": 0.14384162425994873,
            "corr": 0.44442571334962694,
            "score": -3.3500853003678306
        }
    }
}
