{
    "function": "bin.ensemble.main",
    "config": {
        "seeds": [
            0
        ]
    },
    "single_model_function": "bin.xgboost_.main",
    "data": ":data/CTR23-OpenML-tid=361260-ctr23_361260-seed=0",
    "prediction_type": null,
    "metrics": {
        "train": {
            "rmse": 27874.869830989308,
            "mae": 20414.72911541094,
            "r2": 0.9920768141746521,
            "corr": 0.9960495706367677,
            "score": -27874.869830989308
        },
        "val": {
            "rmse": 80800.23436322907,
            "mae": 41139.7744905618,
            "r2": 0.9409781098365784,
            "corr": 0.9700798182014104,
            "score": -80800.23436322907
        },
        "test": {
            "rmse": 85344.05265234257,
            "mae": 40742.20103171095,
            "r2": 0.9304383397102356,
            "corr": 0.9646225483498869,
            "score": -85344.05265234257
        }
    }
}
