{
    "function": "bin.xgboost_.main",
    "gpus": [
        "NVIDIA RTX 6000 Ada Generation"
    ],
    "config": {
        "seed": 0,
        "data": {
            "seed": 0,
            "num_policy": "quantile",
            "cache": true,
            "cat_policy": "one-hot",
            "y_policy": "standard",
            "path": ":data/CTR23-OpenML-tid=361267-ctr23_361267-fold=1-seed=0"
        },
        "model": {
            "booster": "gbtree",
            "early_stopping_rounds": 200,
            "n_estimators": 4000,
            "n_jobs": 1,
            "tree_method": "gpu_hist",
            "use_label_encoder": false,
            "colsample_byree": 0.658991589696988,
            "gamma": 0,
            "lambda": 0.0,
            "learning_rate": 0.006254152586876391,
            "max_depth": 9,
            "min_child_weight": 0.0003661365327691201,
            "subsample": 0.7879732477780896
        },
        "fit": {
            "verbose": true
        },
        "neighbors": null
    },
    "prediction_type": null,
    "time": "0:00:03.421070",
    "best_iteration": 794,
    "metrics": {
        "train": {
            "rmse": 1561.9147985215034,
            "mae": 1009.6531869597529,
            "r2": 0.9931125640869141,
            "corr": 0.9966352614050716,
            "score": -1561.9147985215034
        },
        "val": {
            "rmse": 2285.4528763034873,
            "mae": 1437.0285354122752,
            "r2": 0.7496790885925293,
            "corr": 0.865848686606565,
            "score": -2285.4528763034873
        },
        "test": {
            "rmse": 6531.658000025734,
            "mae": 1663.5364450622146,
            "r2": -0.46194183826446533,
            "corr": 0.5067317749185587,
            "score": -6531.658000025734
        }
    }
}
