{
    "function": "bin.ensemble.main",
    "config": {
        "seeds": [
            0
        ]
    },
    "single_model_function": "bin.ffn.main",
    "data": ":data/OpenML-tid=31-credit-g-seed=0",
    "prediction_type": "probs",
    "metrics": {
        "train": {
            "0": {
                "precision": 0.7452229299363057,
                "recall": 0.5342465753424658,
                "f1-score": 0.6223404255319149,
                "support": 219.0
            },
            "1": {
                "precision": 0.8279932546374368,
                "recall": 0.9246704331450094,
                "f1-score": 0.8736654804270463,
                "support": 531.0
            },
            "accuracy": 0.8106666666666666,
            "macro avg": {
                "precision": 0.7866080922868712,
                "recall": 0.7294585042437376,
                "f1-score": 0.7480029529794806,
                "support": 750.0
            },
            "weighted avg": {
                "precision": 0.8038243198247065,
                "recall": 0.8106666666666666,
                "f1-score": 0.800278564397668,
                "support": 750.0
            },
            "cross-entropy": 0.4124320804465243,
            "roc-auc": 0.8637446362080679,
            "f1-weighted": 0.800278564397668,
            "f1-macro": 0.7480029529794806,
            "f1-micro": 0.8106666666666666,
            "score": 0.8106666666666666
        },
        "val": {
            "0": {
                "precision": 0.6756756756756757,
                "recall": 0.49019607843137253,
                "f1-score": 0.5681818181818182,
                "support": 51.0
            },
            "1": {
                "precision": 0.7699115044247787,
                "recall": 0.8787878787878788,
                "f1-score": 0.8207547169811321,
                "support": 99.0
            },
            "accuracy": 0.7466666666666667,
            "macro avg": {
                "precision": 0.7227935900502271,
                "recall": 0.6844919786096256,
                "f1-score": 0.6944682675814752,
                "support": 150.0
            },
            "weighted avg": {
                "precision": 0.7378713226500836,
                "recall": 0.7466666666666667,
                "f1-score": 0.7348799313893654,
                "support": 150.0
            },
            "cross-entropy": 0.5909290037646457,
            "roc-auc": 0.7415329768270946,
            "f1-weighted": 0.7348799313893654,
            "f1-macro": 0.6944682675814752,
            "f1-micro": 0.7466666666666667,
            "score": 0.7466666666666667
        },
        "test": {
            "0": {
                "precision": 0.6538461538461539,
                "recall": 0.5666666666666667,
                "f1-score": 0.6071428571428571,
                "support": 30.0
            },
            "1": {
                "precision": 0.8243243243243243,
                "recall": 0.8714285714285714,
                "f1-score": 0.8472222222222222,
                "support": 70.0
            },
            "accuracy": 0.78,
            "macro avg": {
                "precision": 0.7390852390852392,
                "recall": 0.719047619047619,
                "f1-score": 0.7271825396825397,
                "support": 100.0
            },
            "weighted avg": {
                "precision": 0.7731808731808733,
                "recall": 0.78,
                "f1-score": 0.7751984126984126,
                "support": 100.0
            },
            "cross-entropy": 0.4341909296758601,
            "roc-auc": 0.848095238095238,
            "f1-weighted": 0.7751984126984126,
            "f1-macro": 0.7271825396825397,
            "f1-micro": 0.78,
            "score": 0.78
        }
    }
}
