{
    "function": "bin.tabr.main",
    "gpus": [
        "NVIDIA A100-SXM4-40GB"
    ],
    "config": {
        "seed": 0,
        "batch_size": 256,
        "patience": 16,
        "n_epochs": Infinity,
        "context_size": 96,
        "data": {
            "seed": 0,
            "cache": true,
            "num_policy": "quantile",
            "cat_policy": null,
            "path": ":data/TabZilla-OpenML-optdigits-tid=28-fold=0",
            "y_policy": null
        },
        "optimizer": {
            "type": "AdamW",
            "lr": 0.0007717846862118063,
            "weight_decay": 0.0
        },
        "model": {
            "num_embeddings": null,
            "d_main": 222,
            "context_dropout": 0.4185787175563589,
            "d_multiplier": 2.0,
            "encoder_n_blocks": 0,
            "predictor_n_blocks": 1,
            "mixer_normalization": "auto",
            "dropout0": 0.0361352829775619,
            "dropout1": 0.0,
            "normalization": "LayerNorm",
            "activation": "ReLU"
        }
    },
    "n_parameters": 464656,
    "prediction_type": "logits",
    "best_epoch": 1,
    "metrics": {
        "train": {
            "0": {
                "precision": 1.0,
                "recall": 0.9932432432432432,
                "f1-score": 0.9966101694915255,
                "support": 444.0
            },
            "1": {
                "precision": 0.9848484848484849,
                "recall": 0.9956236323851203,
                "f1-score": 0.9902067464635473,
                "support": 457.0
            },
            "2": {
                "precision": 1.0,
                "recall": 0.9977528089887641,
                "f1-score": 0.9988751406074241,
                "support": 445.0
            },
            "3": {
                "precision": 0.9912280701754386,
                "recall": 0.9912280701754386,
                "f1-score": 0.9912280701754386,
                "support": 456.0
            },
            "4": {
                "precision": 0.9934065934065934,
                "recall": 0.9955947136563876,
                "f1-score": 0.9944994499449945,
                "support": 454.0
            },
            "5": {
                "precision": 0.9977477477477478,
                "recall": 0.9932735426008968,
                "f1-score": 0.9955056179775281,
                "support": 446.0
            },
            "6": {
                "precision": 0.9932885906040269,
                "recall": 0.9955156950672646,
                "f1-score": 0.9944008958566629,
                "support": 446.0
            },
            "7": {
                "precision": 1.0,
                "recall": 0.9977973568281938,
                "f1-score": 0.9988974641675854,
                "support": 454.0
            },
            "8": {
                "precision": 0.9909706546275395,
                "recall": 0.9887387387387387,
                "f1-score": 0.9898534385569335,
                "support": 444.0
            },
            "9": {
                "precision": 0.9889135254988913,
                "recall": 0.9911111111111112,
                "f1-score": 0.9900110987791343,
                "support": 450.0
            },
            "accuracy": 0.9939946619217082,
            "macro avg": {
                "precision": 0.9940403666908721,
                "recall": 0.9939878912795159,
                "f1-score": 0.9940088092020775,
                "support": 4496.0
            },
            "weighted avg": {
                "precision": 0.9940139268274847,
                "recall": 0.9939946619217082,
                "f1-score": 0.9939989460198914,
                "support": 4496.0
            },
            "cross-entropy": 0.04891713823593493,
            "roc-auc": 0.9998420216680391,
            "f1-weighted": 0.9939989460198914,
            "f1-macro": 0.9940088092020775,
            "f1-micro": 0.9939946619217082,
            "score": 0.9939946619217082
        },
        "val": {
            "0": {
                "precision": 1.0,
                "recall": 1.0,
                "f1-score": 1.0,
                "support": 55.0
            },
            "1": {
                "precision": 1.0,
                "recall": 1.0,
                "f1-score": 1.0,
                "support": 57.0
            },
            "2": {
                "precision": 1.0,
                "recall": 1.0,
                "f1-score": 1.0,
                "support": 56.0
            },
            "3": {
                "precision": 1.0,
                "recall": 1.0,
                "f1-score": 1.0,
                "support": 58.0
            },
            "4": {
                "precision": 1.0,
                "recall": 0.9824561403508771,
                "f1-score": 0.9911504424778761,
                "support": 57.0
            },
            "5": {
                "precision": 1.0,
                "recall": 1.0,
                "f1-score": 1.0,
                "support": 56.0
            },
            "6": {
                "precision": 1.0,
                "recall": 1.0,
                "f1-score": 1.0,
                "support": 56.0
            },
            "7": {
                "precision": 1.0,
                "recall": 1.0,
                "f1-score": 1.0,
                "support": 56.0
            },
            "8": {
                "precision": 1.0,
                "recall": 1.0,
                "f1-score": 1.0,
                "support": 55.0
            },
            "9": {
                "precision": 0.9824561403508771,
                "recall": 1.0,
                "f1-score": 0.9911504424778761,
                "support": 56.0
            },
            "accuracy": 0.998220640569395,
            "macro avg": {
                "precision": 0.9982456140350877,
                "recall": 0.9982456140350877,
                "f1-score": 0.9982300884955752,
                "support": 562.0
            },
            "weighted avg": {
                "precision": 0.9982518574015109,
                "recall": 0.998220640569395,
                "f1-score": 0.998220640569395,
                "support": 562.0
            },
            "cross-entropy": 0.03705829087638422,
            "roc-auc": 0.9999825953773321,
            "f1-weighted": 0.998220640569395,
            "f1-macro": 0.9982300884955752,
            "f1-micro": 0.998220640569395,
            "score": 0.998220640569395
        },
        "test": {
            "0": {
                "precision": 1.0,
                "recall": 1.0,
                "f1-score": 1.0,
                "support": 55.0
            },
            "1": {
                "precision": 0.9827586206896551,
                "recall": 1.0,
                "f1-score": 0.991304347826087,
                "support": 57.0
            },
            "2": {
                "precision": 1.0,
                "recall": 1.0,
                "f1-score": 1.0,
                "support": 56.0
            },
            "3": {
                "precision": 0.9827586206896551,
                "recall": 0.9827586206896551,
                "f1-score": 0.9827586206896551,
                "support": 58.0
            },
            "4": {
                "precision": 0.9473684210526315,
                "recall": 0.9473684210526315,
                "f1-score": 0.9473684210526315,
                "support": 57.0
            },
            "5": {
                "precision": 1.0,
                "recall": 1.0,
                "f1-score": 1.0,
                "support": 56.0
            },
            "6": {
                "precision": 0.9649122807017544,
                "recall": 0.9821428571428571,
                "f1-score": 0.9734513274336283,
                "support": 56.0
            },
            "7": {
                "precision": 0.9821428571428571,
                "recall": 0.9821428571428571,
                "f1-score": 0.9821428571428571,