{
    "function": "bin.ffn.main",
    "gpus": [
        "NVIDIA RTX 6000 Ada Generation"
    ],
    "config": {
        "seed": 0,
        "batch_size": 256,
        "patience": 16,
        "n_epochs": Infinity,
        "data": {
            "seed": 0,
            "cache": true,
            "num_policy": "quantile",
            "cat_policy": "ordinal",
            "y_policy": "standard",
            "path": ":data/CTR23-OpenML-tid=361266-ctr23_361266-seed=0"
        },
        "optimizer": {
            "type": "AdamW",
            "lr": 8.374496868436811e-05,
            "weight_decay": 0.0
        },
        "model": {
            "backbone": {
                "type": "MLP",
                "n_blocks": 4,
                "d_layer": 201,
                "dropout": 0.0,
                "activation": "ReLU"
            },
            "num_embeddings": {
                "type": "PLREmbeddings",
                "n_frequencies": 49,
                "frequency_scale": 0.11434638743472199,
                "d_embedding": 53,
                "lite": true
            }
        }
    },
    "n_parameters": 332304,
    "prediction_type": null,
    "best_epoch": 87,
    "metrics": {
        "train": {
            "rmse": 85761.5408289506,
            "mae": 55398.741578945424,
            "r2": 0.9455994367599487,
            "corr": 0.9726756551372405,
            "score": -85761.5408289506
        },
        "val": {
            "rmse": 107127.85228542639,
            "mae": 62240.531073561404,
            "r2": 0.9231873154640198,
            "corr": 0.9613050757636697,
            "score": -107127.85228542639
        },
        "test": {
            "rmse": 101896.74381890529,
            "mae": 61780.975269156974,
            "r2": 0.9052587151527405,
            "corr": 0.9515408830723334,
            "score": -101896.74381890529
        }
    },
    "time": "0:00:21.374419",
    "chunk_size": null,
    "eval_batch_size": 32768
}
