{
    "function": "bin.tabr_scaling.main",
    "gpus": [
        "NVIDIA RTX 6000 Ada Generation"
    ],
    "config": {
        "seed": 0,
        "batch_size": 256,
        "patience": 16,
        "n_epochs": Infinity,
        "context_size": 96,
        "data": {
            "seed": 0,
            "cache": true,
            "num_policy": "quantile",
            "cat_policy": null,
            "path": ":data/TabZilla-OpenML-mfeat-zernike-tid=22-fold=0",
            "y_policy": null
        },
        "optimizer": {
            "type": "AdamW",
            "lr": 8.17147891511587e-05,
            "weight_decay": 0.0
        },
        "model": {
            "num_embeddings": null,
            "d_main": 274,
            "context_dropout": 0.3672574336334528,
            "d_multiplier": 2.0,
            "encoder_n_blocks": 0,
            "predictor_n_blocks": 1,
            "mixer_normalization": "auto",
            "dropout0": 0.37016039812485413,
            "dropout1": 0.0,
            "normalization": "LayerNorm",
            "activation": "ReLU"
        }
    },
    "n_parameters": 697066,
    "prediction_type": "logits",
    "best_epoch": 30,
    "metrics": {
        "train": {
            "0": {
                "precision": 1.0,
                "recall": 0.99375,
                "f1-score": 0.9968652037617555,
                "support": 160.0
            },
            "1": {
                "precision": 0.7810650887573964,
                "recall": 0.825,
                "f1-score": 0.8024316109422492,
                "support": 160.0
            },
            "2": {
                "precision": 0.9875776397515528,
                "recall": 0.99375,
                "f1-score": 0.9906542056074766,
                "support": 160.0
            },
            "3": {
                "precision": 0.975609756097561,
                "recall": 1.0,
                "f1-score": 0.9876543209876543,
                "support": 160.0
            },
            "4": {
                "precision": 0.9685534591194969,
                "recall": 0.9625,
                "f1-score": 0.9655172413793104,
                "support": 160.0
            },
            "5": {
                "precision": 0.9636363636363636,
                "recall": 0.99375,
                "f1-score": 0.9784615384615385,
                "support": 160.0
            },
            "6": {
                "precision": 0.9746835443037974,
                "recall": 0.9625,
                "f1-score": 0.9685534591194969,
                "support": 160.0
            },
            "7": {
                "precision": 0.8275862068965517,
                "recall": 0.75,
                "f1-score": 0.7868852459016393,
                "support": 160.0
            },
            "8": {
                "precision": 0.9753086419753086,
                "recall": 0.9875,
                "f1-score": 0.9813664596273292,
                "support": 160.0
            },
            "9": {
                "precision": 0.9936708860759493,
                "recall": 0.98125,
                "f1-score": 0.9874213836477987,
                "support": 160.0
            },
            "accuracy": 0.945,
            "macro avg": {
                "precision": 0.9447691586613978,
                "recall": 0.945,
                "f1-score": 0.9445810669436249,
                "support": 1600.0
            },
            "weighted avg": {
                "precision": 0.9447691586613978,
                "recall": 0.945,
                "f1-score": 0.944581066943625,
                "support": 1600.0
            },
            "cross-entropy": 0.2100895955628308,
            "roc-auc": 0.9962543402777779,
            "f1-weighted": 0.944581066943625,
            "f1-macro": 0.9445810669436249,
            "f1-micro": 0.945,
            "score": 0.945
        },
        "val": {
            "0": {
                "precision": 1.0,
                "recall": 1.0,
                "f1-score": 1.0,
                "support": 20.0
            },
            "1": {
                "precision": 0.7391304347826086,
                "recall": 0.85,
                "f1-score": 0.7906976744186046,
                "support": 20.0
            },
            "2": {
                "precision": 0.9090909090909091,
                "recall": 1.0,
                "f1-score": 0.9523809523809523,
                "support": 20.0
            },
            "3": {
                "precision": 1.0,
                "recall": 1.0,
                "f1-score": 1.0,
                "support": 20.0
            },
            "4": {
                "precision": 1.0,
                "recall": 0.95,
                "f1-score": 0.9743589743589743,
                "support": 20.0
            },
            "5": {
                "precision": 1.0,
                "recall": 0.95,
                "f1-score": 0.9743589743589743,
                "support": 20.0
            },
            "6": {
                "precision": 1.0,
                "recall": 0.95,
                "f1-score": 0.9743589743589743,
                "support": 20.0
            },
            "7": {
                "precision": 0.8235294117647058,
                "recall": 0.7,
                "f1-score": 0.7567567567567568,
                "support": 20.0
            },
            "8": {
                "precision": 1.0,
                "recall": 0.95,
                "f1-score": 0.9743589743589743,
                "support": 20.0
            },
            "9": {
                "precision": 0.9090909090909091,
                "recall": 1.0,
                "f1-score": 0.9523809523809523,
                "support": 20.0
            },
            "accuracy": 0.935,
            "macro avg": {
                "precision": 0.938084166472913,
                "recall": 0.9349999999999999,
                "f1-score": 0.9349652233373164,
                "support": 200.0
            },
            "weighted avg": {
                "precision": 0.9380841664729133,
                "recall": 0.935,
                "f1-score": 0.9349652233373162,
                "support": 200.0
            },
            "cross-entropy": 0.2560830671639846,
            "roc-auc": 0.9953333333333335,
            "f1-weighted": 0.9349652233373162,
            "f1-macro": 0.9349652233373164,
            "f1-micro": 0.935,
            "score": 0.935
        },
        "test": {
            "0": {
                "precision": 0.95,
                "recall": 0.95,
                "f1-score": 0.95,
                "support": 20.0
            },
            "1": {
                "precision": 0.7058823529411765,
                "recall": 0.6,
                "f1-score": 0.6486486486486487,
                "support": 20.0
            },
            "2": {
                "precision": 0.9,
                "recall": 0.9,
                "f1-score": 0.9,
                "support": 20.0
            },
            "3": {
                "precision": 0.95,
                "recall": 0.95,
                "f1-score": 0.95,
                "support": 20.0
            },
            "4": {
                "precision": 0.95,
                "recall": 0.95,
                "f1-score": 0.95,
                "support": 20.0
            },
            "5": {
                "precision": 0.9090909090909091,
                "recall": 1.0,
                "f1-score": 0.9523809523809523,
                "support": 20.0
            },
            "6": {
                "precision": 0.8823529411764706,
                "recall": 0.75,
                "f1-score": 0.8108108108108109,
                "support": 20.0
            },
            "7": {
                "precision": 0.6666666666666666,
                "recall": 0.8,
                "f1-score": 0.7272727272727273,
                "support": 20.0
            },
            "8": {
                "precision": 1.0,
                "recall": 0.95,