{
    "function": "bin.ensemble.main",
    "config": {
        "seeds": [
            0
        ]
    },
    "single_model_function": "bin.xgboost_.main",
    "data": ":data/CTR23-OpenML-tid=361619-ctr23_361619-seed=0",
    "prediction_type": null,
    "metrics": {
        "train": {
            "rmse": 0.5051849201270128,
            "mae": 0.3600068008924495,
            "r2": 0.9743621945381165,
            "corr": 0.9888596337235454,
            "score": -0.5051849201270128
        },
        "val": {
            "rmse": 2.990903483887061,
            "mae": 2.330681135621262,
            "r2": 0.3683243989944458,
            "corr": 0.6166243365089565,
            "score": -2.990903483887061
        },
        "test": {
            "rmse": 2.4369816434366127,
            "mae": 2.0389456900784353,
            "r2": 0.22732752561569214,
            "corr": 0.5825730186360556,
            "score": -2.4369816434366127
        }
    }
}
