{
    "function": "bin.tabr_scaling.main",
    "gpus": [
        "NVIDIA RTX 6000 Ada Generation"
    ],
    "config": {
        "seed": 0,
        "batch_size": 256,
        "patience": 16,
        "n_epochs": Infinity,
        "context_size": 96,
        "data": {
            "seed": 0,
            "cache": true,
            "num_policy": null,
            "cat_policy": null,
            "path": ":data/TabZilla-OpenML-connect-4-tid=146195-fold=0",
            "y_policy": null
        },
        "optimizer": {
            "type": "AdamW",
            "lr": 0.00013816356822574785,
            "weight_decay": 1.5998881492631499e-06
        },
        "model": {
            "num_embeddings": null,
            "d_main": 156,
            "context_dropout": 0.09678571073099775,
            "d_multiplier": 2.0,
            "encoder_n_blocks": 0,
            "predictor_n_blocks": 1,
            "mixer_normalization": "auto",
            "dropout0": 0.39186499527923907,
            "dropout1": 0.0,
            "normalization": "LayerNorm",
            "activation": "ReLU"
        }
    },
    "n_parameters": 241335,
    "prediction_type": "logits",
    "best_epoch": 40,
    "metrics": {
        "train": {
            "0": {
                "precision": 0.7174840085287847,
                "recall": 0.521806551657298,
                "f1-score": 0.6041970598137134,
                "support": 5159.0
            },
            "1": {
                "precision": 0.8850387883265608,
                "recall": 0.9000676234127283,
                "f1-score": 0.892489941886455,
                "support": 13309.0
            },
            "2": {
                "precision": 0.9377006365961151,
                "recall": 0.9688281755066476,
                "f1-score": 0.9530102993018594,
                "support": 35577.0
            },
            "accuracy": 0.9092237949856601,
            "macro avg": {
                "precision": 0.8467411444838202,
                "recall": 0.796900783525558,
                "f1-score": 0.8165657670006761,
                "support": 54045.0
            },
            "weighted avg": {
                "precision": 0.9037109220467792,
                "recall": 0.9092237949856601,
                "f1-score": 0.9048098563494871,
                "support": 54045.0
            },
            "cross-entropy": 0.2263970897689906,
            "roc-auc": 0.9629340576792328,
            "f1-weighted": 0.9048098563494871,
            "f1-macro": 0.8165657670006761,
            "f1-micro": 0.9092237949856601,
            "score": 0.9092237949856601
        },
        "val": {
            "0": {
                "precision": 0.5534591194968553,
                "recall": 0.40930232558139534,
                "f1-score": 0.47058823529411764,
                "support": 645.0
            },
            "1": {
                "precision": 0.8332351208014143,
                "recall": 0.8502705953096813,
                "f1-score": 0.8416666666666667,
                "support": 1663.0
            },
            "2": {
                "precision": 0.9218681798341336,
                "recall": 0.9496402877697842,
                "f1-score": 0.935548172757475,
                "support": 4448.0
            },
            "accuracy": 0.8735938425103612,
            "macro avg": {
                "precision": 0.7695208067108011,
                "recall": 0.7364044028869535,
                "f1-score": 0.7492676915727531,
                "support": 6756.0
            },
            "weighted avg": {
                "precision": 0.8648787450962773,
                "recall": 0.8735938425103612,
                "f1-score": 0.8680490454198669,
                "support": 6756.0
            },
            "cross-entropy": 0.32850370517008526,
            "roc-auc": 0.9296446705156676,
            "f1-weighted": 0.8680490454198669,
            "f1-macro": 0.7492676915727531,
            "f1-micro": 0.8735938425103612,
            "score": 0.8735938425103612
        },
        "test": {
            "0": {
                "precision": 0.5664488017429193,
                "recall": 0.40310077519379844,
                "f1-score": 0.47101449275362317,
                "support": 645.0
            },
            "1": {
                "precision": 0.8364705882352941,
                "recall": 0.8550811785929044,
                "f1-score": 0.8456735057983943,
                "support": 1663.0
            },
            "2": {
                "precision": 0.9177724603001958,
                "recall": 0.9485161870503597,
                "f1-score": 0.9328911000552792,
                "support": 4448.0
            },
            "accuracy": 0.8734458259325044,
            "macro avg": {
                "precision": 0.7735639500928032,
                "recall": 0.7355660469456876,
                "f1-score": 0.7498596995357656,
                "support": 6756.0
            },
            "weighted avg": {
                "precision": 0.8642187638802172,
                "recall": 0.8734458259325044,
                "f1-score": 0.8673266727375221,
                "support": 6756.0
            },
            "cross-entropy": 0.32859853543410794,
            "roc-auc": 0.9285456213893083,
            "f1-weighted": 0.8673266727375221,
            "f1-macro": 0.7498596995357656,
            "f1-micro": 0.8734458259325044,
            "score": 0.8734458259325044
        }
    },
    "time": "0:11:00.653224",
    "chunk_size": null,
    "eval_batch_size": 32768
}
