{
    "function": "bin.ffn.main",
    "gpus": [
        "NVIDIA RTX 6000 Ada Generation"
    ],
    "config": {
        "seed": 0,
        "batch_size": 256,
        "patience": 16,
        "n_epochs": Infinity,
        "data": {
            "seed": 0,
            "cache": true,
            "num_policy": "quantile",
            "cat_policy": "ordinal",
            "y_policy": null,
            "path": ":data/TabZilla-OpenML-credit-g-tid=31-fold=0"
        },
        "optimizer": {
            "type": "AdamW",
            "lr": 0.0005301307973946533,
            "weight_decay": 0.0
        },
        "model": {
            "backbone": {
                "type": "MLP",
                "n_blocks": 6,
                "d_layer": 807,
                "dropout": 0.0,
                "activation": "ReLU"
            },
            "num_embeddings": {
                "type": "PLREmbeddings",
                "n_frequencies": 48,
                "frequency_scale": 0.08490564561872228,
                "d_embedding": 22,
                "lite": true
            }
        }
    },
    "n_parameters": 3430607,
    "prediction_type": "logits",
    "best_epoch": 26,
    "metrics": {
        "train": {
            "0": {
                "precision": 0.995575221238938,
                "recall": 0.9375,
                "f1-score": 0.9656652360515021,
                "support": 240.0
            },
            "1": {
                "precision": 0.9738675958188153,
                "recall": 0.9982142857142857,
                "f1-score": 0.9858906525573192,
                "support": 560.0
            },
            "accuracy": 0.98,
            "macro avg": {
                "precision": 0.9847214085288767,
                "recall": 0.9678571428571429,
                "f1-score": 0.9757779443044107,
                "support": 800.0
            },
            "weighted avg": {
                "precision": 0.9803798834448522,
                "recall": 0.98,
                "f1-score": 0.979823027605574,
                "support": 800.0
            },
            "cross-entropy": 0.07534594620935958,
            "roc-auc": 0.998623511904762,
            "f1-weighted": 0.979823027605574,
            "f1-macro": 0.9757779443044107,
            "f1-micro": 0.98,
            "score": 0.98
        },
        "val": {
            "0": {
                "precision": 0.7692307692307693,
                "recall": 0.3333333333333333,
                "f1-score": 0.46511627906976744,
                "support": 30.0
            },
            "1": {
                "precision": 0.7701149425287356,
                "recall": 0.9571428571428572,
                "f1-score": 0.8535031847133758,
                "support": 70.0
            },
            "accuracy": 0.77,
            "macro avg": {
                "precision": 0.7696728558797524,
                "recall": 0.6452380952380953,
                "f1-score": 0.6593097318915716,
                "support": 100.0
            },
            "weighted avg": {
                "precision": 0.7698496905393456,
                "recall": 0.77,
                "f1-score": 0.7369871130202934,
                "support": 100.0
            },
            "cross-entropy": 0.9977317084600195,
            "roc-auc": 0.719047619047619,
            "f1-weighted": 0.7369871130202934,
            "f1-macro": 0.6593097318915716,
            "f1-micro": 0.77,
            "score": 0.77
        },
        "test": {
            "0": {
                "precision": 0.85,
                "recall": 0.5666666666666667,
                "f1-score": 0.68,
                "support": 30.0
            },
            "1": {
                "precision": 0.8375,
                "recall": 0.9571428571428572,
                "f1-score": 0.8933333333333333,
                "support": 70.0
            },
            "accuracy": 0.84,
            "macro avg": {
                "precision": 0.84375,
                "recall": 0.7619047619047619,
                "f1-score": 0.7866666666666666,
                "support": 100.0
            },
            "weighted avg": {
                "precision": 0.84125,
                "recall": 0.84,
                "f1-score": 0.8293333333333334,
                "support": 100.0
            },
            "cross-entropy": 0.5325781760969565,
            "roc-auc": 0.861904761904762,
            "f1-weighted": 0.8293333333333334,
            "f1-macro": 0.7866666666666666,
            "f1-micro": 0.84,
            "score": 0.84
        }
    },
    "time": "0:00:01.293706",
    "chunk_size": null,
    "eval_batch_size": 32768
}
