{
    "function": "bin.ffn.main",
    "gpus": [
        "NVIDIA RTX 6000 Ada Generation"
    ],
    "config": {
        "seed": 0,
        "batch_size": 256,
        "patience": 16,
        "n_epochs": Infinity,
        "data": {
            "seed": 0,
            "cache": true,
            "num_policy": "quantile",
            "cat_policy": null,
            "y_policy": "standard",
            "path": ":data/CTR23-OpenML-tid=361237-ctr23_361237-seed=0"
        },
        "optimizer": {
            "type": "AdamW",
            "lr": 0.0007634057195296406,
            "weight_decay": 0.0
        },
        "model": {
            "backbone": {
                "type": "MLP",
                "n_blocks": 6,
                "d_layer": 345,
                "dropout": 0.0,
                "activation": "ReLU"
            },
            "num_embeddings": {
                "type": "PLREmbeddings",
                "n_frequencies": 17,
                "frequency_scale": 0.2448691488904506,
                "d_embedding": 23,
                "lite": true
            }
        }
    },
    "n_parameters": 661962,
    "prediction_type": null,
    "best_epoch": 71,
    "metrics": {
        "train": {
            "rmse": 3.1658471219005353,
            "mae": 2.272313812810836,
            "r2": 0.9647679328918457,
            "corr": 0.983443889272214,
            "score": -3.1658471219005353
        },
        "val": {
            "rmse": 4.22763984002102,
            "mae": 3.0991399328897273,
            "r2": 0.9289138317108154,
            "corr": 0.9639630172926291,
            "score": -4.22763984002102
        },
        "test": {
            "rmse": 6.249989766416064,
            "mae": 3.879677440378458,
            "r2": 0.8568342328071594,
            "corr": 0.9260814747884187,
            "score": -6.249989766416064
        }
    },
    "time": "0:00:01.095127",
    "chunk_size": null,
    "eval_batch_size": 32768
}
