{
    "function": "bin.ensemble.main",
    "config": {
        "seeds": [
            0
        ]
    },
    "single_model_function": "bin.tabr.main",
    "data": ":data/CTR23-OpenML-tid=361616-ctr23_361616-fold=1-seed=0",
    "prediction_type": null,
    "metrics": {
        "train": {
            "rmse": 18.847444714626725,
            "mae": 14.678712324432126,
            "r2": 0.9571366906166077,
            "corr": 0.9783370888406155,
            "score": -18.847444714626725
        },
        "val": {
            "rmse": 21.63553994829028,
            "mae": 17.364918654913026,
            "r2": 0.9472533464431763,
            "corr": 0.9733138505799743,
            "score": -21.63553994829028
        },
        "test": {
            "rmse": 22.487390131800623,
            "mae": 17.96528150077097,
            "r2": 0.9363350868225098,
            "corr": 0.9679328911838873,
            "score": -22.487390131800623
        }
    }
}
