{
    "function": "bin.ensemble.main",
    "config": {
        "seeds": [
            0
        ]
    },
    "single_model_function": "bin.ffn.main",
    "data": ":data/CTR23-OpenML-tid=361259-ctr23_361259-seed=0",
    "prediction_type": null,
    "metrics": {
        "train": {
            "rmse": 0.020551292482633324,
            "mae": 0.016359533110162028,
            "r2": 0.6699991226196289,
            "corr": 0.818802126118161,
            "score": -0.020551292482633324
        },
        "val": {
            "rmse": 0.02151868035109444,
            "mae": 0.017130975092646494,
            "r2": 0.6568479537963867,
            "corr": 0.8105073108354454,
            "score": -0.02151868035109444
        },
        "test": {
            "rmse": 0.020002129514380594,
            "mae": 0.015637765656090652,
            "r2": 0.6929407119750977,
            "corr": 0.8338081217308697,
            "score": -0.020002129514380594
        }
    }
}
