{
    "function": "bin.ensemble.main",
    "config": {
        "seeds": [
            0
        ]
    },
    "single_model_function": "bin.ffn.main",
    "data": ":data/CTR23-OpenML-tid=361621-ctr23_361621-seed=0",
    "prediction_type": null,
    "metrics": {
        "train": {
            "rmse": 0.6323509412458688,
            "mae": 0.46099306337906043,
            "r2": 0.8050346374511719,
            "corr": 0.8973411809292958,
            "score": -0.6323509412458688
        },
        "val": {
            "rmse": 0.7718390996320709,
            "mae": 0.5774064964225545,
            "r2": 0.7496089935302734,
            "corr": 0.8659645486881815,
            "score": -0.7718390996320709
        },
        "test": {
            "rmse": 1.0116295383281535,
            "mae": 0.7348696579519398,
            "r2": 0.5382497310638428,
            "corr": 0.7528386005917007,
            "score": -1.0116295383281535
        }
    }
}
