{
    "function": "bin.ffn.main",
    "gpus": [
        "NVIDIA RTX 6000 Ada Generation"
    ],
    "config": {
        "seed": 0,
        "batch_size": 256,
        "patience": 16,
        "n_epochs": Infinity,
        "data": {
            "seed": 0,
            "cache": true,
            "num_policy": "quantile",
            "cat_policy": "ordinal",
            "y_policy": "standard",
            "path": ":data/CTR23-OpenML-tid=361268-ctr23_361268-fold=1-seed=0"
        },
        "optimizer": {
            "type": "AdamW",
            "lr": 2.1019338091154404e-05,
            "weight_decay": 0.0
        },
        "model": {
            "backbone": {
                "type": "MLP",
                "n_blocks": 3,
                "d_layer": 298,
                "dropout": 0.0,
                "activation": "ReLU"
            },
            "num_embeddings": {
                "type": "PLREmbeddings",
                "n_frequencies": 69,
                "frequency_scale": 0.03570522756718294,
                "d_embedding": 25,
                "lite": true
            }
        }
    },
    "n_parameters": 427445,
    "prediction_type": null,
    "best_epoch": 403,
    "metrics": {
        "train": {
            "rmse": 0.27033132320930375,
            "mae": 0.20134269122077697,
            "r2": 0.9999756813049316,
            "corr": 0.9999880992614371,
            "score": -0.27033132320930375
        },
        "val": {
            "rmse": 0.33634354765795377,
            "mae": 0.2318098644254576,
            "r2": 0.9999618530273438,
            "corr": 0.9999813337865986,
            "score": -0.33634354765795377
        },
        "test": {
            "rmse": 0.32010224799599934,
            "mae": 0.2269031814073692,
            "r2": 0.99996417760849,
            "corr": 0.9999824216840134,
            "score": -0.32010224799599934
        }
    },
    "time": "0:04:02.697929",
    "chunk_size": null,
    "eval_batch_size": 32768
}
