{
    "function": "bin.lightgbm_.main",
    "gpus": [
        "NVIDIA RTX 6000 Ada Generation",
        "NVIDIA RTX 6000 Ada Generation"
    ],
    "config": {
        "seed": 0,
        "data": {
            "seed": 0,
            "num_policy": "quantile",
            "cat_policy": null,
            "y_policy": "standard",
            "cache": true,
            "path": ":data/CTR23-OpenML-tid=361249-ctr23_361249-fold=1-seed=0"
        },
        "model": {
            "n_estimators": 4000,
            "n_jobs": 4,
            "early_stopping_rounds": 200,
            "feature_fraction": 0.6271782408851965,
            "lambda_l2": 0.4203313319479942,
            "learning_rate": 0.12275253409866282,
            "num_leaves": 292,
            "min_sum_hessian_in_leaf": 0.0011956995487870316,
            "bagging_fraction": 0.5123393641956656
        },
        "fit": {}
    },
    "prediction_type": null,
    "time": "0:00:00.473362",
    "best_iteration": 132,
    "metrics": {
        "train": {
            "rmse": 0.10374734143504093,
            "mae": 0.06809966351111435,
            "r2": 0.9864345917800648,
            "corr": 0.9944990974675072,
            "score": -0.10374734143504093
        },
        "val": {
            "rmse": 0.5705418081499323,
            "mae": 0.3968129175468786,
            "r2": 0.53688852676542,
            "corr": 0.733799842036913,
            "score": -0.5705418081499323
        },
        "test": {
            "rmse": 0.5947258052025847,
            "mae": 0.4085203286473197,
            "r2": 0.5771794680431047,
            "corr": 0.7614157967623846,
            "score": -0.5947258052025847
        }
    }
}
