{
    "function": "bin.ensemble.main",
    "config": {
        "seeds": [
            0
        ]
    },
    "single_model_function": "bin.xgboost_.main",
    "data": ":data/CTR23-OpenML-tid=361254-ctr23_361254-seed=0",
    "prediction_type": null,
    "metrics": {
        "train": {
            "rmse": 0.011799171866066212,
            "mae": 0.0085578133353032,
            "r2": 0.9999996423721313,
            "corr": 0.999999832926793,
            "score": -0.011799171866066212
        },
        "val": {
            "rmse": 2.3353143413347817,
            "mae": 1.389289927523322,
            "r2": 0.9874651432037354,
            "corr": 0.9937655287371706,
            "score": -2.3353143413347817
        },
        "test": {
            "rmse": 2.283726415237955,
            "mae": 1.37467906728304,
            "r2": 0.9872750639915466,
            "corr": 0.9936679821645985,
            "score": -2.283726415237955
        }
    }
}
