{
    "function": "bin.ensemble.main",
    "config": {
        "seeds": [
            0
        ]
    },
    "single_model_function": "bin.lightgbm_.main",
    "data": ":data/CTR23-OpenML-tid=361235-ctr23_361235-fold=1-seed=0",
    "prediction_type": null,
    "metrics": {
        "train": {
            "rmse": 0.8454323355926175,
            "mae": 0.48842929092208465,
            "r2": 0.9854581245553087,
            "corr": 0.9927135819895535,
            "score": -0.8454323355926175
        },
        "val": {
            "rmse": 1.448222420754142,
            "mae": 1.037649686977732,
            "r2": 0.9510555739202995,
            "corr": 0.9756793341350826,
            "score": -1.448222420754142
        },
        "test": {
            "rmse": 1.3071877352184598,
            "mae": 0.9117138518073538,
            "r2": 0.9592091839321225,
            "corr": 0.9800913911075021,
            "score": -1.3071877352184598
        }
    }
}
