{
    "function": "bin.xgboost_.main",
    "gpus": [
        "NVIDIA RTX 6000 Ada Generation"
    ],
    "config": {
        "seed": 0,
        "data": {
            "seed": 0,
            "num_policy": "quantile",
            "cache": true,
            "cat_policy": null,
            "y_policy": null,
            "path": ":data/TabZilla-OpenML-balance-scale-tid=11-fold=1"
        },
        "model": {
            "booster": "gbtree",
            "early_stopping_rounds": 200,
            "n_estimators": 4000,
            "n_jobs": 1,
            "tree_method": "gpu_hist",
            "use_label_encoder": false,
            "colsample_byree": 0.7343256008238508,
            "gamma": 0,
            "lambda": 0.0,
            "learning_rate": 0.007053763390632225,
            "max_depth": 4,
            "min_child_weight": 0.005981928050749343,
            "subsample": 0.559363859477122
        },
        "fit": {
            "verbose": true
        },
        "neighbors": null
    },
    "prediction_type": "probs",
    "time": "0:00:00.304993",
    "best_iteration": 5,
    "metrics": {
        "train": {
            "0": {
                "precision": 0.0,
                "recall": 0.0,
                "f1-score": 0.0,
                "support": 39.0
            },
            "1": {
                "precision": 0.888,
                "recall": 0.9652173913043478,
                "f1-score": 0.925,
                "support": 230.0
            },
            "2": {
                "precision": 0.891566265060241,
                "recall": 0.9652173913043478,
                "f1-score": 0.9269311064718163,
                "support": 230.0
            },
            "accuracy": 0.8897795591182365,
            "macro avg": {
                "precision": 0.5931887550200803,
                "recall": 0.6434782608695652,
                "f1-score": 0.6173103688239387,
                "support": 499.0
            },
            "weighted avg": {
                "precision": 0.8202409638554218,
                "recall": 0.8897795591182365,
                "f1-score": 0.8535954999769894,
                "support": 499.0
            },
            "cross-entropy": 1.0602481326296886,
            "roc-auc": 0.9166603654694393,
            "f1-weighted": 0.8535954999769894,
            "f1-macro": 0.6173103688239387,
            "f1-micro": 0.8897795591182365,
            "score": 0.8897795591182365
        },
        "val": {
            "0": {
                "precision": 0.0,
                "recall": 0.0,
                "f1-score": 0.0,
                "support": 5.0
            },
            "1": {
                "precision": 0.9333333333333333,
                "recall": 0.9655172413793104,
                "f1-score": 0.9491525423728814,
                "support": 29.0
            },
            "2": {
                "precision": 0.8787878787878788,
                "recall": 1.0,
                "f1-score": 0.9354838709677419,
                "support": 29.0
            },
            "accuracy": 0.9047619047619048,
            "macro avg": {
                "precision": 0.604040404040404,
                "recall": 0.6551724137931035,
                "f1-score": 0.6282121377802078,
                "support": 63.0
            },
            "weighted avg": {
                "precision": 0.8341510341510341,
                "recall": 0.9047619047619048,
                "f1-score": 0.8675310474107631,
                "support": 63.0
            },
            "cross-entropy": 1.0669213263698987,
            "roc-auc": 0.7742370194213238,
            "f1-weighted": 0.8675310474107631,
            "f1-macro": 0.6282121377802078,
            "f1-micro": 0.9047619047619048,
            "score": 0.9047619047619048
        },
        "test": {
            "0": {
                "precision": 0.0,
                "recall": 0.0,
                "f1-score": 0.0,
                "support": 5.0
            },
            "1": {
                "precision": 0.8709677419354839,
                "recall": 0.9310344827586207,
                "f1-score": 0.9,
                "support": 29.0
            },
            "2": {
                "precision": 0.8387096774193549,
                "recall": 0.896551724137931,
                "f1-score": 0.8666666666666667,
                "support": 29.0
            },
            "accuracy": 0.8412698412698413,
            "macro avg": {
                "precision": 0.5698924731182796,
                "recall": 0.6091954022988505,
                "f1-score": 0.5888888888888889,
                "support": 63.0
            },
            "weighted avg": {
                "precision": 0.7869943676395289,
                "recall": 0.8412698412698413,
                "f1-score": 0.8132275132275132,
                "support": 63.0
            },
            "cross-entropy": 1.0670190609056633,
            "roc-auc": 0.7159730479587791,
            "f1-weighted": 0.8132275132275132,
            "f1-macro": 0.5888888888888889,
            "f1-micro": 0.8412698412698413,
            "score": 0.8412698412698413
        }
    }
}
