{
    "function": "bin.ensemble.main",
    "config": {
        "seeds": [
            0
        ]
    },
    "single_model_function": "bin.ffn.main",
    "data": ":data/CTR23-OpenML-tid=361254-ctr23_361254-seed=0",
    "prediction_type": null,
    "metrics": {
        "train": {
            "rmse": 0.9302735883799278,
            "mae": 0.6637660548531699,
            "r2": 0.997920572757721,
            "corr": 0.9990055311440702,
            "score": -0.9302735883799278
        },
        "val": {
            "rmse": 1.96774881165488,
            "mae": 1.262785637752117,
            "r2": 0.9911004900932312,
            "corr": 0.9955780033500699,
            "score": -1.96774881165488
        },
        "test": {
            "rmse": 2.0691853507806246,
            "mae": 1.2880711747310727,
            "r2": 0.9895536303520203,
            "corr": 0.9948272778160399,
            "score": -2.0691853507806246
        }
    }
}
