{
    "function": "bin.ensemble.main",
    "config": {
        "seeds": [
            0
        ]
    },
    "single_model_function": "bin.tabr_scaling.main",
    "data": ":data/CTR23-OpenML-tid=361236-ctr23_361236-seed=0",
    "prediction_type": null,
    "metrics": {
        "train": {
            "rmse": 263.39935223493245,
            "mae": 149.99095365539688,
            "r2": 0.9993503093719482,
            "corr": 0.9997097085760519,
            "score": -263.39935223493245
        },
        "val": {
            "rmse": 351.3446637955416,
            "mae": 223.71377040140214,
            "r2": 0.9988982677459717,
            "corr": 0.999455606338999,
            "score": -351.3446637955416
        },
        "test": {
            "rmse": 466.73825931935136,
            "mae": 257.7113182484554,
            "r2": 0.9979544281959534,
            "corr": 0.9990552287605842,
            "score": -466.73825931935136
        }
    }
}
