{
    "function": "bin.xgboost_.main",
    "gpus": [
        "NVIDIA RTX 6000 Ada Generation"
    ],
    "config": {
        "seed": 0,
        "data": {
            "seed": 0,
            "num_policy": "quantile",
            "cache": true,
            "cat_policy": "one-hot",
            "y_policy": "standard",
            "path": ":data/CTR23-OpenML-tid=361618-ctr23_361618-seed=0"
        },
        "model": {
            "booster": "gbtree",
            "early_stopping_rounds": 200,
            "n_estimators": 4000,
            "n_jobs": 1,
            "tree_method": "gpu_hist",
            "use_label_encoder": false,
            "colsample_byree": 0.9763745057584925,
            "gamma": 3.1433763157634242,
            "lambda": 0.6208854487201753,
            "learning_rate": 0.43985505895242316,
            "max_depth": 9,
            "min_child_weight": 19.516959959177033,
            "subsample": 0.846265795038883
        },
        "fit": {
            "verbose": true
        },
        "neighbors": null
    },
    "prediction_type": null,
    "time": "0:00:00.102226",
    "best_iteration": 30,
    "metrics": {
        "train": {
            "rmse": 25.348241112127933,
            "mae": 12.904117440646871,
            "r2": 0.23747634887695312,
            "corr": 0.5325428807087843,
            "score": -25.348241112127933
        },
        "val": {
            "rmse": 84.37896472741076,
            "mae": 19.88264090808582,
            "r2": 0.010139882564544678,
            "corr": 0.15859347707476898,
            "score": -84.37896472741076
        },
        "test": {
            "rmse": 148.379950099824,
            "mae": 34.78133220456493,
            "r2": 0.03708493709564209,
            "corr": 0.3995939338758203,
            "score": -148.379950099824
        }
    }
}
