{
    "function": "bin.tabr_scaling.main",
    "gpus": [
        "NVIDIA RTX 6000 Ada Generation"
    ],
    "config": {
        "seed": 0,
        "batch_size": 256,
        "patience": 16,
        "n_epochs": Infinity,
        "context_size": 96,
        "data": {
            "seed": 0,
            "cache": true,
            "num_policy": null,
            "cat_policy": null,
            "path": ":data/TabZilla-OpenML-car-tid=146821-fold=0",
            "y_policy": null
        },
        "optimizer": {
            "type": "AdamW",
            "lr": 0.00012520653814999459,
            "weight_decay": 0.0
        },
        "model": {
            "num_embeddings": null,
            "d_main": 253,
            "context_dropout": 0.2541928796033428,
            "d_multiplier": 2.0,
            "encoder_n_blocks": 0,
            "predictor_n_blocks": 1,
            "mixer_normalization": "auto",
            "dropout0": 0.3875364678399937,
            "dropout1": 0.0,
            "normalization": "LayerNorm",
            "activation": "ReLU"
        }
    },
    "n_parameters": 586205,
    "prediction_type": "logits",
    "best_epoch": 14,
    "metrics": {
        "train": {
            "0": {
                "precision": 0.9741935483870968,
                "recall": 0.9869281045751634,
                "f1-score": 0.9805194805194806,
                "support": 306.0
            },
            "1": {
                "precision": 0.9818181818181818,
                "recall": 0.9818181818181818,
                "f1-score": 0.9818181818181818,
                "support": 55.0
            },
            "2": {
                "precision": 0.998960498960499,
                "recall": 0.9927685950413223,
                "f1-score": 0.9958549222797928,
                "support": 968.0
            },
            "3": {
                "precision": 0.9636363636363636,
                "recall": 1.0,
                "f1-score": 0.9814814814814815,
                "support": 53.0
            },
            "accuracy": 0.9913169319826338,
            "macro avg": {
                "precision": 0.9796521482005354,
                "recall": 0.9903787203586669,
                "f1-score": 0.9849185165247342,
                "support": 1382.0
            },
            "weighted avg": {
                "precision": 0.9914397366663834,
                "recall": 0.9913169319826338,
                "f1-score": 0.9913495255602887,
                "support": 1382.0
            },
            "cross-entropy": 0.03835387057837639,
            "roc-auc": 0.9998564454282848,
            "f1-weighted": 0.9913495255602887,
            "f1-macro": 0.9849185165247342,
            "f1-micro": 0.9913169319826338,
            "score": 0.9913169319826338
        },
        "val": {
            "0": {
                "precision": 1.0,
                "recall": 1.0,
                "f1-score": 1.0,
                "support": 39.0
            },
            "1": {
                "precision": 1.0,
                "recall": 1.0,
                "f1-score": 1.0,
                "support": 7.0
            },
            "2": {
                "precision": 1.0,
                "recall": 1.0,
                "f1-score": 1.0,
                "support": 121.0
            },
            "3": {
                "precision": 1.0,
                "recall": 1.0,
                "f1-score": 1.0,
                "support": 6.0
            },
            "accuracy": 1.0,
            "macro avg": {
                "precision": 1.0,
                "recall": 1.0,
                "f1-score": 1.0,
                "support": 173.0
            },
            "weighted avg": {
                "precision": 1.0,
                "recall": 1.0,
                "f1-score": 1.0,
                "support": 173.0
            },
            "cross-entropy": 0.022871149759532812,
            "roc-auc": 1.0,
            "f1-weighted": 1.0,
            "f1-macro": 1.0,
            "f1-micro": 1.0,
            "score": 1.0
        },
        "test": {
            "0": {
                "precision": 1.0,
                "recall": 0.9230769230769231,
                "f1-score": 0.96,
                "support": 39.0
            },
            "1": {
                "precision": 0.875,
                "recall": 1.0,
                "f1-score": 0.9333333333333333,
                "support": 7.0
            },
            "2": {
                "precision": 0.9918032786885246,
                "recall": 1.0,
                "f1-score": 0.9958847736625515,
                "support": 121.0
            },
            "3": {
                "precision": 0.8571428571428571,
                "recall": 1.0,
                "f1-score": 0.9230769230769231,
                "support": 6.0
            },
            "accuracy": 0.9826589595375722,
            "macro avg": {
                "precision": 0.9309865339578455,
                "recall": 0.9807692307692308,
                "f1-score": 0.953073757518202,
                "support": 173.0
            },
            "weighted avg": {
                "precision": 0.9842546466136916,
                "recall": 0.9826589595375722,
                "f1-score": 0.9827390317049919,
                "support": 173.0
            },
            "cross-entropy": 0.04070375136425167,
            "roc-auc": 1.0,
            "f1-weighted": 0.9827390317049919,
            "f1-macro": 0.953073757518202,
            "f1-micro": 0.9826589595375722,
            "score": 0.9826589595375722
        }
    },
    "time": "0:00:03.277311",
    "chunk_size": null,
    "eval_batch_size": 32768
}
