{
    "function": "bin.ensemble.main",
    "config": {
        "seeds": [
            0
        ]
    },
    "single_model_function": "bin.ffn.main",
    "data": ":data/CTR23-OpenML-tid=361618-ctr23_361618-seed=0",
    "prediction_type": null,
    "metrics": {
        "train": {
            "rmse": 28.362445121988458,
            "mae": 14.621684860556343,
            "r2": 0.045348167419433594,
            "corr": 0.23352386509758968,
            "score": -28.362445121988458
        },
        "val": {
            "rmse": 84.52315497183709,
            "mae": 20.853276830161008,
            "r2": 0.006754040718078613,
            "corr": 0.12908413717408185,
            "score": -84.52315497183709
        },
        "test": {
            "rmse": 151.40422517537192,
            "mae": 35.277998676294146,
            "r2": -0.002567291259765625,
            "corr": 0.2001302916528786,
            "score": -151.40422517537192
        }
    }
}
