{
    "function": "bin.tabr.main",
    "gpus": [
        "NVIDIA RTX 6000 Ada Generation"
    ],
    "config": {
        "seed": 0,
        "batch_size": 256,
        "patience": 16,
        "n_epochs": Infinity,
        "context_size": 96,
        "data": {
            "seed": 0,
            "cache": true,
            "num_policy": "quantile",
            "cat_policy": null,
            "path": ":data/CTR23-OpenML-tid=361254-ctr23_361254-fold=1-seed=0",
            "y_policy": "standard"
        },
        "optimizer": {
            "type": "AdamW",
            "lr": 8.17147891511587e-05,
            "weight_decay": 0.0
        },
        "model": {
            "num_embeddings": null,
            "d_main": 274,
            "context_dropout": 0.3672574336334528,
            "d_multiplier": 2.0,
            "encoder_n_blocks": 0,
            "predictor_n_blocks": 1,
            "mixer_normalization": "auto",
            "dropout0": 0.37016039812485413,
            "dropout1": 0.0,
            "normalization": "LayerNorm",
            "activation": "ReLU"
        }
    },
    "n_parameters": 685275,
    "prediction_type": null,
    "best_epoch": 294,
    "metrics": {
        "train": {
            "rmse": 1.4229137427299279,
            "mae": 0.9914605726529402,
            "r2": 0.9950882196426392,
            "corr": 0.9975447546823918,
            "score": -1.4229137427299279
        },
        "val": {
            "rmse": 1.9307089927074272,
            "mae": 1.2606817105042012,
            "r2": 0.9914719462394714,
            "corr": 0.9957312926040033,
            "score": -1.9307089927074272
        },
        "test": {
            "rmse": 2.0038068297615577,
            "mae": 1.3052130835794173,
            "r2": 0.9908002614974976,
            "corr": 0.9953915599176002,
            "score": -2.0038068297615577
        }
    },
    "time": "0:05:35.068260",
    "chunk_size": null,
    "eval_batch_size": 32768
}
