{
    "function": "bin.ensemble.main",
    "config": {
        "seeds": [
            0
        ]
    },
    "single_model_function": "bin.tabr.main",
    "data": ":data/CTR23-OpenML-tid=361619-ctr23_361619-fold=1-seed=0",
    "prediction_type": null,
    "metrics": {
        "train": {
            "rmse": 1.3870397052511345,
            "mae": 1.0457250888611966,
            "r2": 0.7915458083152771,
            "corr": 0.891762074667523,
            "score": -1.3870397052511345
        },
        "val": {
            "rmse": 3.1499656749675222,
            "mae": 2.348104973732333,
            "r2": 0.3066457509994507,
            "corr": 0.5583828742474395,
            "score": -3.1499656749675222
        },
        "test": {
            "rmse": 3.2898907684654555,
            "mae": 2.2228363312704857,
            "r2": 0.17433226108551025,
            "corr": 0.4901165920306452,
            "score": -3.2898907684654555
        }
    }
}
