{
    "function": "bin.ensemble.main",
    "config": {
        "seeds": [
            0
        ]
    },
    "single_model_function": "bin.lightgbm_.main",
    "data": ":data/CTR23-OpenML-tid=361254-ctr23_361254-fold=1-seed=0",
    "prediction_type": null,
    "metrics": {
        "train": {
            "rmse": 0.07135055691927263,
            "mae": 0.04856658363256668,
            "r2": 0.9999876497117789,
            "corr": 0.9999938322374675,
            "score": -0.07135055691927263
        },
        "val": {
            "rmse": 2.331186166064934,
            "mae": 1.439261338003437,
            "r2": 0.987567186367225,
            "corr": 0.9937952460832926,
            "score": -2.331186166064934
        },
        "test": {
            "rmse": 2.4322773253016607,
            "mae": 1.4963215258682407,
            "r2": 0.9864452788728284,
            "corr": 0.9932004610965423,
            "score": -2.4322773253016607
        }
    }
}
