{
    "function": "bin.ffn.main",
    "gpus": [
        "NVIDIA RTX 6000 Ada Generation"
    ],
    "config": {
        "seed": 0,
        "batch_size": 256,
        "patience": 16,
        "n_epochs": Infinity,
        "data": {
            "seed": 0,
            "cache": true,
            "num_policy": "quantile",
            "cat_policy": "ordinal",
            "y_policy": null,
            "path": ":data/TabZilla-OpenML-cmc-tid=23-fold=0"
        },
        "optimizer": {
            "type": "AdamW",
            "lr": 0.0004548624208721939,
            "weight_decay": 3.4674958213764543e-06
        },
        "model": {
            "backbone": {
                "type": "MLP",
                "n_blocks": 5,
                "d_layer": 988,
                "dropout": 0.2960209656359195,
                "activation": "ReLU"
            },
            "num_embeddings": {
                "type": "PLREmbeddings",
                "n_frequencies": 62,
                "frequency_scale": 0.07804166575000096,
                "d_embedding": 62,
                "lite": true
            }
        }
    },
    "n_parameters": 4061641,
    "prediction_type": "logits",
    "best_epoch": 9,
    "metrics": {
        "train": {
            "0": {
                "precision": 0.6587155963302752,
                "recall": 0.7137176938369781,
                "f1-score": 0.6851145038167938,
                "support": 503.0
            },
            "1": {
                "precision": 0.48068669527896996,
                "recall": 0.4226415094339623,
                "f1-score": 0.4497991967871486,
                "support": 265.0
            },
            "2": {
                "precision": 0.5588972431077694,
                "recall": 0.5452322738386308,
                "f1-score": 0.551980198019802,
                "support": 409.0
            },
            "accuracy": 0.5896346644010195,
            "macro avg": {
                "precision": 0.5660998449056716,
                "recall": 0.5605304923698571,
                "f1-score": 0.5622979662079148,
                "support": 1177.0
            },
            "weighted avg": {
                "precision": 0.5839463820171055,
                "recall": 0.5896346644010195,
                "f1-score": 0.585870249412524,
                "support": 1177.0
            },
            "cross-entropy": 0.8544032669103513,
            "roc-auc": 0.7692868515101514,
            "f1-weighted": 0.585870249412524,
            "f1-macro": 0.5622979662079148,
            "f1-micro": 0.5896346644010195,
            "score": 0.5896346644010195
        },
        "val": {
            "0": {
                "precision": 0.6470588235294118,
                "recall": 0.6984126984126984,
                "f1-score": 0.6717557251908397,
                "support": 63.0
            },
            "1": {
                "precision": 0.5,
                "recall": 0.47058823529411764,
                "f1-score": 0.48484848484848486,
                "support": 34.0
            },
            "2": {
                "precision": 0.4791666666666667,
                "recall": 0.45098039215686275,
                "f1-score": 0.46464646464646464,
                "support": 51.0
            },
            "accuracy": 0.5608108108108109,
            "macro avg": {
                "precision": 0.5420751633986928,
                "recall": 0.5399937752878928,
                "f1-score": 0.5404168915619297,
                "support": 148.0
            },
            "weighted avg": {
                "precision": 0.5554203100158983,
                "recall": 0.5608108108108109,
                "f1-score": 0.5574488437083857,
                "support": 148.0
            },
            "cross-entropy": 0.9194940998921236,
            "roc-auc": 0.7308834209064891,
            "f1-weighted": 0.5574488437083857,
            "f1-macro": 0.5404168915619297,
            "f1-micro": 0.5608108108108109,
            "score": 0.5608108108108109
        },
        "test": {
            "0": {
                "precision": 0.6268656716417911,
                "recall": 0.6666666666666666,
                "f1-score": 0.6461538461538462,
                "support": 63.0
            },
            "1": {
                "precision": 0.4642857142857143,
                "recall": 0.38235294117647056,
                "f1-score": 0.41935483870967744,
                "support": 34.0
            },
            "2": {
                "precision": 0.5660377358490566,
                "recall": 0.5882352941176471,
                "f1-score": 0.5769230769230769,
                "support": 51.0
            },
            "accuracy": 0.5743243243243243,
            "macro avg": {
                "precision": 0.5523963739255207,
                "recall": 0.545751633986928,
                "f1-score": 0.5474772539288668,
                "support": 148.0
            },
            "weighted avg": {
                "precision": 0.5685552441043852,
                "recall": 0.5743243243243243,
                "f1-score": 0.5701948226141774,
                "support": 148.0
            },
            "cross-entropy": 0.8586260287876659,
            "roc-auc": 0.7620741106900276,
            "f1-weighted": 0.5701948226141774,
            "f1-macro": 0.5474772539288668,
            "f1-micro": 0.5743243243243243,
            "score": 0.5743243243243243
        }
    },
    "time": "0:00:01.085790",
    "chunk_size": null,
    "eval_batch_size": 32768
}
