{
    "function": "bin.ensemble.main",
    "config": {
        "seeds": [
            0
        ]
    },
    "single_model_function": "bin.tabr.main",
    "data": ":data/TabZilla-OpenML-credit-g-tid=31-fold=1",
    "prediction_type": "probs",
    "metrics": {
        "train": {
            "0": {
                "precision": 0.7387387387387387,
                "recall": 0.3416666666666667,
                "f1-score": 0.4672364672364672,
                "support": 240.0
            },
            "1": {
                "precision": 0.7706821480406386,
                "recall": 0.9482142857142857,
                "f1-score": 0.8502802241793435,
                "support": 560.0
            },
            "accuracy": 0.76625,
            "macro avg": {
                "precision": 0.7547104433896887,
                "recall": 0.6449404761904762,
                "f1-score": 0.6587583457079054,
                "support": 800.0
            },
            "weighted avg": {
                "precision": 0.7610991252500686,
                "recall": 0.76625,
                "f1-score": 0.7353670970964805,
                "support": 800.0
            },
            "cross-entropy": 0.49573885806816675,
            "roc-auc": 0.8105803571428573,
            "f1-weighted": 0.7353670970964805,
            "f1-macro": 0.6587583457079054,
            "f1-micro": 0.76625,
            "score": 0.76625
        },
        "val": {
            "0": {
                "precision": 0.7058823529411765,
                "recall": 0.4,
                "f1-score": 0.5106382978723404,
                "support": 30.0
            },
            "1": {
                "precision": 0.7831325301204819,
                "recall": 0.9285714285714286,
                "f1-score": 0.8496732026143791,
                "support": 70.0
            },
            "accuracy": 0.77,
            "macro avg": {
                "precision": 0.7445074415308293,
                "recall": 0.6642857142857144,
                "f1-score": 0.6801557502433597,
                "support": 100.0
            },
            "weighted avg": {
                "precision": 0.7599574769666902,
                "recall": 0.77,
                "f1-score": 0.7479627311917675,
                "support": 100.0
            },
            "cross-entropy": 0.5394704272911239,
            "roc-auc": 0.7257142857142858,
            "f1-weighted": 0.7479627311917675,
            "f1-macro": 0.6801557502433597,
            "f1-micro": 0.77,
            "score": 0.77
        },
        "test": {
            "0": {
                "precision": 0.6923076923076923,
                "recall": 0.3,
                "f1-score": 0.4186046511627907,
                "support": 30.0
            },
            "1": {
                "precision": 0.7586206896551724,
                "recall": 0.9428571428571428,
                "f1-score": 0.8407643312101911,
                "support": 70.0
            },
            "accuracy": 0.75,
            "macro avg": {
                "precision": 0.7254641909814323,
                "recall": 0.6214285714285714,
                "f1-score": 0.629684491186491,
                "support": 100.0
            },
            "weighted avg": {
                "precision": 0.7387267904509284,
                "recall": 0.75,
                "f1-score": 0.714116427195971,
                "support": 100.0
            },
            "cross-entropy": 0.5228120129535542,
            "roc-auc": 0.7776190476190477,
            "f1-weighted": 0.714116427195971,
            "f1-macro": 0.629684491186491,
            "f1-micro": 0.75,
            "score": 0.75
        }
    }
}
