{
    "function": "bin.ensemble.main",
    "config": {
        "seeds": [
            0
        ]
    },
    "single_model_function": "bin.tabr_scaling.main",
    "data": ":data/TabZilla-OpenML-tic-tac-toe-49",
    "prediction_type": "probs",
    "metrics": {
        "train": {
            "0": {
                "precision": 1.0,
                "recall": 0.9473684210526315,
                "f1-score": 0.972972972972973,
                "support": 266.0
            },
            "1": {
                "precision": 0.9727626459143969,
                "recall": 1.0,
                "f1-score": 0.9861932938856016,
                "support": 500.0
            },
            "accuracy": 0.9817232375979112,
            "macro avg": {
                "precision": 0.9863813229571985,
                "recall": 0.9736842105263157,
                "f1-score": 0.9795831334292873,
                "support": 766.0
            },
            "weighted avg": {
                "precision": 0.9822210482469954,
                "recall": 0.9817232375979112,
                "f1-score": 0.9816024252658115,
                "support": 766.0
            },
            "cross-entropy": 0.25116850800805696,
            "roc-auc": 0.9999248120300752,
            "score": 0.9817232375979112
        },
        "val": {
            "0": {
                "precision": 1.0,
                "recall": 1.0,
                "f1-score": 1.0,
                "support": 33.0
            },
            "1": {
                "precision": 1.0,
                "recall": 1.0,
                "f1-score": 1.0,
                "support": 63.0
            },
            "accuracy": 1.0,
            "macro avg": {
                "precision": 1.0,
                "recall": 1.0,
                "f1-score": 1.0,
                "support": 96.0
            },
            "weighted avg": {
                "precision": 1.0,
                "recall": 1.0,
                "f1-score": 1.0,
                "support": 96.0
            },
            "cross-entropy": 0.24507881026498277,
            "roc-auc": 1.0,
            "score": 1.0
        },
        "test": {
            "0": {
                "precision": 1.0,
                "recall": 0.9090909090909091,
                "f1-score": 0.9523809523809523,
                "support": 33.0
            },
            "1": {
                "precision": 0.9545454545454546,
                "recall": 1.0,
                "f1-score": 0.9767441860465116,
                "support": 63.0
            },
            "accuracy": 0.96875,
            "macro avg": {
                "precision": 0.9772727272727273,
                "recall": 0.9545454545454546,
                "f1-score": 0.964562569213732,
                "support": 96.0
            },
            "weighted avg": {
                "precision": 0.9701704545454546,
                "recall": 0.96875,
                "f1-score": 0.9683693244739756,
                "support": 96.0
            },
            "cross-entropy": 0.26334138382860345,
            "roc-auc": 1.0,
            "score": 0.96875
        }
    }
}
