{
    "function": "bin.ensemble.main",
    "config": {
        "seeds": [
            0
        ]
    },
    "single_model_function": "bin.tabr.main",
    "data": ":data/CTR23-OpenML-tid=361249-ctr23_361249-fold=1-seed=0",
    "prediction_type": null,
    "metrics": {
        "train": {
            "rmse": 0.5583089777332563,
            "mae": 0.40803543037329426,
            "r2": 0.6071487665176392,
            "corr": 0.7800624931134189,
            "score": -0.5583089777332563
        },
        "val": {
            "rmse": 0.5883932088494402,
            "mae": 0.4305614520640546,
            "r2": 0.507455050945282,
            "corr": 0.713705947405631,
            "score": -0.5883932088494402
        },
        "test": {
            "rmse": 0.6146976541120559,
            "mae": 0.4524532463977877,
            "r2": 0.5483046174049377,
            "corr": 0.7419466362031827,
            "score": -0.6146976541120559
        }
    }
}
