{
    "function": "bin.ensemble.main",
    "config": {
        "seeds": [
            0
        ]
    },
    "single_model_function": "bin.catboost_.main",
    "data": ":data/TabZilla-OpenML-Bioresponse-tid=9910-fold=0",
    "prediction_type": "probs",
    "metrics": {
        "train": {
            "0": {
                "precision": 1.0,
                "recall": 1.0,
                "f1-score": 1.0,
                "support": 1373.0
            },
            "1": {
                "precision": 1.0,
                "recall": 1.0,
                "f1-score": 1.0,
                "support": 1627.0
            },
            "accuracy": 1.0,
            "macro avg": {
                "precision": 1.0,
                "recall": 1.0,
                "f1-score": 1.0,
                "support": 3000.0
            },
            "weighted avg": {
                "precision": 1.0,
                "recall": 1.0,
                "f1-score": 1.0,
                "support": 3000.0
            },
            "cross-entropy": 0.014621419312693524,
            "roc-auc": 1.0,
            "f1-weighted": 1.0,
            "f1-macro": 1.0,
            "f1-micro": 1.0,
            "score": 1.0
        },
        "val": {
            "0": {
                "precision": 0.8214285714285714,
                "recall": 0.8023255813953488,
                "f1-score": 0.8117647058823529,
                "support": 172.0
            },
            "1": {
                "precision": 0.8357487922705314,
                "recall": 0.8522167487684729,
                "f1-score": 0.8439024390243902,
                "support": 203.0
            },
            "accuracy": 0.8293333333333334,
            "macro avg": {
                "precision": 0.8285886818495514,
                "recall": 0.8272711650819109,
                "f1-score": 0.8278335724533716,
                "support": 375.0
            },
            "weighted avg": {
                "precision": 0.829180584311019,
                "recall": 0.8293333333333334,
                "f1-score": 0.8291619320899092,
                "support": 375.0
            },
            "cross-entropy": 0.5445804466799924,
            "roc-auc": 0.877821056249284,
            "f1-weighted": 0.8291619320899092,
            "f1-macro": 0.8278335724533716,
            "f1-micro": 0.8293333333333334,
            "score": 0.8293333333333334
        },
        "test": {
            "0": {
                "precision": 0.7988165680473372,
                "recall": 0.7848837209302325,
                "f1-score": 0.7917888563049853,
                "support": 172.0
            },
            "1": {
                "precision": 0.821256038647343,
                "recall": 0.8333333333333334,
                "f1-score": 0.8272506082725061,
                "support": 204.0
            },
            "accuracy": 0.8111702127659575,
            "macro avg": {
                "precision": 0.8100363033473401,
                "recall": 0.8091085271317829,
                "f1-score": 0.8095197322887457,
                "support": 376.0
            },
            "weighted avg": {
                "precision": 0.8109911744367022,
                "recall": 0.8111702127659575,
                "f1-score": 0.8110287430107679,
                "support": 376.0
            },
            "cross-entropy": 0.5936297658738647,
            "roc-auc": 0.871608527131783,
            "f1-weighted": 0.8110287430107679,
            "f1-macro": 0.8095197322887457,
            "f1-micro": 0.8111702127659575,
            "score": 0.8111702127659575
        }
    }
}
