{
    "function": "bin.tabr.main",
    "gpus": [
        "NVIDIA RTX 6000 Ada Generation"
    ],
    "config": {
        "seed": 0,
        "batch_size": 256,
        "patience": 16,
        "n_epochs": Infinity,
        "context_size": 96,
        "data": {
            "seed": 0,
            "cache": true,
            "num_policy": "quantile",
            "cat_policy": null,
            "path": ":data/TabZilla-OpenML-cmc-tid=23-fold=1",
            "y_policy": null
        },
        "optimizer": {
            "type": "AdamW",
            "lr": 3.210577849550394e-05,
            "weight_decay": 0.0
        },
        "model": {
            "num_embeddings": null,
            "d_main": 141,
            "context_dropout": 0.06622508469858308,
            "d_multiplier": 2.0,
            "encoder_n_blocks": 0,
            "predictor_n_blocks": 1,
            "mixer_normalization": "auto",
            "dropout0": 0.39379775367916403,
            "dropout1": 0.0,
            "normalization": "LayerNorm",
            "activation": "ReLU"
        }
    },
    "n_parameters": 184290,
    "prediction_type": "logits",
    "best_epoch": 22,
    "metrics": {
        "train": {
            "0": {
                "precision": 0.6047297297297297,
                "recall": 0.7117296222664016,
                "f1-score": 0.6538812785388128,
                "support": 503.0
            },
            "1": {
                "precision": 0.6,
                "recall": 0.23773584905660378,
                "f1-score": 0.34054054054054056,
                "support": 265.0
            },
            "2": {
                "precision": 0.48541666666666666,
                "recall": 0.5696821515892421,
                "f1-score": 0.5241844769403825,
                "support": 409.0
            },
            "accuracy": 0.5556499575191164,
            "macro avg": {
                "precision": 0.5633821321321321,
                "recall": 0.5063825409707491,
                "f1-score": 0.5062020986732453,
                "support": 1177.0
            },
            "weighted avg": {
                "precision": 0.5622043081739344,
                "recall": 0.5556499575191164,
                "f1-score": 0.5382642119089911,
                "support": 1177.0
            },
            "cross-entropy": 0.959461045165748,
            "roc-auc": 0.722297296780893,
            "f1-weighted": 0.5382642119089911,
            "f1-macro": 0.5062020986732453,
            "f1-micro": 0.5556499575191164,
            "score": 0.5556499575191164
        },
        "val": {
            "0": {
                "precision": 0.647887323943662,
                "recall": 0.7301587301587301,
                "f1-score": 0.6865671641791045,
                "support": 63.0
            },
            "1": {
                "precision": 0.6428571428571429,
                "recall": 0.2647058823529412,
                "f1-score": 0.375,
                "support": 34.0
            },
            "2": {
                "precision": 0.5396825396825397,
                "recall": 0.6666666666666666,
                "f1-score": 0.5964912280701754,
                "support": 51.0
            },
            "accuracy": 0.6013513513513513,
            "macro avg": {
                "precision": 0.6101423354944481,
                "recall": 0.5538437597261127,
                "f1-score": 0.5526861307497599,
                "support": 148.0
            },
            "weighted avg": {
                "precision": 0.6094449580365073,
                "recall": 0.6013513513513513,
                "f1-score": 0.5839512430733954,
                "support": 148.0
            },
            "cross-entropy": 0.9701871526848712,
            "roc-auc": 0.7175155465236204,
            "f1-weighted": 0.5839512430733954,
            "f1-macro": 0.5526861307497599,
            "f1-micro": 0.6013513513513513,
            "score": 0.6013513513513513
        },
        "test": {
            "0": {
                "precision": 0.5526315789473685,
                "recall": 0.6666666666666666,
                "f1-score": 0.60431654676259,
                "support": 63.0
            },
            "1": {
                "precision": 0.4117647058823529,
                "recall": 0.20588235294117646,
                "f1-score": 0.27450980392156865,
                "support": 34.0
            },
            "2": {
                "precision": 0.41818181818181815,
                "recall": 0.45098039215686275,
                "f1-score": 0.4339622641509434,
                "support": 51.0
            },
            "accuracy": 0.4864864864864865,
            "macro avg": {
                "precision": 0.4608593676705132,
                "recall": 0.4411764705882353,
                "f1-score": 0.437596204945034,
                "support": 148.0
            },
            "weighted avg": {
                "precision": 0.4739396094659252,
                "recall": 0.4864864864864865,
                "f1-score": 0.4698469679126664,
                "support": 148.0
            },
            "cross-entropy": 0.9754940898226747,
            "roc-auc": 0.7004128448765128,
            "f1-weighted": 0.4698469679126664,
            "f1-macro": 0.437596204945034,
            "f1-micro": 0.4864864864864865,
            "score": 0.4864864864864865
        }
    },
    "time": "0:00:02.513250",
    "chunk_size": null,
    "eval_batch_size": 32768
}
