{
    "function": "bin.tabr_scaling.main",
    "gpus": [
        "NVIDIA RTX 6000 Ada Generation"
    ],
    "config": {
        "seed": 0,
        "batch_size": 256,
        "patience": 16,
        "n_epochs": Infinity,
        "context_size": 96,
        "data": {
            "seed": 0,
            "cache": true,
            "num_policy": "quantile",
            "cat_policy": null,
            "path": ":data/TabZilla-OpenML-wall-robot-navigation-tid=9960-fold=0",
            "y_policy": null
        },
        "optimizer": {
            "type": "AdamW",
            "lr": 0.0005783708472141561,
            "weight_decay": 2.4269631383790863e-05
        },
        "model": {
            "num_embeddings": null,
            "d_main": 305,
            "context_dropout": 0.30079462915602134,
            "d_multiplier": 2.0,
            "encoder_n_blocks": 0,
            "predictor_n_blocks": 1,
            "mixer_normalization": "auto",
            "dropout0": 0.5736501808339343,
            "dropout1": 0.0,
            "normalization": "LayerNorm",
            "activation": "ReLU"
        }
    },
    "n_parameters": 850344,
    "prediction_type": "logits",
    "best_epoch": 13,
    "metrics": {
        "train": {
            "0": {
                "precision": 0.9741573033707865,
                "recall": 0.9835507657402155,
                "f1-score": 0.97883149872989,
                "support": 1763.0
            },
            "1": {
                "precision": 0.9897959183673469,
                "recall": 0.9833035181872392,
                "f1-score": 0.9865390367932995,
                "support": 1677.0
            },
            "2": {
                "precision": 0.9885496183206107,
                "recall": 0.9885496183206107,
                "f1-score": 0.9885496183206107,
                "support": 262.0
            },
            "3": {
                "precision": 0.9801829268292683,
                "recall": 0.9712990936555891,
                "f1-score": 0.9757207890743551,
                "support": 662.0
            },
            "accuracy": 0.981897341888176,
            "macro avg": {
                "precision": 0.9831714417220032,
                "recall": 0.9816757489759136,
                "f1-score": 0.9824102357295388,
                "support": 4364.0
            },
            "weighted avg": {
                "precision": 0.981945045487102,
                "recall": 0.981897341888176,
                "f1-score": 0.9819049173534332,
                "support": 4364.0
            },
            "cross-entropy": 0.05005627728002721,
            "roc-auc": 0.9994353725522113,
            "f1-weighted": 0.9819049173534332,
            "f1-macro": 0.9824102357295388,
            "f1-micro": 0.981897341888176,
            "score": 0.981897341888176
        },
        "val": {
            "0": {
                "precision": 0.9907834101382489,
                "recall": 0.9728506787330317,
                "f1-score": 0.9817351598173516,
                "support": 221.0
            },
            "1": {
                "precision": 0.9858490566037735,
                "recall": 0.9952380952380953,
                "f1-score": 0.990521327014218,
                "support": 210.0
            },
            "2": {
                "precision": 0.9705882352941176,
                "recall": 1.0,
                "f1-score": 0.9850746268656716,
                "support": 33.0
            },
            "3": {
                "precision": 0.963855421686747,
                "recall": 0.975609756097561,
                "f1-score": 0.9696969696969697,
                "support": 82.0
            },
            "accuracy": 0.9835164835164835,
            "macro avg": {
                "precision": 0.9777690309307218,
                "recall": 0.985924632517172,
                "f1-score": 0.9817570208485527,
                "support": 546.0
            },
            "weighted avg": {
                "precision": 0.9836208642314369,
                "recall": 0.9835164835164835,
                "f1-score": 0.9835083574987897,
                "support": 546.0
            },
            "cross-entropy": 0.06113639082411162,
            "roc-auc": 0.9988390634552758,
            "f1-weighted": 0.9835083574987897,
            "f1-macro": 0.9817570208485527,
            "f1-micro": 0.9835164835164835,
            "score": 0.9835164835164835
        },
        "test": {
            "0": {
                "precision": 0.9817351598173516,
                "recall": 0.9728506787330317,
                "f1-score": 0.9772727272727273,
                "support": 221.0
            },
            "1": {
                "precision": 0.971830985915493,
                "recall": 0.9857142857142858,
                "f1-score": 0.9787234042553191,
                "support": 210.0
            },
            "2": {
                "precision": 1.0,
                "recall": 0.9696969696969697,
                "f1-score": 0.9846153846153847,
                "support": 33.0
            },
            "3": {
                "precision": 0.9512195121951219,
                "recall": 0.9512195121951219,
                "f1-score": 0.9512195121951219,
                "support": 82.0
            },
            "accuracy": 0.9743589743589743,
            "macro avg": {
                "precision": 0.9761964144819917,
                "recall": 0.9698703615848523,
                "f1-score": 0.9729577570846383,
                "support": 546.0
            },
            "weighted avg": {
                "precision": 0.9744468449851432,
                "recall": 0.9743589743589743,
                "f1-score": 0.9743617130278341,
                "support": 546.0
            },
            "cross-entropy": 0.10075992890589601,
            "roc-auc": 0.9970437030157261,
            "f1-weighted": 0.9743617130278341,
            "f1-macro": 0.9729577570846383,
            "f1-micro": 0.9743589743589743,
            "score": 0.9743589743589743
        }
    },
    "time": "0:00:06.047939",
    "chunk_size": null,
    "eval_batch_size": 32768
}
