{
    "function": "bin.tabr_scaling.main",
    "gpus": [
        "NVIDIA RTX 6000 Ada Generation"
    ],
    "config": {
        "seed": 0,
        "batch_size": 256,
        "patience": 16,
        "n_epochs": Infinity,
        "context_size": 96,
        "data": {
            "seed": 0,
            "cache": true,
            "num_policy": "quantile",
            "cat_policy": null,
            "path": ":data/TabZilla-OpenML-pc1-3918",
            "y_policy": null
        },
        "model": {
            "num_embeddings": null,
            "d_main": 254,
            "context_dropout": 0.4291136198234517,
            "d_multiplier": 2.0,
            "encoder_n_blocks": 0,
            "predictor_n_blocks": 1,
            "mixer_normalization": "auto",
            "dropout0": 0.3616580256429863,
            "dropout1": 0.0,
            "normalization": "LayerNorm",
            "activation": "ReLU"
        },
        "optimizer": {
            "type": "AdamW",
            "lr": 0.00012296071107325708,
            "weight_decay": 7.501954443620125e-06
        }
    },
    "n_parameters": 589535,
    "prediction_type": "logits",
    "best_epoch": 0,
    "metrics": {
        "train": {
            "0": {
                "precision": 0.9289740698985344,
                "recall": 1.0,
                "f1-score": 0.9631794272355347,
                "support": 824.0
            },
            "1": {
                "precision": 0.0,
                "recall": 0.0,
                "f1-score": 0.0,
                "support": 63.0
            },
            "accuracy": 0.9289740698985344,
            "macro avg": {
                "precision": 0.4644870349492672,
                "recall": 0.5,
                "f1-score": 0.48158971361776737,
                "support": 887.0
            },
            "weighted avg": {
                "precision": 0.862992822543847,
                "recall": 0.9289740698985344,
                "f1-score": 0.894768712561534,
                "support": 887.0
            },
            "cross-entropy": 0.3688001150799799,
            "roc-auc": 0.7359762675296656,
            "score": 0.9289740698985344
        },
        "val": {
            "0": {
                "precision": 0.9369369369369369,
                "recall": 1.0,
                "f1-score": 0.9674418604651163,
                "support": 104.0
            },
            "1": {
                "precision": 0.0,
                "recall": 0.0,
                "f1-score": 0.0,
                "support": 7.0
            },
            "accuracy": 0.9369369369369369,
            "macro avg": {
                "precision": 0.46846846846846846,
                "recall": 0.5,
                "f1-score": 0.48372093023255813,
                "support": 111.0
            },
            "weighted avg": {
                "precision": 0.8778508237967697,
                "recall": 0.9369369369369369,
                "f1-score": 0.9064320134087576,
                "support": 111.0
            },
            "cross-entropy": 0.3687725919040904,
            "roc-auc": 0.7156593406593407,
            "score": 0.9369369369369369
        },
        "test": {
            "0": {
                "precision": 0.9369369369369369,
                "recall": 1.0,
                "f1-score": 0.9674418604651163,
                "support": 104.0
            },
            "1": {
                "precision": 0.0,
                "recall": 0.0,
                "f1-score": 0.0,
                "support": 7.0
            },
            "accuracy": 0.9369369369369369,
            "macro avg": {
                "precision": 0.46846846846846846,
                "recall": 0.5,
                "f1-score": 0.48372093023255813,
                "support": 111.0
            },
            "weighted avg": {
                "precision": 0.8778508237967697,
                "recall": 0.9369369369369369,
                "f1-score": 0.9064320134087576,
                "support": 111.0
            },
            "cross-entropy": 0.3512422007699516,
            "roc-auc": 0.8928571428571429,
            "score": 0.9369369369369369
        }
    },
    "time": "0:00:00.534798",
    "chunk_size": null,
    "eval_batch_size": 32768
}
