{
    "function": "bin.lightgbm_.main",
    "gpus": [
        "NVIDIA RTX 6000 Ada Generation",
        "NVIDIA RTX 6000 Ada Generation"
    ],
    "config": {
        "seed": 0,
        "data": {
            "seed": 0,
            "num_policy": "quantile",
            "cat_policy": null,
            "y_policy": "standard",
            "cache": true,
            "path": ":data/CTR23-OpenML-tid=361254-ctr23_361254-fold=1-seed=0"
        },
        "model": {
            "n_estimators": 4000,
            "n_jobs": 4,
            "early_stopping_rounds": 200,
            "feature_fraction": 0.8995792821083618,
            "lambda_l2": 0.17240460099242294,
            "learning_rate": 0.08313101133778733,
            "num_leaves": 113,
            "min_sum_hessian_in_leaf": 46.56005689076007,
            "bagging_fraction": 0.7609241608750359
        },
        "fit": {}
    },
    "prediction_type": null,
    "time": "0:00:12.220326",
    "best_iteration": 3973,
    "metrics": {
        "train": {
            "rmse": 0.07135055691927263,
            "mae": 0.04856658363256668,
            "r2": 0.9999876497117789,
            "corr": 0.9999938322374675,
            "score": -0.07135055691927263
        },
        "val": {
            "rmse": 2.331186166064934,
            "mae": 1.439261338003437,
            "r2": 0.987567186367225,
            "corr": 0.9937952460832926,
            "score": -2.331186166064934
        },
        "test": {
            "rmse": 2.4322773253016607,
            "mae": 1.4963215258682407,
            "r2": 0.9864452788728284,
            "corr": 0.9932004610965423,
            "score": -2.4322773253016607
        }
    }
}
