{
    "function": "bin.lightgbm_.main",
    "gpus": [
        "NVIDIA RTX 6000 Ada Generation",
        "NVIDIA RTX 6000 Ada Generation"
    ],
    "config": {
        "seed": 0,
        "data": {
            "seed": 0,
            "num_policy": "quantile",
            "cat_policy": null,
            "y_policy": "standard",
            "cache": true,
            "path": ":data/CTR23-OpenML-tid=361235-ctr23_361235-fold=0-seed=0"
        },
        "model": {
            "n_estimators": 4000,
            "n_jobs": 4,
            "early_stopping_rounds": 200,
            "feature_fraction": 0.8077797821419221,
            "lambda_l2": 4.1175408591420535,
            "learning_rate": 0.050968542639990254,
            "num_leaves": 315,
            "min_sum_hessian_in_leaf": 0.0002600171374106449,
            "bagging_fraction": 0.8487143865722818
        },
        "fit": {}
    },
    "prediction_type": null,
    "time": "0:00:00.927707",
    "best_iteration": 2179,
    "metrics": {
        "train": {
            "rmse": 0.5764486992739846,
            "mae": 0.3138770796488463,
            "r2": 0.9929202034629487,
            "corr": 0.996464871135557,
            "score": -0.5764486992739846
        },
        "val": {
            "rmse": 1.373756568710177,
            "mae": 0.94061101117093,
            "r2": 0.9578538608454092,
            "corr": 0.9788541594978746,
            "score": -1.373756568710177
        },
        "test": {
            "rmse": 1.4127542577278782,
            "mae": 0.9814408716221472,
            "r2": 0.9635731889810127,
            "corr": 0.9816926161025518,
            "score": -1.4127542577278782
        }
    }
}
