{
    "function": "bin.ensemble.main",
    "config": {
        "seeds": [
            0
        ]
    },
    "single_model_function": "bin.tabr_scaling.main",
    "data": ":data/TabZilla-OpenML-steel-plates-fault-tid=146817-fold=0",
    "prediction_type": "probs",
    "metrics": {
        "train": {
            "0": {
                "precision": 0.7413793103448276,
                "recall": 0.80625,
                "f1-score": 0.7724550898203593,
                "support": 320.0
            },
            "1": {
                "precision": 0.8863636363636364,
                "recall": 0.8666666666666667,
                "f1-score": 0.8764044943820225,
                "support": 45.0
            },
            "2": {
                "precision": 0.9777777777777777,
                "recall": 0.9871794871794872,
                "f1-score": 0.9824561403508771,
                "support": 312.0
            },
            "3": {
                "precision": 0.8359683794466403,
                "recall": 0.7847866419294991,
                "f1-score": 0.8095693779904306,
                "support": 539.0
            },
            "4": {
                "precision": 0.7876106194690266,
                "recall": 0.7007874015748031,
                "f1-score": 0.7416666666666667,
                "support": 127.0
            },
            "5": {
                "precision": 0.9491525423728814,
                "recall": 0.9824561403508771,
                "f1-score": 0.9655172413793104,
                "support": 57.0
            },
            "6": {
                "precision": 0.8922155688622755,
                "recall": 0.9802631578947368,
                "f1-score": 0.9341692789968652,
                "support": 152.0
            },
            "accuracy": 0.8518041237113402,
            "macro avg": {
                "precision": 0.867209690662438,
                "recall": 0.8726270707994387,
                "f1-score": 0.8688911842266475,
                "support": 1552.0
            },
            "weighted avg": {
                "precision": 0.8521432836275779,
                "recall": 0.8518041237113402,
                "f1-score": 0.8509844854051756,
                "support": 1552.0
            },
            "cross-entropy": 0.39240313938653615,
            "roc-auc": 0.9840855274500975,
            "f1-weighted": 0.8509844854051756,
            "f1-macro": 0.8688911842266475,
            "f1-micro": 0.8518041237113402,
            "score": 0.8518041237113402
        },
        "val": {
            "0": {
                "precision": 0.6818181818181818,
                "recall": 0.7317073170731707,
                "f1-score": 0.7058823529411765,
                "support": 41.0
            },
            "1": {
                "precision": 0.8,
                "recall": 0.8,
                "f1-score": 0.8,
                "support": 5.0
            },
            "2": {
                "precision": 0.9512195121951219,
                "recall": 1.0,
                "f1-score": 0.975,
                "support": 39.0
            },
            "3": {
                "precision": 0.7936507936507936,
                "recall": 0.746268656716418,
                "f1-score": 0.7692307692307693,
                "support": 67.0
            },
            "4": {
                "precision": 0.5714285714285714,
                "recall": 0.5,
                "f1-score": 0.5333333333333333,
                "support": 16.0
            },
            "5": {
                "precision": 1.0,
                "recall": 1.0,
                "f1-score": 1.0,
                "support": 7.0
            },
            "6": {
                "precision": 0.9,
                "recall": 0.9473684210526315,
                "f1-score": 0.9230769230769231,
                "support": 19.0
            },
            "accuracy": 0.8041237113402062,
            "macro avg": {
                "precision": 0.8140167227275242,
                "recall": 0.8179063421203173,
                "f1-score": 0.8152176255117433,
                "support": 194.0
            },
            "weighted avg": {
                "precision": 0.8013895193176057,
                "recall": 0.8041237113402062,
                "f1-score": 0.801940375674457,
                "support": 194.0
            },
            "cross-entropy": 0.558394030371943,
            "roc-auc": 0.9705033862071032,
            "f1-weighted": 0.801940375674457,
            "f1-macro": 0.8152176255117433,
            "f1-micro": 0.8041237113402062,
            "score": 0.8041237113402062
        },
        "test": {
            "0": {
                "precision": 0.7272727272727273,
                "recall": 0.7804878048780488,
                "f1-score": 0.7529411764705882,
                "support": 41.0
            },
            "1": {
                "precision": 0.8333333333333334,
                "recall": 1.0,
                "f1-score": 0.9090909090909091,
                "support": 5.0
            },
            "2": {
                "precision": 0.9285714285714286,
                "recall": 0.975,
                "f1-score": 0.9512195121951219,
                "support": 40.0
            },
            "3": {
                "precision": 0.7966101694915254,
                "recall": 0.7014925373134329,
                "f1-score": 0.746031746031746,
                "support": 67.0
            },
            "4": {
                "precision": 0.625,
                "recall": 0.6666666666666666,
                "f1-score": 0.6451612903225806,
                "support": 15.0
            },
            "5": {
                "precision": 1.0,
                "recall": 1.0,
                "f1-score": 1.0,
                "support": 8.0
            },
            "6": {
                "precision": 0.9,
                "recall": 0.9473684210526315,
                "f1-score": 0.9230769230769231,
                "support": 19.0
            },
            "accuracy": 0.8153846153846154,
            "macro avg": {
                "precision": 0.8301125226670022,
                "recall": 0.8672879185586828,
                "f1-score": 0.8467887938839814,
                "support": 195.0
            },
            "weighted avg": {
                "precision": 0.815259420428912,
                "recall": 0.8153846153846154,
                "f1-score": 0.8136658007486195,
                "support": 195.0
            },
            "cross-entropy": 0.5139794176257919,
            "roc-auc": 0.9678713400112344,
            "f1-weighted": 0.8136658007486195,
            "f1-macro": 0.8467887938839814,
            "f1-micro": 0.8153846153846154,
            "score": 0.8153846153846154
        }
    }
}
