{
    "function": "bin.tabr.main",
    "gpus": [
        "NVIDIA RTX 6000 Ada Generation"
    ],
    "config": {
        "seed": 0,
        "batch_size": 256,
        "patience": 16,
        "n_epochs": Infinity,
        "context_size": 96,
        "data": {
            "seed": 0,
            "cache": true,
            "num_policy": "quantile",
            "cat_policy": null,
            "path": ":data/CTR23-OpenML-tid=361237-ctr23_361237-fold=1-seed=0",
            "y_policy": "standard"
        },
        "optimizer": {
            "type": "AdamW",
            "lr": 0.000268214713971312,
            "weight_decay": 0.0
        },
        "model": {
            "num_embeddings": null,
            "d_main": 346,
            "context_dropout": 0.0974957608058249,
            "d_multiplier": 2.0,
            "encoder_n_blocks": 0,
            "predictor_n_blocks": 1,
            "mixer_normalization": "auto",
            "dropout0": 0.3693357385703065,
            "dropout1": 0.0,
            "normalization": "LayerNorm",
            "activation": "ReLU"
        }
    },
    "n_parameters": 1085057,
    "prediction_type": null,
    "best_epoch": 65,
    "metrics": {
        "train": {
            "rmse": 3.5250780764537395,
            "mae": 2.4939360454525286,
            "r2": 0.9549306631088257,
            "corr": 0.9773264088930818,
            "score": -3.5250780764537395
        },
        "val": {
            "rmse": 4.184659278842869,
            "mae": 2.8214026377083883,
            "r2": 0.934413492679596,
            "corr": 0.9667001121719533,
            "score": -4.184659278842869
        },
        "test": {
            "rmse": 4.638605676390659,
            "mae": 3.0613998292300266,
            "r2": 0.9320483803749084,
            "corr": 0.9661480329579775,
            "score": -4.638605676390659
        }
    },
    "time": "0:00:03.192288",
    "chunk_size": null,
    "eval_batch_size": 32768
}
