{
    "function": "bin.ensemble.main",
    "config": {
        "seeds": [
            0
        ]
    },
    "single_model_function": "bin.ffn.main",
    "data": ":data/TabZilla-OpenML-electricity-tid=219-fold=1",
    "prediction_type": "probs",
    "metrics": {
        "train": {
            "0": {
                "precision": 0.9795277090078081,
                "recall": 0.9862895493767977,
                "f1-score": 0.982896999808905,
                "support": 20860.0
            },
            "1": {
                "precision": 0.9812397507379469,
                "recall": 0.9720579634804081,
                "f1-score": 0.9766272768818959,
                "support": 15389.0
            },
            "accuracy": 0.9802477309718889,
            "macro avg": {
                "precision": 0.9803837298728775,
                "recall": 0.9791737564286029,
                "f1-score": 0.9797621383454005,
                "support": 36249.0
            },
            "weighted avg": {
                "precision": 0.9802545320976894,
                "recall": 0.9802477309718889,
                "f1-score": 0.9802352776614321,
                "support": 36249.0
            },
            "cross-entropy": 0.06457789752925158,
            "roc-auc": 0.9982455919286397,
            "f1-weighted": 0.9802352776614321,
            "f1-macro": 0.9797621383454005,
            "f1-micro": 0.9802477309718889,
            "score": 0.9802477309718889
        },
        "val": {
            "0": {
                "precision": 0.9063205417607223,
                "recall": 0.9240506329113924,
                "f1-score": 0.9150997150997151,
                "support": 2607.0
            },
            "1": {
                "precision": 0.8942872397223706,
                "recall": 0.8705821205821206,
                "f1-score": 0.8822754806426126,
                "support": 1924.0
            },
            "accuracy": 0.9013462811741337,
            "macro avg": {
                "precision": 0.9003038907415464,
                "recall": 0.8973163767467565,
                "f1-score": 0.8986875978711639,
                "support": 4531.0
            },
            "weighted avg": {
                "precision": 0.9012108368121925,
                "recall": 0.9013462811741337,
                "f1-score": 0.9011615497729737,
                "support": 4531.0
            },
            "cross-entropy": 0.27134612457405033,
            "roc-auc": 0.9663402226693366,
            "f1-weighted": 0.9011615497729737,
            "f1-macro": 0.8986875978711639,
            "f1-micro": 0.9013462811741337,
            "score": 0.9013462811741337
        },
        "test": {
            "0": {
                "precision": 0.9025216409484381,
                "recall": 0.9194785276073619,
                "f1-score": 0.9109211775878443,
                "support": 2608.0
            },
            "1": {
                "precision": 0.888,
                "recall": 0.8653846153846154,
                "f1-score": 0.8765464595946302,
                "support": 1924.0
            },
            "accuracy": 0.896513680494263,
            "macro avg": {
                "precision": 0.8952608204742191,
                "recall": 0.8924315714959887,
                "f1-score": 0.8937338185912372,
                "support": 4532.0
            },
            "weighted avg": {
                "precision": 0.8963566724610605,
                "recall": 0.896513680494263,
                "f1-score": 0.8963278507081126,
                "support": 4532.0
            },
            "cross-entropy": 0.2978939636562592,
            "roc-auc": 0.9636260331237325,
            "f1-weighted": 0.8963278507081126,
            "f1-macro": 0.8937338185912372,
            "f1-micro": 0.896513680494263,
            "score": 0.896513680494263
        }
    }
}
