{
    "function": "bin.tabr.main",
    "gpus": [
        "NVIDIA A100-SXM4-40GB"
    ],
    "config": {
        "seed": 0,
        "batch_size": 256,
        "patience": 16,
        "n_epochs": Infinity,
        "context_size": 96,
        "data": {
            "seed": 0,
            "cache": true,
            "num_policy": null,
            "cat_policy": null,
            "path": ":data/TabZilla-OpenML-dna-tid=167140-fold=0",
            "y_policy": null
        },
        "optimizer": {
            "type": "AdamW",
            "lr": 7.442688632875928e-05,
            "weight_decay": 0.0
        },
        "model": {
            "num_embeddings": null,
            "d_main": 299,
            "context_dropout": 0.060136132387380664,
            "d_multiplier": 2.0,
            "encoder_n_blocks": 0,
            "predictor_n_blocks": 1,
            "mixer_normalization": "auto",
            "dropout0": 0.5516895682468042,
            "dropout1": 0.0,
            "normalization": "LayerNorm",
            "activation": "ReLU"
        }
    },
    "n_parameters": 863515,
    "prediction_type": "logits",
    "best_epoch": 26,
    "metrics": {
        "train": {
            "0": {
                "precision": 1.0,
                "recall": 0.99836867862969,
                "f1-score": 0.9991836734693877,
                "support": 613.0
            },
            "1": {
                "precision": 0.9983633387888707,
                "recall": 0.9951060358890701,
                "f1-score": 0.9967320261437909,
                "support": 613.0
            },
            "2": {
                "precision": 0.9969811320754717,
                "recall": 0.9992435703479576,
                "f1-score": 0.9981110691348697,
                "support": 1322.0
            },
            "accuracy": 0.9980376766091051,
            "macro avg": {
                "precision": 0.9984481569547808,
                "recall": 0.9975727616222393,
                "f1-score": 0.9980089229160161,
                "support": 2548.0
            },
            "weighted avg": {
                "precision": 0.9980399463427595,
                "recall": 0.9980376766091051,
                "f1-score": 0.998037345863099,
                "support": 2548.0
            },
            "cross-entropy": 0.01537530041975105,
            "roc-auc": 0.999125017528184,
            "f1-weighted": 0.998037345863099,
            "f1-macro": 0.9980089229160161,
            "f1-micro": 0.9980376766091051,
            "score": 0.9980376766091051
        },
        "val": {
            "0": {
                "precision": 0.974025974025974,
                "recall": 0.974025974025974,
                "f1-score": 0.974025974025974,
                "support": 77.0
            },
            "1": {
                "precision": 0.96,
                "recall": 0.9473684210526315,
                "f1-score": 0.9536423841059603,
                "support": 76.0
            },
            "2": {
                "precision": 0.9820359281437125,
                "recall": 0.9879518072289156,
                "f1-score": 0.984984984984985,
                "support": 166.0
            },
            "accuracy": 0.9749216300940439,
            "macro avg": {
                "precision": 0.9720206340565621,
                "recall": 0.9697820674358404,
                "f1-score": 0.9708844477056399,
                "support": 319.0
            },
            "weighted avg": {
                "precision": 0.9748525519493927,
                "recall": 0.9749216300940439,
                "f1-score": 0.9748725037603777,
                "support": 319.0
            },
            "cross-entropy": 0.11498193129108247,
            "roc-auc": 0.9961102098071026,
            "f1-weighted": 0.9748725037603777,
            "f1-macro": 0.9708844477056399,
            "f1-micro": 0.9749216300940439,
            "score": 0.9749216300940439
        },
        "test": {
            "0": {
                "precision": 0.9473684210526315,
                "recall": 0.935064935064935,
                "f1-score": 0.9411764705882353,
                "support": 77.0
            },
            "1": {
                "precision": 0.972972972972973,
                "recall": 0.9473684210526315,
                "f1-score": 0.96,
                "support": 76.0
            },
            "2": {
                "precision": 0.9585798816568047,
                "recall": 0.9759036144578314,
                "f1-score": 0.9671641791044776,
                "support": 166.0
            },
            "accuracy": 0.9592476489028213,
            "macro avg": {
                "precision": 0.9596404252274698,
                "recall": 0.9527789901917992,
                "f1-score": 0.9561135498975709,
                "support": 319.0
            },
            "weighted avg": {
                "precision": 0.9593027420753233,
                "recall": 0.9592476489028213,
                "f1-score": 0.959184457575666,
                "support": 319.0
            },
            "cross-entropy": 0.1321039895066483,
            "roc-auc": 0.9918700777134513,
            "f1-weighted": 0.959184457575666,
            "f1-macro": 0.9561135498975709,
            "f1-micro": 0.9592476489028213,
            "score": 0.9592476489028213
        }
    },
    "time": "0:00:40.069257",
    "chunk_size": null,
    "eval_batch_size": 32768
}
