{
    "function": "bin.xgboost_.main",
    "gpus": [
        "NVIDIA RTX 6000 Ada Generation"
    ],
    "config": {
        "seed": 0,
        "data": {
            "seed": 0,
            "num_policy": "quantile",
            "cache": true,
            "cat_policy": "one-hot",
            "y_policy": "standard",
            "path": ":data/CTR23-OpenML-tid=361618-ctr23_361618-fold=1-seed=0"
        },
        "model": {
            "booster": "gbtree",
            "early_stopping_rounds": 200,
            "n_estimators": 4000,
            "n_jobs": 1,
            "tree_method": "gpu_hist",
            "use_label_encoder": false,
            "colsample_byree": 0.5794847918227599,
            "gamma": 0.004908115302826748,
            "lambda": 4.385170256085128,
            "learning_rate": 0.001955707167338674,
            "max_depth": 13,
            "min_child_weight": 0.0003772162969353184,
            "subsample": 0.9882297325066979
        },
        "fit": {
            "verbose": true
        },
        "neighbors": null
    },
    "prediction_type": null,
    "time": "0:00:01.180793",
    "best_iteration": 489,
    "metrics": {
        "train": {
            "rmse": 50.78518941398969,
            "mae": 11.761496044633077,
            "r2": 0.3284831643104553,
            "corr": 0.9488957957856963,
            "score": -50.78518941398969
        },
        "val": {
            "rmse": 85.49921877193155,
            "mae": 21.723706374314474,
            "r2": 0.038822293281555176,
            "corr": 0.3182215039326706,
            "score": -85.49921877193155
        },
        "test": {
            "rmse": 16.40996704738497,
            "mae": 10.501497363584633,
            "r2": -0.2819780111312866,
            "corr": -0.044158704664302405,
            "score": -16.40996704738497
        }
    }
}
