{
    "function": "bin.ensemble.main",
    "config": {
        "seeds": [
            0
        ]
    },
    "single_model_function": "bin.tabr_scaling.main",
    "data": ":data/CTR23-OpenML-tid=361253-ctr23_361253-seed=0",
    "prediction_type": null,
    "metrics": {
        "train": {
            "rmse": 1441.6762062673938,
            "mae": 1104.307759025105,
            "r2": 0.9998342394828796,
            "corr": 0.999923899906066,
            "score": -1441.6762062673938
        },
        "val": {
            "rmse": 1699.4534403607888,
            "mae": 1268.7598143002833,
            "r2": 0.9997760057449341,
            "corr": 0.999893078019587,
            "score": -1699.4534403607888
        },
        "test": {
            "rmse": 1736.0183814270536,
            "mae": 1265.0612709788038,
            "r2": 0.9997566938400269,
            "corr": 0.9998833135900923,
            "score": -1736.0183814270536
        }
    }
}
