{
    "function": "bin.ensemble.main",
    "config": {
        "seeds": [
            0
        ]
    },
    "single_model_function": "bin.tabr.main",
    "data": ":data/CTR23-OpenML-tid=361241-ctr23_361241-fold=1-seed=0",
    "prediction_type": null,
    "metrics": {
        "train": {
            "rmse": 2.85512941120902,
            "mae": 1.7479036245520518,
            "r2": 0.7816377878189087,
            "corr": 0.8841052006048259,
            "score": -2.85512941120902
        },
        "val": {
            "rmse": 3.0517212126174864,
            "mae": 1.8705326269588625,
            "r2": 0.7527415156364441,
            "corr": 0.8677238093899472,
            "score": -3.0517212126174864
        },
        "test": {
            "rmse": 3.006136591072634,
            "mae": 1.8230485335123774,
            "r2": 0.7611929178237915,
            "corr": 0.8725242864233017,
            "score": -3.006136591072634
        }
    }
}
