{
    "function": "bin.xgboost_.main",
    "gpus": [
        "NVIDIA RTX 6000 Ada Generation"
    ],
    "config": {
        "seed": 0,
        "data": {
            "seed": 0,
            "num_policy": "quantile",
            "cache": true,
            "cat_policy": null,
            "y_policy": "standard",
            "path": ":data/CTR23-OpenML-tid=361237-ctr23_361237-seed=0"
        },
        "model": {
            "booster": "gbtree",
            "early_stopping_rounds": 200,
            "n_estimators": 4000,
            "n_jobs": 1,
            "tree_method": "gpu_hist",
            "use_label_encoder": false,
            "colsample_byree": 0.7744067519636624,
            "gamma": 0,
            "lambda": 0.0,
            "learning_rate": 0.08663279761354557,
            "max_depth": 8,
            "min_child_weight": 22.420123713724433,
            "subsample": 0.9818313802505146
        },
        "fit": {
            "verbose": true
        },
        "neighbors": null
    },
    "prediction_type": null,
    "time": "0:00:31.472212",
    "best_iteration": 2356,
    "metrics": {
        "train": {
            "rmse": 1.3146591763475886,
            "mae": 0.5525693703144938,
            "r2": 0.9939244389533997,
            "corr": 0.9969590449057579,
            "score": -1.3146591763475886
        },
        "val": {
            "rmse": 3.851811136838511,
            "mae": 2.5677286853656938,
            "r2": 0.9409908652305603,
            "corr": 0.9703696381429494,
            "score": -3.851811136838511
        },
        "test": {
            "rmse": 5.274774050217737,
            "mae": 3.0473630675786296,
            "r2": 0.8980262875556946,
            "corr": 0.9481716833148629,
            "score": -5.274774050217737
        }
    }
}
