{
    "function": "bin.ensemble.main",
    "config": {
        "seeds": [
            0
        ]
    },
    "single_model_function": "bin.lightgbm_.main",
    "data": ":data/CTR23-OpenML-tid=361252-ctr23_361252-fold=1-seed=0",
    "prediction_type": null,
    "metrics": {
        "train": {
            "rmse": 0.21152491217123912,
            "mae": 0.13482985855858637,
            "r2": 0.9998275970006595,
            "corr": 0.9999137955203075,
            "score": -0.21152491217123912
        },
        "val": {
            "rmse": 0.8991672454608957,
            "mae": 0.34961311692158153,
            "r2": 0.9966781596488359,
            "corr": 0.9983506866618624,
            "score": -0.8991672454608957
        },
        "test": {
            "rmse": 0.6584414397092951,
            "mae": 0.3270374005296405,
            "r2": 0.9984673752430184,
            "corr": 0.9992341851562642,
            "score": -0.6584414397092951
        }
    }
}
