{
    "function": "bin.ensemble.main",
    "config": {
        "seeds": [
            0
        ]
    },
    "single_model_function": "bin.ffn.main",
    "data": ":data/CTR23-OpenML-tid=361266-ctr23_361266-seed=0",
    "prediction_type": null,
    "metrics": {
        "train": {
            "rmse": 85761.5408289506,
            "mae": 55398.741578945424,
            "r2": 0.9455994367599487,
            "corr": 0.9726756551372405,
            "score": -85761.5408289506
        },
        "val": {
            "rmse": 107127.85228542639,
            "mae": 62240.531073561404,
            "r2": 0.9231873154640198,
            "corr": 0.9613050757636697,
            "score": -107127.85228542639
        },
        "test": {
            "rmse": 101896.74381890529,
            "mae": 61780.975269156974,
            "r2": 0.9052587151527405,
            "corr": 0.9515408830723334,
            "score": -101896.74381890529
        }
    }
}
