{
    "function": "bin.lightgbm_.main",
    "gpus": [
        "NVIDIA RTX 6000 Ada Generation",
        "NVIDIA RTX 6000 Ada Generation"
    ],
    "config": {
        "seed": 0,
        "data": {
            "seed": 0,
            "num_policy": "quantile",
            "cat_policy": null,
            "y_policy": "standard",
            "cache": true,
            "path": ":data/CTR23-OpenML-tid=361237-ctr23_361237-fold=0-seed=0"
        },
        "model": {
            "n_estimators": 4000,
            "n_jobs": 4,
            "early_stopping_rounds": 200,
            "feature_fraction": 0.7267713413390344,
            "lambda_l2": 8.93393955906384,
            "learning_rate": 0.3693261231099635,
            "num_leaves": 12,
            "min_sum_hessian_in_leaf": 0.014450017959683438,
            "bagging_fraction": 0.864995281212029
        },
        "fit": {}
    },
    "prediction_type": null,
    "time": "0:00:00.201105",
    "best_iteration": 1086,
    "metrics": {
        "train": {
            "rmse": 1.1344772089018993,
            "mae": 0.32779591741249164,
            "r2": 0.9954757197461263,
            "corr": 0.9977355460561752,
            "score": -1.1344772089018993
        },
        "val": {
            "rmse": 3.5661886708318247,
            "mae": 2.3845647794406064,
            "r2": 0.9494177899636763,
            "corr": 0.9748446772485583,
            "score": -3.5661886708318247
        },
        "test": {
            "rmse": 5.621533371885541,
            "mae": 3.038408581155757,
            "r2": 0.884178221671474,
            "corr": 0.9422638587505029,
            "score": -5.621533371885541
        }
    }
}
