{
    "function": "bin.ffn.main",
    "gpus": [
        "NVIDIA RTX 6000 Ada Generation"
    ],
    "config": {
        "seed": 0,
        "batch_size": 256,
        "patience": 16,
        "n_epochs": Infinity,
        "data": {
            "seed": 0,
            "cache": true,
            "num_policy": "quantile",
            "cat_policy": null,
            "y_policy": null,
            "path": ":data/TabZilla-OpenML-pendigits-tid=32-fold=0"
        },
        "optimizer": {
            "type": "AdamW",
            "lr": 0.00037179695110280977,
            "weight_decay": 1.3424883704781802e-06
        },
        "model": {
            "backbone": {
                "type": "MLP",
                "n_blocks": 3,
                "d_layer": 1003,
                "dropout": 0.0,
                "activation": "ReLU"
            },
            "num_embeddings": {
                "type": "PLREmbeddings",
                "n_frequencies": 93,
                "frequency_scale": 0.08449023263251551,
                "d_embedding": 62,
                "lite": true
            }
        }
    },
    "n_parameters": 3033125,
    "prediction_type": "logits",
    "best_epoch": 31,
    "metrics": {
        "train": {
            "0": {
                "precision": 1.0,
                "recall": 1.0,
                "f1-score": 1.0,
                "support": 913.0
            },
            "1": {
                "precision": 0.9978189749182116,
                "recall": 1.0,
                "f1-score": 0.9989082969432315,
                "support": 915.0
            },
            "2": {
                "precision": 0.9989059080962801,
                "recall": 0.9989059080962801,
                "f1-score": 0.9989059080962801,
                "support": 914.0
            },
            "3": {
                "precision": 1.0,
                "recall": 0.9952662721893492,
                "f1-score": 0.9976275207591934,
                "support": 845.0
            },
            "4": {
                "precision": 1.0,
                "recall": 1.0,
                "f1-score": 1.0,
                "support": 916.0
            },
            "5": {
                "precision": 0.9976359338061466,
                "recall": 0.9988165680473373,
                "f1-score": 0.9982259018332348,
                "support": 845.0
            },
            "6": {
                "precision": 1.0,
                "recall": 0.9988151658767772,
                "f1-score": 0.999407231772377,
                "support": 844.0
            },
            "7": {
                "precision": 0.9988950276243094,
                "recall": 0.9890590809628009,
                "f1-score": 0.9939527212754261,
                "support": 914.0
            },
            "8": {
                "precision": 0.9871194379391101,
                "recall": 1.0,
                "f1-score": 0.9935179728933412,
                "support": 843.0
            },
            "9": {
                "precision": 1.0,
                "recall": 1.0,
                "f1-score": 1.0,
                "support": 843.0
            },
            "accuracy": 0.998066424021838,
            "macro avg": {
                "precision": 0.9980375282384057,
                "recall": 0.9980862995172546,
                "f1-score": 0.9980545553573086,
                "support": 8792.0
            },
            "weighted avg": {
                "precision": 0.998082173287949,
                "recall": 0.998066424021838,
                "f1-score": 0.9980670354645553,
                "support": 8792.0
            },
            "cross-entropy": 0.00804176995941078,
            "roc-auc": 0.9999939246708031,
            "f1-weighted": 0.9980670354645553,
            "f1-macro": 0.9980545553573086,
            "f1-micro": 0.998066424021838,
            "score": 0.998066424021838
        },
        "val": {
            "0": {
                "precision": 1.0,
                "recall": 0.9826086956521739,
                "f1-score": 0.9912280701754386,
                "support": 115.0
            },
            "1": {
                "precision": 0.9741379310344828,
                "recall": 0.9912280701754386,
                "f1-score": 0.9826086956521739,
                "support": 114.0
            },
            "2": {
                "precision": 0.9912280701754386,
                "recall": 0.9826086956521739,
                "f1-score": 0.9868995633187773,
                "support": 115.0
            },
            "3": {
                "precision": 0.9904761904761905,
                "recall": 0.9904761904761905,
                "f1-score": 0.9904761904761905,
                "support": 105.0
            },
            "4": {
                "precision": 1.0,
                "recall": 0.9912280701754386,
                "f1-score": 0.9955947136563876,
                "support": 114.0
            },
            "5": {
                "precision": 1.0,
                "recall": 1.0,
                "f1-score": 1.0,
                "support": 105.0
            },
            "6": {
                "precision": 1.0,
                "recall": 1.0,
                "f1-score": 1.0,
                "support": 106.0
            },
            "7": {
                "precision": 0.991304347826087,
                "recall": 1.0,
                "f1-score": 0.9956331877729258,
                "support": 114.0
            },
            "8": {
                "precision": 0.9906542056074766,
                "recall": 1.0,
                "f1-score": 0.9953051643192489,
                "support": 106.0
            },
            "9": {
                "precision": 1.0,
                "recall": 1.0,
                "f1-score": 1.0,
                "support": 106.0
            },
            "accuracy": 0.9936363636363637,
            "macro avg": {
                "precision": 0.9937800745119676,
                "recall": 0.9938149722131415,
                "f1-score": 0.9937745585371142,
                "support": 1100.0
            },
            "weighted avg": {
                "precision": 0.993691812413339,
                "recall": 0.9936363636363637,
                "f1-score": 0.9936403612154225,
                "support": 1100.0
            },
            "cross-entropy": 0.04147090567901484,
            "roc-auc": 0.9998590507130461,
            "f1-weighted": 0.9936403612154225,
            "f1-macro": 0.9937745585371142,
            "f1-micro": 0.9936363636363637,
            "score": 0.9936363636363637
        },
        "test": {
            "0": {
                "precision": 1.0,
                "recall": 1.0,
                "f1-score": 1.0,
                "support": 115.0
            },
            "1": {
                "precision": 0.991304347826087,
                "recall": 1.0,
                "f1-score": 0.9956331877729258,
                "support": 114.0
            },
            "2": {
                "precision": 1.0,
                "recall": 0.9826086956521739,
                "f1-score": 0.9912280701754386,
                "support": 115.0
            },
            "3": {
                "precision": 1.0,
                "recall": 0.9904761904761905,
                "f1-score": 0.9952153110047847,
                "support": 105.0
            },
            "4": {
                "precision": 1.0,
                "recall": 1.0,
                "f1-score": 1.0,
                "support": 114.0
            },
            "5": {
                "precision": 1.0,
                "recall": 0.9809523809523809,
                "f1-score": 0.9903846153846154,
                "support": 105.0
            },
            "6": {
                "precision": 1.0,
                "recall": 1.0,
                "f1-score": 1.0,
                "support": 106.0
            },
            "7": {
                "precision": 0.9911504424778761,
                "recall": 0.9824561403508771,