{
    "function": "bin.ensemble.main",
    "config": {
        "seeds": [
            0
        ]
    },
    "single_model_function": "bin.tabr_scaling.main",
    "data": ":data/CTR23-OpenML-tid=361242-ctr23_361242-seed=0",
    "prediction_type": null,
    "metrics": {
        "train": {
            "rmse": 7.672767786170076,
            "mae": 4.685129348423743,
            "r2": 0.9502857327461243,
            "corr": 0.9748793153110037,
            "score": -7.672767786170076
        },
        "val": {
            "rmse": 9.003640159446276,
            "mae": 5.21717895774691,
            "r2": 0.9298050999641418,
            "corr": 0.9642932576399437,
            "score": -9.003640159446276
        },
        "test": {
            "rmse": 10.18400512451219,
            "mae": 5.615845552384599,
            "r2": 0.9071488380432129,
            "corr": 0.9528122420065073,
            "score": -10.18400512451219
        }
    }
}
