{
    "function": "bin.ensemble.main",
    "config": {
        "seeds": [
            0
        ]
    },
    "single_model_function": "bin.ffn.main",
    "data": ":data/CTR23-OpenML-tid=361269-ctr23_361269-fold=1-seed=0",
    "prediction_type": null,
    "metrics": {
        "train": {
            "rmse": 14.27389688001009,
            "mae": 10.957509370612797,
            "r2": 0.42001837491989136,
            "corr": 0.6481373409006088,
            "score": -14.27389688001009
        },
        "val": {
            "rmse": 14.410251424635899,
            "mae": 11.05639482544018,
            "r2": 0.3965061902999878,
            "corr": 0.6298128235748324,
            "score": -14.410251424635899
        },
        "test": {
            "rmse": 14.372336615052385,
            "mae": 10.980927287396298,
            "r2": 0.40951406955718994,
            "corr": 0.6399840280119813,
            "score": -14.372336615052385
        }
    }
}
