{
    "function": "bin.ensemble.main",
    "config": {
        "seeds": [
            0
        ]
    },
    "single_model_function": "bin.xgboost_.main",
    "data": ":data/CTR23-OpenML-tid=361236-ctr23_361236-seed=0",
    "prediction_type": null,
    "metrics": {
        "train": {
            "rmse": 119.49185084982933,
            "mae": 83.10264568970615,
            "r2": 0.9998663067817688,
            "corr": 0.9999332059919572,
            "score": -119.49185084982933
        },
        "val": {
            "rmse": 422.7778125722833,
            "mae": 253.39503762836648,
            "r2": 0.9984047412872314,
            "corr": 0.9992039456536665,
            "score": -422.7778125722833
        },
        "test": {
            "rmse": 462.5522471552467,
            "mae": 257.0255777833718,
            "r2": 0.9979909062385559,
            "corr": 0.9989964515283865,
            "score": -462.5522471552467
        }
    }
}
