{
    "function": "bin.ensemble.main",
    "config": {
        "seeds": [
            0
        ]
    },
    "single_model_function": "bin.tabr.main",
    "data": ":data/CTR23-OpenML-tid=361242-ctr23_361242-fold=1-seed=0",
    "prediction_type": null,
    "metrics": {
        "train": {
            "rmse": 7.714152990243888,
            "mae": 4.63893435293113,
            "r2": 0.9492698311805725,
            "corr": 0.9743516295218976,
            "score": -7.714152990243888
        },
        "val": {
            "rmse": 8.713624223607233,
            "mae": 5.12066108685633,
            "r2": 0.9338748455047607,
            "corr": 0.9663891930783227,
            "score": -8.713624223607233
        },
        "test": {
            "rmse": 9.852142936544313,
            "mae": 5.3998796698940055,
            "r2": 0.9199504852294922,
            "corr": 0.9593031270827421,
            "score": -9.852142936544313
        }
    }
}
