{
    "function": "bin.ensemble.main",
    "config": {
        "seeds": [
            0
        ]
    },
    "single_model_function": "bin.ffn.main",
    "data": ":data/CTR23-OpenML-tid=361234-ctr23_361234-seed=0",
    "prediction_type": null,
    "metrics": {
        "train": {
            "rmse": 2.039083634997813,
            "mae": 1.4415833690578523,
            "r2": 0.6068657636642456,
            "corr": 0.7800432021506304,
            "score": -2.039083634997813
        },
        "val": {
            "rmse": 2.0345546060380078,
            "mae": 1.4265909623428428,
            "r2": 0.5652363300323486,
            "corr": 0.7520409197980997,
            "score": -2.0345546060380078
        },
        "test": {
            "rmse": 2.1716974400296314,
            "mae": 1.5660132308427208,
            "r2": 0.5427581071853638,
            "corr": 0.7377204241373821,
            "score": -2.1716974400296314
        }
    }
}
