{
    "function": "bin.ensemble.main",
    "config": {
        "seeds": [
            0
        ]
    },
    "single_model_function": "bin.catboost_.main",
    "data": ":data/CTR23-OpenML-tid=361244-ctr23_361244-seed=0",
    "prediction_type": null,
    "metrics": {
        "train": {
            "rmse": 0.7559864955044562,
            "mae": 0.41586303682199816,
            "r2": 0.1750771440147093,
            "corr": 0.464121555635069,
            "score": -0.7559864955044562
        },
        "val": {
            "rmse": 0.5440404879209568,
            "mae": 0.3551490616233243,
            "r2": 0.10085654963370372,
            "corr": 0.3427802260199951,
            "score": -0.5440404879209568
        },
        "test": {
            "rmse": 1.0723709254416627,
            "mae": 0.5024440988989091,
            "r2": 0.08708126962934104,
            "corr": 0.3637813313342766,
            "score": -1.0723709254416627
        }
    }
}
