{
    "function": "bin.ensemble.main",
    "config": {
        "seeds": [
            0
        ]
    },
    "single_model_function": "bin.catboost_.main",
    "data": ":data/TabZilla-OpenML-kr-vs-kp-tid=3-fold=0",
    "prediction_type": "probs",
    "metrics": {
        "train": {
            "0": {
                "precision": 1.0,
                "recall": 0.9991809991809992,
                "f1-score": 0.9995903318312167,
                "support": 1221.0
            },
            "1": {
                "precision": 0.999251497005988,
                "recall": 1.0,
                "f1-score": 0.9996256083863722,
                "support": 1335.0
            },
            "accuracy": 0.9996087636932708,
            "macro avg": {
                "precision": 0.999625748502994,
                "recall": 0.9995904995904996,
                "f1-score": 0.9996079701087944,
                "support": 2556.0
            },
            "weighted avg": {
                "precision": 0.9996090565348176,
                "recall": 0.9996087636932708,
                "f1-score": 0.9996087567925362,
                "support": 2556.0
            },
            "cross-entropy": 0.004935272011490959,
            "roc-auc": 1.0,
            "f1-weighted": 0.9996087567925362,
            "f1-macro": 0.9996079701087944,
            "f1-micro": 0.9996087636932708,
            "score": 0.9996087636932708
        },
        "val": {
            "0": {
                "precision": 0.9807692307692307,
                "recall": 1.0,
                "f1-score": 0.9902912621359223,
                "support": 153.0
            },
            "1": {
                "precision": 1.0,
                "recall": 0.9820359281437125,
                "f1-score": 0.9909365558912386,
                "support": 167.0
            },
            "accuracy": 0.990625,
            "macro avg": {
                "precision": 0.9903846153846154,
                "recall": 0.9910179640718563,
                "f1-score": 0.9906139090135805,
                "support": 320.0
            },
            "weighted avg": {
                "precision": 0.9908052884615384,
                "recall": 0.990625,
                "f1-score": 0.990628024814478,
                "support": 320.0
            },
            "cross-entropy": 0.027435314476428628,
            "roc-auc": 0.9999608625885484,
            "f1-weighted": 0.990628024814478,
            "f1-macro": 0.9906139090135805,
            "f1-micro": 0.990625,
            "score": 0.990625
        },
        "test": {
            "0": {
                "precision": 1.0,
                "recall": 1.0,
                "f1-score": 1.0,
                "support": 153.0
            },
            "1": {
                "precision": 1.0,
                "recall": 1.0,
                "f1-score": 1.0,
                "support": 167.0
            },
            "accuracy": 1.0,
            "macro avg": {
                "precision": 1.0,
                "recall": 1.0,
                "f1-score": 1.0,
                "support": 320.0
            },
            "weighted avg": {
                "precision": 1.0,
                "recall": 1.0,
                "f1-score": 1.0,
                "support": 320.0
            },
            "cross-entropy": 0.009666947052891001,
            "roc-auc": 1.0,
            "f1-weighted": 1.0,
            "f1-macro": 1.0,
            "f1-micro": 1.0,
            "score": 1.0
        }
    }
}
