{
    "function": "bin.ensemble.main",
    "config": {
        "seeds": [
            0
        ]
    },
    "single_model_function": "bin.xgboost_.main",
    "data": ":data/CTR23-OpenML-tid=361616-ctr23_361616-fold=1-seed=0",
    "prediction_type": null,
    "metrics": {
        "train": {
            "rmse": 12.735488725784917,
            "mae": 10.188744411115238,
            "r2": 0.9804290533065796,
            "corr": 0.9901944455085407,
            "score": -12.735488725784917
        },
        "val": {
            "rmse": 22.343860933312516,
            "mae": 18.062411867104856,
            "r2": 0.943743109703064,
            "corr": 0.9714647284957341,
            "score": -22.343860933312516
        },
        "test": {
            "rmse": 24.728992889499896,
            "mae": 19.750893370800554,
            "r2": 0.9230099320411682,
            "corr": 0.9615845946541871,
            "score": -24.728992889499896
        }
    }
}
