{
    "function": "bin.lightgbm_.main",
    "gpus": [
        "NVIDIA RTX 6000 Ada Generation",
        "NVIDIA RTX 6000 Ada Generation"
    ],
    "config": {
        "seed": 0,
        "data": {
            "seed": 0,
            "num_policy": "quantile",
            "cat_policy": "one-hot",
            "y_policy": "standard",
            "cache": true,
            "path": ":data/CTR23-OpenML-tid=361234-ctr23_361234-fold=0-seed=0"
        },
        "model": {
            "n_estimators": 4000,
            "n_jobs": 4,
            "early_stopping_rounds": 200,
            "feature_fraction": 0.8995792821083618,
            "lambda_l2": 0.17240460099242294,
            "learning_rate": 0.08313101133778733,
            "num_leaves": 113,
            "min_sum_hessian_in_leaf": 46.56005689076007,
            "bagging_fraction": 0.7609241608750359
        },
        "fit": {}
    },
    "prediction_type": null,
    "time": "0:00:00.170381",
    "best_iteration": 40,
    "metrics": {
        "train": {
            "rmse": 1.8111067558959209,
            "mae": 1.2765554436318416,
            "r2": 0.6898592462363563,
            "corr": 0.8350102170288382,
            "score": -1.8111067558959209
        },
        "val": {
            "rmse": 2.139457920334477,
            "mae": 1.4972509853748117,
            "r2": 0.5192469272719555,
            "corr": 0.7210364412495015,
            "score": -2.139457920334477
        },
        "test": {
            "rmse": 2.1593238625392477,
            "mae": 1.5600623581523443,
            "r2": 0.5479536391929652,
            "corr": 0.7407272293341465,
            "score": -2.1593238625392477
        }
    }
}
