{
    "function": "bin.ensemble.main",
    "config": {
        "seeds": [
            0
        ]
    },
    "single_model_function": "bin.catboost_.main",
    "data": ":data/CTR23-OpenML-tid=361241-ctr23_361241-seed=0",
    "prediction_type": null,
    "metrics": {
        "train": {
            "rmse": 0.1532381915854287,
            "mae": 0.04185334823416991,
            "r2": 0.9993724040481394,
            "corr": 0.9996876924576018,
            "score": -0.1532381915854287
        },
        "val": {
            "rmse": 3.4385994659884,
            "mae": 2.270102322418054,
            "r2": 0.6857152797634269,
            "corr": 0.8281797315762155,
            "score": -3.4385994659884
        },
        "test": {
            "rmse": 3.4093747497488867,
            "mae": 2.234490679763249,
            "r2": 0.6880957215417473,
            "corr": 0.829776691135457,
            "score": -3.4093747497488867
        }
    }
}
