{
    "function": "bin.ensemble.main",
    "config": {
        "seeds": [
            0
        ]
    },
    "single_model_function": "bin.ffn.main",
    "data": ":data/CTR23-OpenML-tid=361256-ctr23_361256-fold=1-seed=0",
    "prediction_type": null,
    "metrics": {
        "train": {
            "rmse": 1.7434132740233148,
            "mae": 1.274517398271655,
            "r2": 0.9904795289039612,
            "corr": 0.9952287049709387,
            "score": -1.7434132740233148
        },
        "val": {
            "rmse": 2.100322367693033,
            "mae": 1.5320557498759513,
            "r2": 0.9884214997291565,
            "corr": 0.9941988668231504,
            "score": -2.100322367693033
        },
        "test": {
            "rmse": 2.29583194766086,
            "mae": 1.6932223326496398,
            "r2": 0.9873870611190796,
            "corr": 0.9936741952041788,
            "score": -2.29583194766086
        }
    }
}
