{
    "function": "bin.ensemble.main",
    "config": {
        "seeds": [
            0
        ]
    },
    "single_model_function": "bin.ffn.main",
    "data": ":data/CTR23-OpenML-tid=361272-ctr23_361272-seed=0",
    "prediction_type": null,
    "metrics": {
        "train": {
            "rmse": 8243.580319409877,
            "mae": 3657.589505976386,
            "r2": 0.8194767832756042,
            "corr": 0.9054992246909331,
            "score": -8243.580319409877
        },
        "val": {
            "rmse": 8527.918924053953,
            "mae": 3550.822226103395,
            "r2": 0.8232982158660889,
            "corr": 0.9073602924395594,
            "score": -8527.918924053953
        },
        "test": {
            "rmse": 8849.211614979735,
            "mae": 4000.825042080367,
            "r2": 0.7762724757194519,
            "corr": 0.8818042522420301,
            "score": -8849.211614979735
        }
    }
}
