{
    "function": "bin.ensemble.main",
    "config": {
        "seeds": [
            0
        ]
    },
    "single_model_function": "bin.xgboost_.main",
    "data": ":data/TabZilla-OpenML-ilpd-tid=9971-fold=1",
    "prediction_type": "probs",
    "metrics": {
        "train": {
            "0": {
                "precision": 0.7864583333333334,
                "recall": 0.9096385542168675,
                "f1-score": 0.8435754189944135,
                "support": 332.0
            },
            "1": {
                "precision": 0.6296296296296297,
                "recall": 0.38345864661654133,
                "f1-score": 0.4766355140186916,
                "support": 133.0
            },
            "accuracy": 0.7591397849462366,
            "macro avg": {
                "precision": 0.7080439814814815,
                "recall": 0.6465486004167044,
                "f1-score": 0.6601054665065526,
                "support": 465.0
            },
            "weighted avg": {
                "precision": 0.7416019514137795,
                "recall": 0.7591397849462366,
                "f1-score": 0.7386227149906048,
                "support": 465.0
            },
            "cross-entropy": 0.4778888370913511,
            "roc-auc": 0.8025409910317962,
            "f1-weighted": 0.7386227149906048,
            "f1-macro": 0.6601054665065526,
            "f1-micro": 0.7591397849462366,
            "score": 0.7591397849462366
        },
        "val": {
            "0": {
                "precision": 0.8260869565217391,
                "recall": 0.9047619047619048,
                "f1-score": 0.8636363636363636,
                "support": 42.0
            },
            "1": {
                "precision": 0.6923076923076923,
                "recall": 0.5294117647058824,
                "f1-score": 0.6,
                "support": 17.0
            },
            "accuracy": 0.7966101694915254,
            "macro avg": {
                "precision": 0.7591973244147157,
                "recall": 0.7170868347338936,
                "f1-score": 0.7318181818181818,
                "support": 59.0
            },
            "weighted avg": {
                "precision": 0.7875403888668443,
                "recall": 0.7966101694915254,
                "f1-score": 0.787673343605547,
                "support": 59.0
            },
            "cross-entropy": 0.46020561998653897,
            "roc-auc": 0.8403361344537815,
            "f1-weighted": 0.787673343605547,
            "f1-macro": 0.7318181818181818,
            "f1-micro": 0.7966101694915254,
            "score": 0.7966101694915254
        },
        "test": {
            "0": {
                "precision": 0.6888888888888889,
                "recall": 0.7380952380952381,
                "f1-score": 0.7126436781609196,
                "support": 42.0
            },
            "1": {
                "precision": 0.21428571428571427,
                "recall": 0.17647058823529413,
                "f1-score": 0.1935483870967742,
                "support": 17.0
            },
            "accuracy": 0.576271186440678,
            "macro avg": {
                "precision": 0.4515873015873016,
                "recall": 0.45728291316526615,
                "f1-score": 0.4530960326288469,
                "support": 59.0
            },
            "weighted avg": {
                "precision": 0.552138821630347,
                "recall": 0.576271186440678,
                "f1-score": 0.5630738485322676,
                "support": 59.0
            },
            "cross-entropy": 0.6210461034743673,
            "roc-auc": 0.5889355742296919,
            "f1-weighted": 0.5630738485322676,
            "f1-macro": 0.4530960326288469,
            "f1-micro": 0.576271186440678,
            "score": 0.576271186440678
        }
    }
}
