{
    "function": "bin.ensemble.main",
    "config": {
        "seeds": [
            0
        ]
    },
    "single_model_function": "bin.tabr.main",
    "data": ":data/CTR23-OpenML-tid=361252-ctr23_361252-fold=1-seed=0",
    "prediction_type": null,
    "metrics": {
        "train": {
            "rmse": 0.7639365229081028,
            "mae": 0.4428667436420497,
            "r2": 0.9977512955665588,
            "corr": 0.9989609361249149,
            "score": -0.7639365229081028
        },
        "val": {
            "rmse": 1.0064342808616453,
            "mae": 0.4913665966221181,
            "r2": 0.9958383440971375,
            "corr": 0.9979880172048444,
            "score": -1.0064342808616453
        },
        "test": {
            "rmse": 1.0389917979126468,
            "mae": 0.49807157946162306,
            "r2": 0.9961838722229004,
            "corr": 0.99817948885937,
            "score": -1.0389917979126468
        }
    }
}
