{
    "function": "bin.ffn.main",
    "gpus": [
        "NVIDIA RTX 6000 Ada Generation"
    ],
    "config": {
        "seed": 0,
        "batch_size": 256,
        "patience": 16,
        "n_epochs": Infinity,
        "data": {
            "seed": 0,
            "cache": true,
            "num_policy": "quantile",
            "cat_policy": null,
            "y_policy": "standard",
            "path": ":data/CTR23-OpenML-tid=361617-ctr23_361617-fold=1-seed=0"
        },
        "optimizer": {
            "type": "AdamW",
            "lr": 1.8661567862395527e-05,
            "weight_decay": 1.519656816607237e-05
        },
        "model": {
            "backbone": {
                "type": "MLP",
                "n_blocks": 4,
                "d_layer": 691,
                "dropout": 0.0,
                "activation": "ReLU"
            },
            "num_embeddings": {
                "type": "PLREmbeddings",
                "n_frequencies": 88,
                "frequency_scale": 0.2952891435379983,
                "d_embedding": 37,
                "lite": true
            }
        }
    },
    "n_parameters": 1647688,
    "prediction_type": null,
    "best_epoch": 296,
    "metrics": {
        "train": {
            "rmse": 0.27299040762768434,
            "mae": 0.18516840007303514,
            "r2": 0.9992486238479614,
            "corr": 0.9996392925339669,
            "score": -0.27299040762768434
        },
        "val": {
            "rmse": 0.3734333066113499,
            "mae": 0.26402171290779464,
            "r2": 0.9986852407455444,
            "corr": 0.9993560733681328,
            "score": -0.3734333066113499
        },
        "test": {
            "rmse": 0.41257299554339344,
            "mae": 0.3004734824288633,
            "r2": 0.9984744191169739,
            "corr": 0.9992693959418374,
            "score": -0.41257299554339344
        }
    },
    "time": "0:00:07.836721",
    "chunk_size": null,
    "eval_batch_size": 32768
}
