{
    "function": "bin.ensemble.main",
    "config": {
        "seeds": [
            0
        ]
    },
    "single_model_function": "bin.tabr.main",
    "data": ":data/CTR23-OpenML-tid=361254-ctr23_361254-seed=0",
    "prediction_type": null,
    "metrics": {
        "train": {
            "rmse": 1.531964281122527,
            "mae": 1.0683316826373144,
            "r2": 0.9943606853485107,
            "corr": 0.9971968424692589,
            "score": -1.531964281122527
        },
        "val": {
            "rmse": 1.9147444883823543,
            "mae": 1.2793620818454627,
            "r2": 0.9915734529495239,
            "corr": 0.9957907465612309,
            "score": -1.9147444883823543
        },
        "test": {
            "rmse": 1.9612116185989055,
            "mae": 1.2816102221772496,
            "r2": 0.9906153678894043,
            "corr": 0.9953250295039756,
            "score": -1.9612116185989055
        }
    }
}
