{
    "function": "bin.xgboost_.main",
    "gpus": [
        "NVIDIA RTX 6000 Ada Generation"
    ],
    "config": {
        "seed": 0,
        "data": {
            "seed": 0,
            "num_policy": "quantile",
            "cache": true,
            "cat_policy": null,
            "y_policy": "standard",
            "path": ":data/CTR23-OpenML-tid=361255-ctr23_361255-seed=0"
        },
        "model": {
            "booster": "gbtree",
            "early_stopping_rounds": 200,
            "n_estimators": 4000,
            "n_jobs": 1,
            "tree_method": "gpu_hist",
            "use_label_encoder": false,
            "colsample_byree": 0.6870849901671128,
            "gamma": 0,
            "lambda": 0.17181604264581885,
            "learning_rate": 0.03565638590821156,
            "max_depth": 4,
            "min_child_weight": 2.0005899701171863,
            "subsample": 0.6980298514036469
        },
        "fit": {
            "verbose": true
        },
        "neighbors": null
    },
    "prediction_type": null,
    "time": "0:00:36.438400",
    "best_iteration": 3995,
    "metrics": {
        "train": {
            "rmse": 25521.518586258764,
            "mae": 18271.28204835439,
            "r2": 0.9507556557655334,
            "corr": 0.9754781653249597,
            "score": -25521.518586258764
        },
        "val": {
            "rmse": 47034.50252635249,
            "mae": 30221.489479094977,
            "r2": 0.8405327200889587,
            "corr": 0.9168211699689692,
            "score": -47034.50252635249
        },
        "test": {
            "rmse": 43331.76289926975,
            "mae": 29172.284848613665,
            "r2": 0.8568892478942871,
            "corr": 0.9256850239318313,
            "score": -43331.76289926975
        }
    }
}
