{
    "function": "bin.ensemble.main",
    "config": {
        "seeds": [
            0
        ]
    },
    "single_model_function": "bin.ffn.main",
    "data": ":data/TabZilla-OpenML-analcatdata_authorship-tid=3549-fold=0",
    "prediction_type": "probs",
    "metrics": {
        "train": {
            "0": {
                "precision": 1.0,
                "recall": 1.0,
                "f1-score": 1.0,
                "support": 253.0
            },
            "1": {
                "precision": 1.0,
                "recall": 1.0,
                "f1-score": 1.0,
                "support": 236.0
            },
            "2": {
                "precision": 1.0,
                "recall": 0.9545454545454546,
                "f1-score": 0.9767441860465116,
                "support": 44.0
            },
            "3": {
                "precision": 0.9858156028368794,
                "recall": 1.0,
                "f1-score": 0.9928571428571429,
                "support": 139.0
            },
            "accuracy": 0.9970238095238095,
            "macro avg": {
                "precision": 0.9964539007092199,
                "recall": 0.9886363636363636,
                "f1-score": 0.9924003322259136,
                "support": 672.0
            },
            "weighted avg": {
                "precision": 0.9970660249915569,
                "recall": 0.9970238095238095,
                "f1-score": 0.996999831909508,
                "support": 672.0
            },
            "cross-entropy": 0.048868091440274056,
            "roc-auc": 1.0,
            "f1-weighted": 0.996999831909508,
            "f1-macro": 0.9924003322259136,
            "f1-micro": 0.9970238095238095,
            "score": 0.9970238095238095
        },
        "val": {
            "0": {
                "precision": 1.0,
                "recall": 1.0,
                "f1-score": 1.0,
                "support": 32.0
            },
            "1": {
                "precision": 1.0,
                "recall": 1.0,
                "f1-score": 1.0,
                "support": 30.0
            },
            "2": {
                "precision": 1.0,
                "recall": 1.0,
                "f1-score": 1.0,
                "support": 5.0
            },
            "3": {
                "precision": 1.0,
                "recall": 1.0,
                "f1-score": 1.0,
                "support": 17.0
            },
            "accuracy": 1.0,
            "macro avg": {
                "precision": 1.0,
                "recall": 1.0,
                "f1-score": 1.0,
                "support": 84.0
            },
            "weighted avg": {
                "precision": 1.0,
                "recall": 1.0,
                "f1-score": 1.0,
                "support": 84.0
            },
            "cross-entropy": 0.07071796781968553,
            "roc-auc": 1.0,
            "f1-weighted": 1.0,
            "f1-macro": 1.0,
            "f1-micro": 1.0,
            "score": 1.0
        },
        "test": {
            "0": {
                "precision": 0.9411764705882353,
                "recall": 1.0,
                "f1-score": 0.9696969696969697,
                "support": 32.0
            },
            "1": {
                "precision": 0.9642857142857143,
                "recall": 0.9,
                "f1-score": 0.9310344827586207,
                "support": 30.0
            },
            "2": {
                "precision": 0.8333333333333334,
                "recall": 0.8333333333333334,
                "f1-score": 0.8333333333333334,
                "support": 6.0
            },
            "3": {
                "precision": 1.0,
                "recall": 1.0,
                "f1-score": 1.0,
                "support": 17.0
            },
            "accuracy": 0.9529411764705882,
            "macro avg": {
                "precision": 0.9346988795518207,
                "recall": 0.9333333333333333,
                "f1-score": 0.9335161964472309,
                "support": 85.0
            },
            "weighted avg": {
                "precision": 0.9534849233811171,
                "recall": 0.9529411764705882,
                "f1-score": 0.9524863236830783,
                "support": 85.0
            },
            "cross-entropy": 0.17794495685229728,
            "roc-auc": 0.9923866421568627,
            "f1-weighted": 0.9524863236830783,
            "f1-macro": 0.9335161964472309,
            "f1-micro": 0.9529411764705882,
            "score": 0.9529411764705882
        }
    }
}
