{
    "function": "bin.ensemble.main",
    "config": {
        "seeds": [
            0
        ]
    },
    "single_model_function": "bin.ffn.main",
    "data": ":data/CTR23-OpenML-tid=361267-ctr23_361267-fold=1-seed=0",
    "prediction_type": null,
    "metrics": {
        "train": {
            "rmse": 4559.438876521584,
            "mae": 1434.6340880075586,
            "r2": 0.941309928894043,
            "corr": 0.9706629365673737,
            "score": -4559.438876521584
        },
        "val": {
            "rmse": 2308.221425258998,
            "mae": 1471.9458773887745,
            "r2": 0.7446666955947876,
            "corr": 0.862972470527058,
            "score": -2308.221425258998
        },
        "test": {
            "rmse": 3334.3427439947777,
            "mae": 1544.726505680359,
            "r2": 0.6190186738967896,
            "corr": 0.7869919991324854,
            "score": -3334.3427439947777
        }
    }
}
