{
    "function": "bin.ensemble.main",
    "config": {
        "seeds": [
            0
        ]
    },
    "single_model_function": "bin.xgboost_.main",
    "data": ":data/TabZilla-OpenML-GesturePhaseSegmentationProcessed-tid=14969-fold=1",
    "prediction_type": "probs",
    "metrics": {
        "train": {
            "0": {
                "precision": 1.0,
                "recall": 1.0,
                "f1-score": 1.0,
                "support": 2193.0
            },
            "1": {
                "precision": 1.0,
                "recall": 1.0,
                "f1-score": 1.0,
                "support": 798.0
            },
            "2": {
                "precision": 1.0,
                "recall": 1.0,
                "f1-score": 1.0,
                "support": 1677.0
            },
            "3": {
                "precision": 1.0,
                "recall": 1.0,
                "f1-score": 1.0,
                "support": 869.0
            },
            "4": {
                "precision": 1.0,
                "recall": 1.0,
                "f1-score": 1.0,
                "support": 2360.0
            },
            "accuracy": 1.0,
            "macro avg": {
                "precision": 1.0,
                "recall": 1.0,
                "f1-score": 1.0,
                "support": 7897.0
            },
            "weighted avg": {
                "precision": 1.0,
                "recall": 1.0,
                "f1-score": 1.0,
                "support": 7897.0
            },
            "cross-entropy": 0.007739866276502757,
            "roc-auc": 1.0,
            "f1-weighted": 1.0,
            "f1-macro": 1.0,
            "f1-micro": 1.0,
            "score": 1.0
        },
        "val": {
            "0": {
                "precision": 0.7329192546583851,
                "recall": 0.8613138686131386,
                "f1-score": 0.7919463087248322,
                "support": 274.0
            },
            "1": {
                "precision": 0.7166666666666667,
                "recall": 0.43,
                "f1-score": 0.5375,
                "support": 100.0
            },
            "2": {
                "precision": 0.6892655367231638,
                "recall": 0.580952380952381,
                "f1-score": 0.6304909560723514,
                "support": 210.0
            },
            "3": {
                "precision": 0.6438356164383562,
                "recall": 0.43119266055045874,
                "f1-score": 0.5164835164835165,
                "support": 109.0
            },
            "4": {
                "precision": 0.6657303370786517,
                "recall": 0.8033898305084746,
                "f1-score": 0.728110599078341,
                "support": 295.0
            },
            "accuracy": 0.6933198380566802,
            "macro avg": {
                "precision": 0.6896834823130447,
                "recall": 0.6213697481248905,
                "f1-score": 0.6409062760718083,
                "support": 988.0
            },
            "weighted avg": {
                "precision": 0.692106110106186,
                "recall": 0.6933198380566802,
                "f1-score": 0.6824248171969755,
                "support": 988.0
            },
            "cross-entropy": 0.894536482290494,
            "roc-auc": 0.895651795258531,
            "f1-weighted": 0.6824248171969755,
            "f1-macro": 0.6409062760718083,
            "f1-micro": 0.6933198380566802,
            "score": 0.6933198380566802
        },
        "test": {
            "0": {
                "precision": 0.7391304347826086,
                "recall": 0.8686131386861314,
                "f1-score": 0.7986577181208053,
                "support": 274.0
            },
            "1": {
                "precision": 0.7352941176470589,
                "recall": 0.5,
                "f1-score": 0.5952380952380952,
                "support": 100.0
            },
            "2": {
                "precision": 0.7354497354497355,
                "recall": 0.6619047619047619,
                "f1-score": 0.6967418546365914,
                "support": 210.0
            },
            "3": {
                "precision": 0.6666666666666666,
                "recall": 0.42201834862385323,
                "f1-score": 0.5168539325842697,
                "support": 109.0
            },
            "4": {
                "precision": 0.7029411764705882,
                "recall": 0.8101694915254237,
                "f1-score": 0.752755905511811,
                "support": 295.0
            },
            "accuracy": 0.7206477732793523,
            "macro avg": {
                "precision": 0.7158964262033315,
                "recall": 0.652541148148034,
                "f1-score": 0.6720495012183145,
                "support": 988.0
            },
            "weighted avg": {
                "precision": 0.7191598269889427,
                "recall": 0.7206477732793523,
                "f1-score": 0.7116112191703077,
                "support": 988.0
            },
            "cross-entropy": 0.7680193022001343,
            "roc-auc": 0.916253796432783,
            "f1-weighted": 0.7116112191703077,
            "f1-macro": 0.6720495012183145,
            "f1-micro": 0.7206477732793523,
            "score": 0.7206477732793523
        }
    }
}
