{
    "function": "bin.xgboost_.main",
    "gpus": [
        "NVIDIA RTX 6000 Ada Generation"
    ],
    "config": {
        "seed": 0,
        "data": {
            "seed": 0,
            "num_policy": "quantile",
            "cache": true,
            "cat_policy": null,
            "y_policy": "standard",
            "path": ":data/CTR23-OpenML-tid=361622-ctr23_361622-seed=0"
        },
        "model": {
            "booster": "gbtree",
            "early_stopping_rounds": 200,
            "n_estimators": 4000,
            "n_jobs": 1,
            "tree_method": "gpu_hist",
            "use_label_encoder": false,
            "colsample_byree": 0.7850983852089398,
            "gamma": 0.0032376064287452746,
            "lambda": 0.0,
            "learning_rate": 0.09105944026265275,
            "max_depth": 6,
            "min_child_weight": 0.06278626332563014,
            "subsample": 0.6222127960008014
        },
        "fit": {
            "verbose": true
        },
        "neighbors": null
    },
    "prediction_type": null,
    "time": "0:00:00.242704",
    "best_iteration": 45,
    "metrics": {
        "train": {
            "rmse": 1356.168221723519,
            "mae": 980.8858218624591,
            "r2": 0.9804167747497559,
            "corr": 0.9904421310535573,
            "score": -1356.168221723519
        },
        "val": {
            "rmse": 2033.5260160840594,
            "mae": 1396.6036578612693,
            "r2": 0.9544211030006409,
            "corr": 0.9773323661163734,
            "score": -2033.5260160840594
        },
        "test": {
            "rmse": 2458.4426830138536,
            "mae": 1865.981438717994,
            "r2": 0.9532309770584106,
            "corr": 0.976927406932571,
            "score": -2458.4426830138536
        }
    }
}
