{
    "function": "bin.tabr.main",
    "gpus": [
        "NVIDIA RTX 6000 Ada Generation"
    ],
    "config": {
        "seed": 0,
        "batch_size": 256,
        "patience": 16,
        "n_epochs": Infinity,
        "context_size": 96,
        "data": {
            "seed": 0,
            "cache": true,
            "num_policy": "quantile",
            "cat_policy": null,
            "path": ":data/CTR23-OpenML-tid=361267-ctr23_361267-fold=1-seed=0",
            "y_policy": "standard"
        },
        "optimizer": {
            "type": "AdamW",
            "lr": 0.00014894497971271945,
            "weight_decay": 1.0218589483781255e-06
        },
        "model": {
            "num_embeddings": null,
            "d_main": 291,
            "context_dropout": 0.1620047839152989,
            "d_multiplier": 2.0,
            "encoder_n_blocks": 0,
            "predictor_n_blocks": 1,
            "mixer_normalization": "auto",
            "dropout0": 0.44111641327355694,
            "dropout1": 0.0,
            "normalization": "LayerNorm",
            "activation": "ReLU"
        }
    },
    "n_parameters": 779590,
    "prediction_type": null,
    "best_epoch": 17,
    "metrics": {
        "train": {
            "rmse": 17061.039584519243,
            "mae": 1675.3859869886364,
            "r2": 0.17822498083114624,
            "corr": 0.4982487392814031,
            "score": -17061.039584519243
        },
        "val": {
            "rmse": 2310.6333725833983,
            "mae": 1464.0367410913022,
            "r2": 0.7441327571868896,
            "corr": 0.8637163532841511,
            "score": -2310.6333725833983
        },
        "test": {
            "rmse": 3461.3568849213375,
            "mae": 1497.0180245460797,
            "r2": 0.589440643787384,
            "corr": 0.8041051929029003,
            "score": -3461.3568849213375
        }
    },
    "time": "0:00:08.326391",
    "chunk_size": null,
    "eval_batch_size": 32768
}
