{
    "function": "bin.xgboost_.main",
    "gpus": [
        "NVIDIA RTX 6000 Ada Generation"
    ],
    "config": {
        "seed": 0,
        "data": {
            "seed": 0,
            "num_policy": "quantile",
            "cache": true,
            "cat_policy": "one-hot",
            "y_policy": "standard",
            "path": ":data/CTR23-OpenML-tid=361252-ctr23_361252-seed=0"
        },
        "model": {
            "booster": "gbtree",
            "early_stopping_rounds": 200,
            "n_estimators": 4000,
            "n_jobs": 1,
            "tree_method": "gpu_hist",
            "use_label_encoder": false,
            "colsample_byree": 0.7744067519636624,
            "gamma": 0,
            "lambda": 0.0,
            "learning_rate": 0.08663279761354557,
            "max_depth": 8,
            "min_child_weight": 22.420123713724433,
            "subsample": 0.9818313802505146
        },
        "fit": {
            "verbose": true
        },
        "neighbors": null
    },
    "prediction_type": null,
    "time": "0:01:30.515854",
    "best_iteration": 3999,
    "metrics": {
        "train": {
            "rmse": 0.2035534656034627,
            "mae": 0.12768249315617197,
            "r2": 0.9998413920402527,
            "corr": 0.9999207071635717,
            "score": -0.2035534656034627
        },
        "val": {
            "rmse": 1.0005831581330162,
            "mae": 0.3113218280653882,
            "r2": 0.996076762676239,
            "corr": 0.998063791820854,
            "score": -1.0005831581330162
        },
        "test": {
            "rmse": 0.7429354775792404,
            "mae": 0.2973012378625697,
            "r2": 0.9978105425834656,
            "corr": 0.9989067078407603,
            "score": -0.7429354775792404
        }
    }
}
