{
    "function": "bin.ensemble.main",
    "config": {
        "seeds": [
            0
        ]
    },
    "single_model_function": "bin.lightgbm_.main",
    "data": ":data/CTR23-OpenML-tid=361272-ctr23_361272-fold=0-seed=0",
    "prediction_type": null,
    "metrics": {
        "train": {
            "rmse": 7497.42016583122,
            "mae": 3770.209173710369,
            "r2": 0.8506775977782335,
            "corr": 0.9246922543814028,
            "score": -7497.42016583122
        },
        "val": {
            "rmse": 8894.282514838626,
            "mae": 3857.860720384039,
            "r2": 0.8077896847635337,
            "corr": 0.8990188543571325,
            "score": -8894.282514838626
        },
        "test": {
            "rmse": 9239.222390929723,
            "mae": 4315.341829721989,
            "r2": 0.7561172592975189,
            "corr": 0.8696747110163621,
            "score": -9239.222390929723
        }
    }
}
