{
    "function": "bin.ffn.main",
    "gpus": [
        "NVIDIA RTX 6000 Ada Generation"
    ],
    "config": {
        "seed": 0,
        "batch_size": 256,
        "patience": 16,
        "n_epochs": Infinity,
        "data": {
            "seed": 0,
            "cache": true,
            "num_policy": "quantile",
            "cat_policy": "ordinal",
            "y_policy": "standard",
            "path": ":data/CTR23-OpenML-tid=361616-ctr23_361616-fold=1-seed=0"
        },
        "optimizer": {
            "type": "AdamW",
            "lr": 0.0005147622432383661,
            "weight_decay": 2.883906161101796e-05
        },
        "model": {
            "backbone": {
                "type": "MLP",
                "n_blocks": 2,
                "d_layer": 564,
                "dropout": 0.009260897230306986,
                "activation": "ReLU"
            },
            "num_embeddings": {
                "type": "PLREmbeddings",
                "n_frequencies": 80,
                "frequency_scale": 0.07865000457856676,
                "d_embedding": 32,
                "lite": true
            }
        }
    },
    "n_parameters": 506061,
    "prediction_type": null,
    "best_epoch": 50,
    "metrics": {
        "train": {
            "rmse": 17.028455848089866,
            "mae": 13.178459057955934,
            "r2": 0.9650110602378845,
            "corr": 0.9824284713399434,
            "score": -17.028455848089866
        },
        "val": {
            "rmse": 21.684768298947407,
            "mae": 17.174244591452634,
            "r2": 0.9470130205154419,
            "corr": 0.9732626100869589,
            "score": -21.684768298947407
        },
        "test": {
            "rmse": 22.701224889501482,
            "mae": 17.734195008279926,
            "r2": 0.935118556022644,
            "corr": 0.967071221606488,
            "score": -22.701224889501482
        }
    },
    "time": "0:00:02.231014",
    "chunk_size": null,
    "eval_batch_size": 32768
}
