{
    "function": "bin.xgboost_.main",
    "gpus": [
        "NVIDIA RTX 6000 Ada Generation"
    ],
    "config": {
        "seed": 0,
        "data": {
            "seed": 0,
            "num_policy": "quantile",
            "cache": true,
            "cat_policy": "one-hot",
            "y_policy": "standard",
            "path": ":data/CTR23-OpenML-tid=361266-ctr23_361266-fold=1-seed=0"
        },
        "model": {
            "booster": "gbtree",
            "early_stopping_rounds": 200,
            "n_estimators": 4000,
            "n_jobs": 1,
            "tree_method": "gpu_hist",
            "use_label_encoder": false,
            "colsample_byree": 0.658991589696988,
            "gamma": 0,
            "lambda": 0.0,
            "learning_rate": 0.006254152586876391,
            "max_depth": 9,
            "min_child_weight": 0.0003661365327691201,
            "subsample": 0.7879732477780896
        },
        "fit": {
            "verbose": true
        },
        "neighbors": null
    },
    "prediction_type": null,
    "time": "0:00:13.633782",
    "best_iteration": 3991,
    "metrics": {
        "train": {
            "rmse": 22696.812687655198,
            "mae": 17966.33600699529,
            "r2": 0.996155321598053,
            "corr": 0.9981022308476492,
            "score": -22696.812687655198
        },
        "val": {
            "rmse": 118402.59706219738,
            "mae": 60751.059700267855,
            "r2": 0.9062466621398926,
            "corr": 0.9529449464347977,
            "score": -118402.59706219738
        },
        "test": {
            "rmse": 117663.96482367886,
            "mae": 63233.544828659855,
            "r2": 0.8832070231437683,
            "corr": 0.939817701120246,
            "score": -117663.96482367886
        }
    }
}
