{
    "function": "bin.tabr_scaling.main",
    "gpus": [
        "NVIDIA RTX 6000 Ada Generation"
    ],
    "config": {
        "seed": 0,
        "batch_size": 256,
        "patience": 16,
        "n_epochs": Infinity,
        "context_size": 96,
        "data": {
            "seed": 0,
            "cache": true,
            "num_policy": "quantile",
            "cat_policy": null,
            "path": ":data/TabZilla-OpenML-pendigits-32",
            "y_policy": null
        },
        "model": {
            "num_embeddings": null,
            "d_main": 124,
            "context_dropout": 0.5027669444992823,
            "d_multiplier": 2.0,
            "encoder_n_blocks": 0,
            "predictor_n_blocks": 1,
            "mixer_normalization": "auto",
            "dropout0": 0.05765904473637784,
            "dropout1": 0.0,
            "normalization": "LayerNorm",
            "activation": "ReLU"
        },
        "optimizer": {
            "type": "AdamW",
            "lr": 0.0008972612866432509,
            "weight_decay": 1.62065673920372e-05
        }
    },
    "n_parameters": 144222,
    "prediction_type": "logits",
    "best_epoch": 27,
    "metrics": {
        "train": {
            "0": {
                "precision": 1.0,
                "recall": 1.0,
                "f1-score": 1.0,
                "support": 913.0
            },
            "1": {
                "precision": 0.9989071038251366,
                "recall": 0.9989071038251366,
                "f1-score": 0.9989071038251366,
                "support": 915.0
            },
            "2": {
                "precision": 0.9989071038251366,
                "recall": 1.0,
                "f1-score": 0.9994532531437944,
                "support": 914.0
            },
            "3": {
                "precision": 1.0,
                "recall": 0.9952662721893492,
                "f1-score": 0.9976275207591934,
                "support": 845.0
            },
            "4": {
                "precision": 1.0,
                "recall": 1.0,
                "f1-score": 1.0,
                "support": 916.0
            },
            "5": {
                "precision": 0.9988179669030733,
                "recall": 1.0,
                "f1-score": 0.9994086339444116,
                "support": 845.0
            },
            "6": {
                "precision": 1.0,
                "recall": 0.9988151658767772,
                "f1-score": 0.999407231772377,
                "support": 844.0
            },
            "7": {
                "precision": 0.9967284623773174,
                "recall": 1.0,
                "f1-score": 0.9983615510649918,
                "support": 914.0
            },
            "8": {
                "precision": 0.9988151658767772,
                "recall": 1.0,
                "f1-score": 0.999407231772377,
                "support": 843.0
            },
            "9": {
                "precision": 1.0,
                "recall": 0.9988137603795967,
                "f1-score": 0.9994065281899109,
                "support": 843.0
            },
            "accuracy": 0.9992038216560509,
            "macro avg": {
                "precision": 0.9992175802807441,
                "recall": 0.9991802302270859,
                "f1-score": 0.9991979054472193,
                "support": 8792.0
            },
            "weighted avg": {
                "precision": 0.9992053314804666,
                "recall": 0.9992038216560509,
                "f1-score": 0.9992035924744622,
                "support": 8792.0
            },
            "cross-entropy": 0.004497061554454201,
            "score": 0.9992038216560509
        },
        "val": {
            "0": {
                "precision": 1.0,
                "recall": 0.991304347826087,
                "f1-score": 0.9956331877729258,
                "support": 115.0
            },
            "1": {
                "precision": 0.9827586206896551,
                "recall": 1.0,
                "f1-score": 0.991304347826087,
                "support": 114.0
            },
            "2": {
                "precision": 1.0,
                "recall": 0.991304347826087,
                "f1-score": 0.9956331877729258,
                "support": 115.0
            },
            "3": {
                "precision": 0.9905660377358491,
                "recall": 1.0,
                "f1-score": 0.995260663507109,
                "support": 105.0
            },
            "4": {
                "precision": 0.9912280701754386,
                "recall": 0.9912280701754386,
                "f1-score": 0.9912280701754386,
                "support": 114.0
            },
            "5": {
                "precision": 1.0,
                "recall": 0.9904761904761905,
                "f1-score": 0.9952153110047847,
                "support": 105.0
            },
            "6": {
                "precision": 1.0,
                "recall": 1.0,
                "f1-score": 1.0,
                "support": 106.0
            },
            "7": {
                "precision": 1.0,
                "recall": 1.0,
                "f1-score": 1.0,
                "support": 114.0
            },
            "8": {
                "precision": 1.0,
                "recall": 1.0,
                "f1-score": 1.0,
                "support": 106.0
            },
            "9": {
                "precision": 0.9905660377358491,
                "recall": 0.9905660377358491,
                "f1-score": 0.9905660377358491,
                "support": 106.0
            },
            "accuracy": 0.9954545454545455,
            "macro avg": {
                "precision": 0.9955118766336792,
                "recall": 0.9954878994039653,
                "f1-score": 0.995484080579512,
                "support": 1100.0
            },
            "weighted avg": {
                "precision": 0.995494469746259,
                "recall": 0.9954545454545455,
                "f1-score": 0.9954584601488142,
                "support": 1100.0
            },
            "cross-entropy": 0.029541323244345198,
            "score": 0.9954545454545455
        },
        "test": {
            "0": {
                "precision": 1.0,
                "recall": 1.0,
                "f1-score": 1.0,
                "support": 115.0
            },
            "1": {
                "precision": 0.9826086956521739,
                "recall": 0.9912280701754386,
                "f1-score": 0.9868995633187773,
                "support": 114.0
            },
            "2": {
                "precision": 0.9913793103448276,
                "recall": 1.0,
                "f1-score": 0.9956709956709957,
                "support": 115.0
            },
            "3": {
                "precision": 1.0,
                "recall": 1.0,
                "f1-score": 1.0,
                "support": 105.0
            },
            "4": {
                "precision": 1.0,
                "recall": 0.9912280701754386,
                "f1-score": 0.9955947136563876,
                "support": 114.0
            },
            "5": {
                "precision": 1.0,
                "recall": 1.0,
                "f1-score": 1.0,
                "support": 105.0
            },
            "6": {
                "precision": 1.0,
                "recall": 1.0,
                "f1-score": 1.0,
                "support": 106.0
            },
            "7": {
                "precision": 1.0,
                "recall": 0.9912280701754386,
                "f1-score": 0.9955947136563876,
                "support": 114.0
            },
            "8": {
                "precision": 1.0,
                "recall": 1.0,
                "f1-score": 1.0,
                "support": 106.0
            },
            "9": {
                "precision": 0.9905660377358491,
                "recall": 0.9905660377358491,
                "f1-score": 0.9905660377358491,