{
    "function": "bin.ensemble.main",
    "config": {
        "seeds": [
            0
        ]
    },
    "single_model_function": "bin.tabr.main",
    "data": ":data/CTR23-OpenML-tid=361266-ctr23_361266-seed=0",
    "prediction_type": null,
    "metrics": {
        "train": {
            "rmse": 82628.45729840286,
            "mae": 55429.599989065435,
            "r2": 0.9495015740394592,
            "corr": 0.9753508153674795,
            "score": -82628.45729840286
        },
        "val": {
            "rmse": 125996.57242554979,
            "mae": 68942.74543689238,
            "r2": 0.8937458992004395,
            "corr": 0.9457069804059617,
            "score": -125996.57242554979
        },
        "test": {
            "rmse": 109294.6153509477,
            "mae": 65572.59283023095,
            "r2": 0.8910025954246521,
            "corr": 0.9452008256995946,
            "score": -109294.6153509477
        }
    }
}
