{
    "function": "bin.ensemble.main",
    "config": {
        "seeds": [
            0
        ]
    },
    "single_model_function": "bin.lightgbm_.main",
    "data": ":data/CTR23-OpenML-tid=361616-ctr23_361616-fold=1-seed=0",
    "prediction_type": null,
    "metrics": {
        "train": {
            "rmse": 11.309764928379028,
            "mae": 8.825521171776401,
            "r2": 0.9845656760022184,
            "corr": 0.9923327231627322,
            "score": -11.309764928379028
        },
        "val": {
            "rmse": 23.452853588977415,
            "mae": 18.318995290872227,
            "r2": 0.9380200940665749,
            "corr": 0.9686765004532663,
            "score": -23.452853588977415
        },
        "test": {
            "rmse": 25.066456616849226,
            "mae": 19.987540724577606,
            "r2": 0.9208943064332391,
            "corr": 0.9602628914032825,
            "score": -25.066456616849226
        }
    }
}
