{
    "function": "bin.ensemble.main",
    "config": {
        "seeds": [
            0
        ]
    },
    "single_model_function": "bin.tabr.main",
    "data": ":data/TabZilla-OpenML-phoneme-tid=9952-fold=0",
    "prediction_type": "probs",
    "metrics": {
        "train": {
            "0": {
                "precision": 0.9281855735621226,
                "recall": 0.9564505566470203,
                "f1-score": 0.9421061119174327,
                "support": 3054.0
            },
            "1": {
                "precision": 0.8868085106382979,
                "recall": 0.8217665615141956,
                "f1-score": 0.8530495292672943,
                "support": 1268.0
            },
            "accuracy": 0.9169366034243406,
            "macro avg": {
                "precision": 0.9074970421002102,
                "recall": 0.8891085590806079,
                "f1-score": 0.8975778205923635,
                "support": 4322.0
            },
            "weighted avg": {
                "precision": 0.9160462594049247,
                "recall": 0.9169366034243406,
                "f1-score": 0.9159784518525609,
                "support": 4322.0
            },
            "cross-entropy": 0.19670395765454393,
            "roc-auc": 0.9730799861173948,
            "f1-weighted": 0.9159784518525609,
            "f1-macro": 0.8975778205923635,
            "f1-micro": 0.9169366034243406,
            "score": 0.9169366034243406
        },
        "val": {
            "0": {
                "precision": 0.9311224489795918,
                "recall": 0.9554973821989529,
                "f1-score": 0.9431524547803618,
                "support": 382.0
            },
            "1": {
                "precision": 0.8859060402684564,
                "recall": 0.8301886792452831,
                "f1-score": 0.8571428571428571,
                "support": 159.0
            },
            "accuracy": 0.9186691312384473,
            "macro avg": {
                "precision": 0.9085142446240242,
                "recall": 0.892843030722118,
                "f1-score": 0.9001476559616095,
                "support": 541.0
            },
            "weighted avg": {
                "precision": 0.9178333381014578,
                "recall": 0.9186691312384473,
                "f1-score": 0.9178742181364371,
                "support": 541.0
            },
            "cross-entropy": 0.2056366165182516,
            "roc-auc": 0.9697718067766472,
            "f1-weighted": 0.9178742181364371,
            "f1-macro": 0.9001476559616095,
            "f1-micro": 0.9186691312384473,
            "score": 0.9186691312384473
        },
        "test": {
            "0": {
                "precision": 0.9232736572890026,
                "recall": 0.9450261780104712,
                "f1-score": 0.9340232858990944,
                "support": 382.0
            },
            "1": {
                "precision": 0.86,
                "recall": 0.8113207547169812,
                "f1-score": 0.8349514563106796,
                "support": 159.0
            },
            "accuracy": 0.9057301293900185,
            "macro avg": {
                "precision": 0.8916368286445013,
                "recall": 0.8781734663637262,
                "f1-score": 0.8844873711048871,
                "support": 541.0
            },
            "weighted avg": {
                "precision": 0.9046775177160794,
                "recall": 0.9057301293900185,
                "f1-score": 0.9049060568703367,
                "support": 541.0
            },
            "cross-entropy": 0.236735224803408,
            "roc-auc": 0.9592676742731074,
            "f1-weighted": 0.9049060568703367,
            "f1-macro": 0.8844873711048871,
            "f1-micro": 0.9057301293900185,
            "score": 0.9057301293900185
        }
    }
}
