{
    "function": "bin.ensemble.main",
    "config": {
        "seeds": [
            0
        ]
    },
    "single_model_function": "bin.tabr.main",
    "data": ":data/CTR23-OpenML-tid=361236-ctr23_361236-fold=1-seed=0",
    "prediction_type": null,
    "metrics": {
        "train": {
            "rmse": 311.16823604024444,
            "mae": 182.5826450830573,
            "r2": 0.9990822076797485,
            "corr": 0.9996571698961326,
            "score": -311.16823604024444
        },
        "val": {
            "rmse": 395.25534075079946,
            "mae": 255.75365231554315,
            "r2": 0.9985029101371765,
            "corr": 0.9992953787759365,
            "score": -395.25534075079946
        },
        "test": {
            "rmse": 445.47724267816596,
            "mae": 276.1960538074527,
            "r2": 0.9984225630760193,
            "corr": 0.9992268299024286,
            "score": -445.47724267816596
        }
    }
}
