{
    "function": "bin.ensemble.main",
    "config": {
        "seeds": [
            0
        ]
    },
    "single_model_function": "bin.tabr_scaling.main",
    "data": ":data/TabZilla-OpenML-splice-45",
    "prediction_type": "probs",
    "metrics": {
        "train": {
            "0": {
                "precision": 1.0,
                "recall": 0.9951060358890701,
                "f1-score": 0.9975470155355682,
                "support": 613.0
            },
            "1": {
                "precision": 0.99836867862969,
                "recall": 0.996742671009772,
                "f1-score": 0.9975550122249389,
                "support": 614.0
            },
            "2": {
                "precision": 0.9962377727614747,
                "recall": 0.999245283018868,
                "f1-score": 0.9977392614920875,
                "support": 1325.0
            },
            "accuracy": 0.9976489028213166,
            "macro avg": {
                "precision": 0.9982021504637215,
                "recall": 0.99703132997257,
                "f1-score": 0.9976137630841982,
                "support": 2552.0
            },
            "weighted avg": {
                "precision": 0.9976541604967021,
                "recall": 0.9976489028213166,
                "f1-score": 0.9976487537250907,
                "support": 2552.0
            },
            "cross-entropy": 0.013911770958134333,
            "score": 0.9976489028213166
        },
        "val": {
            "0": {
                "precision": 0.9733333333333334,
                "recall": 0.948051948051948,
                "f1-score": 0.9605263157894737,
                "support": 77.0
            },
            "1": {
                "precision": 0.9733333333333334,
                "recall": 0.948051948051948,
                "f1-score": 0.9605263157894737,
                "support": 77.0
            },
            "2": {
                "precision": 0.9644970414201184,
                "recall": 0.9878787878787879,
                "f1-score": 0.9760479041916168,
                "support": 165.0
            },
            "accuracy": 0.9686520376175548,
            "macro avg": {
                "precision": 0.9703879026955949,
                "recall": 0.9613275613275613,
                "f1-score": 0.965700178590188,
                "support": 319.0
            },
            "weighted avg": {
                "precision": 0.9687628375161531,
                "recall": 0.9686520376175548,
                "f1-score": 0.9685547235836858,
                "support": 319.0
            },
            "cross-entropy": 0.15695323432125555,
            "score": 0.9686520376175548
        },
        "test": {
            "0": {
                "precision": 0.925,
                "recall": 0.961038961038961,
                "f1-score": 0.9426751592356688,
                "support": 77.0
            },
            "1": {
                "precision": 0.9605263157894737,
                "recall": 0.948051948051948,
                "f1-score": 0.954248366013072,
                "support": 77.0
            },
            "2": {
                "precision": 0.9754601226993865,
                "recall": 0.9636363636363636,
                "f1-score": 0.9695121951219512,
                "support": 165.0
            },
            "accuracy": 0.9592476489028213,
            "macro avg": {
                "precision": 0.9536621461629534,
                "recall": 0.9575757575757576,
                "f1-score": 0.9554785734568974,
                "support": 319.0
            },
            "weighted avg": {
                "precision": 0.9596753810695557,
                "recall": 0.9592476489028213,
                "f1-score": 0.9593499173644985,
                "support": 319.0
            },
            "cross-entropy": 0.19176302305122547,
            "score": 0.9592476489028213
        }
    }
}
