{
    "function": "bin.tabr_scaling.main",
    "gpus": [
        "NVIDIA RTX 6000 Ada Generation"
    ],
    "config": {
        "seed": 0,
        "batch_size": 256,
        "patience": 16,
        "n_epochs": Infinity,
        "context_size": 96,
        "data": {
            "seed": 0,
            "cache": true,
            "num_policy": null,
            "cat_policy": null,
            "path": ":data/TabZilla-OpenML-car-146821",
            "y_policy": null
        },
        "model": {
            "num_embeddings": null,
            "d_main": 254,
            "context_dropout": 0.4291136198234517,
            "d_multiplier": 2.0,
            "encoder_n_blocks": 0,
            "predictor_n_blocks": 1,
            "mixer_normalization": "auto",
            "dropout0": 0.3616580256429863,
            "dropout1": 0.0,
            "normalization": "LayerNorm",
            "activation": "ReLU"
        },
        "optimizer": {
            "type": "AdamW",
            "lr": 0.00012296071107325708,
            "weight_decay": 7.501954443620125e-06
        }
    },
    "n_parameters": 590808,
    "prediction_type": "logits",
    "best_epoch": 17,
    "metrics": {
        "train": {
            "0": {
                "precision": 0.9617834394904459,
                "recall": 0.9869281045751634,
                "f1-score": 0.9741935483870968,
                "support": 306.0
            },
            "1": {
                "precision": 0.9818181818181818,
                "recall": 0.9818181818181818,
                "f1-score": 0.9818181818181818,
                "support": 55.0
            },
            "2": {
                "precision": 0.9979144942648592,
                "recall": 0.9886363636363636,
                "f1-score": 0.9932537623248573,
                "support": 968.0
            },
            "3": {
                "precision": 0.9629629629629629,
                "recall": 0.9811320754716981,
                "f1-score": 0.9719626168224299,
                "support": 53.0
            },
            "accuracy": 0.9876989869753979,
            "macro avg": {
                "precision": 0.9761197696341124,
                "recall": 0.9846286813753518,
                "f1-score": 0.9803070273381415,
                "support": 1382.0
            },
            "weighted avg": {
                "precision": 0.9879334297897953,
                "recall": 0.9876989869753979,
                "f1-score": 0.9877618570394371,
                "support": 1382.0
            },
            "cross-entropy": 0.0436170652368997,
            "score": 0.9876989869753979
        },
        "val": {
            "0": {
                "precision": 1.0,
                "recall": 1.0,
                "f1-score": 1.0,
                "support": 39.0
            },
            "1": {
                "precision": 1.0,
                "recall": 1.0,
                "f1-score": 1.0,
                "support": 7.0
            },
            "2": {
                "precision": 1.0,
                "recall": 1.0,
                "f1-score": 1.0,
                "support": 121.0
            },
            "3": {
                "precision": 1.0,
                "recall": 1.0,
                "f1-score": 1.0,
                "support": 6.0
            },
            "accuracy": 1.0,
            "macro avg": {
                "precision": 1.0,
                "recall": 1.0,
                "f1-score": 1.0,
                "support": 173.0
            },
            "weighted avg": {
                "precision": 1.0,
                "recall": 1.0,
                "f1-score": 1.0,
                "support": 173.0
            },
            "cross-entropy": 0.034482765082333,
            "score": 1.0
        },
        "test": {
            "0": {
                "precision": 1.0,
                "recall": 0.9743589743589743,
                "f1-score": 0.987012987012987,
                "support": 39.0
            },
            "1": {
                "precision": 1.0,
                "recall": 1.0,
                "f1-score": 1.0,
                "support": 7.0
            },
            "2": {
                "precision": 1.0,
                "recall": 1.0,
                "f1-score": 1.0,
                "support": 121.0
            },
            "3": {
                "precision": 0.8571428571428571,
                "recall": 1.0,
                "f1-score": 0.9230769230769231,
                "support": 6.0
            },
            "accuracy": 0.9942196531791907,
            "macro avg": {
                "precision": 0.9642857142857143,
                "recall": 0.9935897435897436,
                "f1-score": 0.9775224775224776,
                "support": 173.0
            },
            "weighted avg": {
                "precision": 0.9950454170107349,
                "recall": 0.9942196531791907,
                "f1-score": 0.9944044394911447,
                "support": 173.0
            },
            "cross-entropy": 0.04366064850780863,
            "score": 0.9942196531791907
        }
    },
    "time": "0:00:01.448234",
    "chunk_size": null,
    "eval_batch_size": 32768
}
