{
    "function": "bin.ensemble.main",
    "config": {
        "seeds": [
            0
        ]
    },
    "single_model_function": "bin.tabr.main",
    "data": ":data/TabZilla-OpenML-credit-g-tid=31-fold=0",
    "prediction_type": "probs",
    "metrics": {
        "train": {
            "0": {
                "precision": 0.94,
                "recall": 0.7833333333333333,
                "f1-score": 0.8545454545454545,
                "support": 240.0
            },
            "1": {
                "precision": 0.9133333333333333,
                "recall": 0.9785714285714285,
                "f1-score": 0.9448275862068966,
                "support": 560.0
            },
            "accuracy": 0.92,
            "macro avg": {
                "precision": 0.9266666666666666,
                "recall": 0.8809523809523809,
                "f1-score": 0.8996865203761755,
                "support": 800.0
            },
            "weighted avg": {
                "precision": 0.9213333333333332,
                "recall": 0.92,
                "f1-score": 0.9177429467084639,
                "support": 800.0
            },
            "cross-entropy": 0.2666206946216114,
            "roc-auc": 0.9238839285714285,
            "f1-weighted": 0.9177429467084639,
            "f1-macro": 0.8996865203761755,
            "f1-micro": 0.92,
            "score": 0.92
        },
        "val": {
            "0": {
                "precision": 0.7777777777777778,
                "recall": 0.4666666666666667,
                "f1-score": 0.5833333333333334,
                "support": 30.0
            },
            "1": {
                "precision": 0.8048780487804879,
                "recall": 0.9428571428571428,
                "f1-score": 0.868421052631579,
                "support": 70.0
            },
            "accuracy": 0.8,
            "macro avg": {
                "precision": 0.7913279132791329,
                "recall": 0.7047619047619047,
                "f1-score": 0.7258771929824561,
                "support": 100.0
            },
            "weighted avg": {
                "precision": 0.7967479674796748,
                "recall": 0.8,
                "f1-score": 0.7828947368421052,
                "support": 100.0
            },
            "cross-entropy": 0.54241404484411,
            "roc-auc": 0.7661904761904762,
            "f1-weighted": 0.7828947368421052,
            "f1-macro": 0.7258771929824561,
            "f1-micro": 0.8,
            "score": 0.8
        },
        "test": {
            "0": {
                "precision": 0.7368421052631579,
                "recall": 0.4666666666666667,
                "f1-score": 0.5714285714285714,
                "support": 30.0
            },
            "1": {
                "precision": 0.8024691358024691,
                "recall": 0.9285714285714286,
                "f1-score": 0.8609271523178808,
                "support": 70.0
            },
            "accuracy": 0.79,
            "macro avg": {
                "precision": 0.7696556205328136,
                "recall": 0.6976190476190476,
                "f1-score": 0.7161778618732261,
                "support": 100.0
            },
            "weighted avg": {
                "precision": 0.7827810266406757,
                "recall": 0.79,
                "f1-score": 0.774077578051088,
                "support": 100.0
            },
            "cross-entropy": 0.49210848023111353,
            "roc-auc": 0.8614285714285714,
            "f1-weighted": 0.774077578051088,
            "f1-macro": 0.7161778618732261,
            "f1-micro": 0.79,
            "score": 0.79
        }
    }
}
