{
    "function": "bin.ensemble.main",
    "config": {
        "seeds": [
            0
        ]
    },
    "single_model_function": "bin.lightgbm_.main",
    "data": ":data/CTR23-OpenML-tid=361251-ctr23_361251-fold=0-seed=0",
    "prediction_type": null,
    "metrics": {
        "train": {
            "rmse": 0.0008850346186744499,
            "mae": 0.0006499534643301559,
            "r2": 0.9994321678505685,
            "corr": 0.9997183150145632,
            "score": -0.0008850346186744499
        },
        "val": {
            "rmse": 0.007691188271602562,
            "mae": 0.005646424069209544,
            "r2": 0.954132175565966,
            "corr": 0.9771574686198921,
            "score": -0.007691188271602562
        },
        "test": {
            "rmse": 0.007660413868011659,
            "mae": 0.0055443804330647705,
            "r2": 0.9564381007062869,
            "corr": 0.9783807243843227,
            "score": -0.007660413868011659
        }
    }
}
