{
    "function": "bin.lightgbm_.main",
    "gpus": [
        "NVIDIA RTX 6000 Ada Generation",
        "NVIDIA RTX 6000 Ada Generation"
    ],
    "config": {
        "seed": 0,
        "data": {
            "seed": 0,
            "num_policy": "quantile",
            "cat_policy": null,
            "y_policy": "standard",
            "cache": true,
            "path": ":data/CTR23-OpenML-tid=361622-ctr23_361622-fold=1-seed=0"
        },
        "model": {
            "n_estimators": 4000,
            "n_jobs": 4,
            "early_stopping_rounds": 200,
            "feature_fraction": 0.5915956810035584,
            "lambda_l2": 0.0,
            "learning_rate": 0.3067750867937877,
            "num_leaves": 7,
            "min_sum_hessian_in_leaf": 1.1665388871103268,
            "bagging_fraction": 0.6350039865960824
        },
        "fit": {}
    },
    "prediction_type": null,
    "time": "0:00:00.050020",
    "best_iteration": 174,
    "metrics": {
        "train": {
            "rmse": 1555.9886686865639,
            "mae": 1148.4098926104016,
            "r2": 0.9748079799508446,
            "corr": 0.9873413165517848,
            "score": -1555.9886686865639
        },
        "val": {
            "rmse": 2204.2328370813984,
            "mae": 1606.7344391279894,
            "r2": 0.9565114211117782,
            "corr": 0.9785068222582886,
            "score": -2204.2328370813984
        },
        "test": {
            "rmse": 2380.0361097751775,
            "mae": 1578.3501340548828,
            "r2": 0.9350342447889701,
            "corr": 0.967236328769455,
            "score": -2380.0361097751775
        }
    }
}
