{
    "function": "bin.ensemble.main",
    "config": {
        "seeds": [
            0
        ]
    },
    "single_model_function": "bin.xgboost_.main",
    "data": ":data/CTR23-OpenML-tid=361619-ctr23_361619-fold=1-seed=0",
    "prediction_type": null,
    "metrics": {
        "train": {
            "rmse": 1.3269147101726517,
            "mae": 1.0222070577335955,
            "r2": 0.8092261552810669,
            "corr": 0.9142531694244442,
            "score": -1.3269147101726517
        },
        "val": {
            "rmse": 3.077555835559888,
            "mae": 2.1541606419029904,
            "r2": 0.3381562829017639,
            "corr": 0.5839248155602794,
            "score": -3.077555835559888
        },
        "test": {
            "rmse": 3.416646433054626,
            "mae": 2.2606704139382856,
            "r2": 0.1094825267791748,
            "corr": 0.42863718024242714,
            "score": -3.416646433054626
        }
    }
}
