{
    "function": "bin.ffn.main",
    "gpus": [
        "NVIDIA RTX 6000 Ada Generation"
    ],
    "config": {
        "seed": 0,
        "batch_size": 256,
        "patience": 16,
        "n_epochs": Infinity,
        "data": {
            "seed": 0,
            "cache": true,
            "num_policy": "quantile",
            "cat_policy": null,
            "y_policy": null,
            "path": ":data/TabZilla-OpenML-pc4-tid=3902-fold=0"
        },
        "optimizer": {
            "type": "AdamW",
            "lr": 0.0004548624208721939,
            "weight_decay": 3.4674958213764543e-06
        },
        "model": {
            "backbone": {
                "type": "MLP",
                "n_blocks": 5,
                "d_layer": 988,
                "dropout": 0.2960209656359195,
                "activation": "ReLU"
            },
            "num_embeddings": {
                "type": "PLREmbeddings",
                "n_frequencies": 62,
                "frequency_scale": 0.07804166575000096,
                "d_embedding": 62,
                "lite": true
            }
        }
    },
    "n_parameters": 6187021,
    "prediction_type": "logits",
    "best_epoch": 28,
    "metrics": {
        "train": {
            "0": {
                "precision": 0.9428838951310862,
                "recall": 0.9833984375,
                "f1-score": 0.9627151051625239,
                "support": 1024.0
            },
            "1": {
                "precision": 0.826530612244898,
                "recall": 0.5704225352112676,
                "f1-score": 0.675,
                "support": 142.0
            },
            "accuracy": 0.9331046312178388,
            "macro avg": {
                "precision": 0.8847072536879921,
                "recall": 0.7769104863556338,
                "f1-score": 0.818857552581262,
                "support": 1166.0
            },
            "weighted avg": {
                "precision": 0.9287139412976053,
                "recall": 0.9331046312178388,
                "f1-score": 0.9276760443279798,
                "support": 1166.0
            },
            "cross-entropy": 0.13296946085614236,
            "roc-auc": 0.9787425726232394,
            "f1-weighted": 0.9276760443279798,
            "f1-macro": 0.818857552581262,
            "f1-micro": 0.9331046312178388,
            "score": 0.9331046312178388
        },
        "val": {
            "0": {
                "precision": 0.9318181818181818,
                "recall": 0.9609375,
                "f1-score": 0.9461538461538461,
                "support": 128.0
            },
            "1": {
                "precision": 0.6428571428571429,
                "recall": 0.5,
                "f1-score": 0.5625,
                "support": 18.0
            },
            "accuracy": 0.9041095890410958,
            "macro avg": {
                "precision": 0.7873376623376623,
                "recall": 0.73046875,
                "f1-score": 0.7543269230769231,
                "support": 146.0
            },
            "weighted avg": {
                "precision": 0.8961928482476427,
                "recall": 0.9041095890410958,
                "f1-score": 0.898854056902002,
                "support": 146.0
            },
            "cross-entropy": 0.23663294901374612,
            "roc-auc": 0.9175347222222222,
            "f1-weighted": 0.898854056902002,
            "f1-macro": 0.7543269230769231,
            "f1-micro": 0.9041095890410958,
            "score": 0.9041095890410958
        },
        "test": {
            "0": {
                "precision": 0.924812030075188,
                "recall": 0.9609375,
                "f1-score": 0.9425287356321839,
                "support": 128.0
            },
            "1": {
                "precision": 0.6153846153846154,
                "recall": 0.4444444444444444,
                "f1-score": 0.5161290322580645,
                "support": 18.0
            },
            "accuracy": 0.8972602739726028,
            "macro avg": {
                "precision": 0.7700983227299016,
                "recall": 0.7026909722222222,
                "f1-score": 0.7293288839451242,
                "support": 146.0
            },
            "weighted avg": {
                "precision": 0.8866634447023777,
                "recall": 0.8972602739726028,
                "f1-score": 0.8899589091887993,
                "support": 146.0
            },
            "cross-entropy": 0.22937507243625674,
            "roc-auc": 0.9327256944444444,
            "f1-weighted": 0.8899589091887993,
            "f1-macro": 0.7293288839451242,
            "f1-micro": 0.8972602739726028,
            "score": 0.8972602739726028
        }
    },
    "time": "0:00:01.761169",
    "chunk_size": null,
    "eval_batch_size": 32768
}
