{
    "function": "bin.ensemble.main",
    "config": {
        "seeds": [
            0
        ]
    },
    "single_model_function": "bin.tabr.main",
    "data": ":data/CTR23-OpenML-tid=361618-ctr23_361618-fold=1-seed=0",
    "prediction_type": null,
    "metrics": {
        "train": {
            "rmse": 59.32516685460564,
            "mae": 19.35195382057009,
            "r2": 0.08365142345428467,
            "corr": 0.3159861165042845,
            "score": -59.32516685460564
        },
        "val": {
            "rmse": 85.51526105559427,
            "mae": 26.152135855100596,
            "r2": 0.03846162557601929,
            "corr": 0.22324025937024752,
            "score": -85.51526105559427
        },
        "test": {
            "rmse": 18.42975895315579,
            "mae": 13.719453609519462,
            "r2": -0.6169794797897339,
            "corr": 0.06481483907317834,
            "score": -18.42975895315579
        }
    }
}
