{
    "function": "bin.lightgbm_.main",
    "gpus": [
        "NVIDIA RTX 6000 Ada Generation",
        "NVIDIA RTX 6000 Ada Generation"
    ],
    "config": {
        "seed": 0,
        "data": {
            "seed": 0,
            "num_policy": "quantile",
            "cat_policy": "one-hot",
            "y_policy": "standard",
            "cache": true,
            "path": ":data/CTR23-OpenML-tid=361267-ctr23_361267-fold=0-seed=0"
        },
        "model": {
            "n_estimators": 4000,
            "n_jobs": 4,
            "early_stopping_rounds": 200,
            "feature_fraction": 0.5336248157316243,
            "lambda_l2": 0.0,
            "learning_rate": 0.04071342449064846,
            "num_leaves": 689,
            "min_sum_hessian_in_leaf": 87.50516426087297,
            "bagging_fraction": 0.608448492199237
        },
        "fit": {}
    },
    "prediction_type": null,
    "time": "0:00:00.282411",
    "best_iteration": 35,
    "metrics": {
        "train": {
            "rmse": 17586.043678964088,
            "mae": 2137.7229982320405,
            "r2": 0.09975208557228576,
            "corr": 0.3505777403650995,
            "score": -17586.043678964088
        },
        "val": {
            "rmse": 2713.507834157136,
            "mae": 1853.8824803996324,
            "r2": 0.6400482260082618,
            "corr": 0.8039468780436299,
            "score": -2713.507834157136
        },
        "test": {
            "rmse": 9932.057230405659,
            "mae": 2120.540615625087,
            "r2": 0.10142958946733227,
            "corr": 0.32256468097603513,
            "score": -9932.057230405659
        }
    }
}
