{
    "function": "bin.ensemble.main",
    "config": {
        "seeds": [
            0
        ]
    },
    "single_model_function": "bin.ffn.main",
    "data": ":data/TabZilla-OpenML-eucalyptus-tid=2079-fold=0",
    "prediction_type": "probs",
    "metrics": {
        "train": {
            "0": {
                "precision": 0.7522123893805309,
                "recall": 0.8173076923076923,
                "f1-score": 0.783410138248848,
                "support": 104.0
            },
            "1": {
                "precision": 0.6739130434782609,
                "recall": 0.7469879518072289,
                "f1-score": 0.7085714285714285,
                "support": 83.0
            },
            "2": {
                "precision": 0.7837837837837838,
                "recall": 0.6744186046511628,
                "f1-score": 0.725,
                "support": 172.0
            },
            "3": {
                "precision": 0.8470588235294118,
                "recall": 0.8470588235294118,
                "f1-score": 0.8470588235294118,
                "support": 85.0
            },
            "4": {
                "precision": 0.9266666666666666,
                "recall": 0.9652777777777778,
                "f1-score": 0.9455782312925171,
                "support": 144.0
            },
            "accuracy": 0.8061224489795918,
            "macro avg": {
                "precision": 0.7967269413677308,
                "recall": 0.8102101700146548,
                "f1-score": 0.8019237243284412,
                "support": 588.0
            },
            "weighted avg": {
                "precision": 0.8068293910120437,
                "recall": 0.8061224489795918,
                "f1-score": 0.8046757623391687,
                "support": 588.0
            },
            "cross-entropy": 0.41991525376557226,
            "roc-auc": 0.9709281164588728,
            "f1-weighted": 0.8046757623391687,
            "f1-macro": 0.8019237243284412,
            "f1-micro": 0.8061224489795918,
            "score": 0.8061224489795918
        },
        "val": {
            "0": {
                "precision": 0.7857142857142857,
                "recall": 0.8461538461538461,
                "f1-score": 0.8148148148148148,
                "support": 13.0
            },
            "1": {
                "precision": 0.75,
                "recall": 0.8181818181818182,
                "f1-score": 0.782608695652174,
                "support": 11.0
            },
            "2": {
                "precision": 0.8181818181818182,
                "recall": 0.8571428571428571,
                "f1-score": 0.8372093023255814,
                "support": 21.0
            },
            "3": {
                "precision": 0.8888888888888888,
                "recall": 0.7272727272727273,
                "f1-score": 0.8,
                "support": 11.0
            },
            "4": {
                "precision": 1.0,
                "recall": 0.9444444444444444,
                "f1-score": 0.9714285714285714,
                "support": 18.0
            },
            "accuracy": 0.8513513513513513,
            "macro avg": {
                "precision": 0.8485569985569985,
                "recall": 0.8386391386391386,
                "f1-score": 0.8412122768442284,
                "support": 74.0
            },
            "weighted avg": {
                "precision": 0.857079482079482,
                "recall": 0.8513513513513513,
                "f1-score": 0.8522756470178108,
                "support": 74.0
            },
            "cross-entropy": 0.5814351747792309,
            "roc-auc": 0.9638278388278388,
            "f1-weighted": 0.8522756470178108,
            "f1-macro": 0.8412122768442284,
            "f1-micro": 0.8513513513513513,
            "score": 0.8513513513513513
        },
        "test": {
            "0": {
                "precision": 0.6,
                "recall": 0.6923076923076923,
                "f1-score": 0.6428571428571429,
                "support": 13.0
            },
            "1": {
                "precision": 0.625,
                "recall": 0.45454545454545453,
                "f1-score": 0.5263157894736842,
                "support": 11.0
            },
            "2": {
                "precision": 0.6190476190476191,
                "recall": 0.6190476190476191,
                "f1-score": 0.6190476190476191,
                "support": 21.0
            },
            "3": {
                "precision": 0.6,
                "recall": 0.5454545454545454,
                "f1-score": 0.5714285714285714,
                "support": 11.0
            },
            "4": {
                "precision": 0.8,
                "recall": 0.8888888888888888,
                "f1-score": 0.8421052631578947,
                "support": 18.0
            },
            "accuracy": 0.6621621621621622,
            "macro avg": {
                "precision": 0.648809523809524,
                "recall": 0.64004884004884,
                "f1-score": 0.6403508771929824,
                "support": 74.0
            },
            "weighted avg": {
                "precision": 0.6577702702702702,
                "recall": 0.6621621621621622,
                "f1-score": 0.6566246697825644,
                "support": 74.0
            },
            "cross-entropy": 0.7236476197891882,
            "roc-auc": 0.9257992007992006,
            "f1-weighted": 0.6566246697825644,
            "f1-macro": 0.6403508771929824,
            "f1-micro": 0.6621621621621622,
            "score": 0.6621621621621622
        }
    }
}
