{
    "function": "bin.lightgbm_.main",
    "gpus": [
        "NVIDIA RTX 6000 Ada Generation",
        "NVIDIA RTX 6000 Ada Generation"
    ],
    "config": {
        "seed": 0,
        "data": {
            "seed": 0,
            "num_policy": "quantile",
            "cat_policy": null,
            "y_policy": "standard",
            "cache": true,
            "path": ":data/CTR23-OpenML-tid=361255-ctr23_361255-fold=0-seed=0"
        },
        "model": {
            "n_estimators": 4000,
            "n_jobs": 4,
            "early_stopping_rounds": 200,
            "feature_fraction": 0.7193007567311602,
            "lambda_l2": 0.0,
            "learning_rate": 0.004232824558620119,
            "num_leaves": 127,
            "min_sum_hessian_in_leaf": 0.8291821660947629,
            "bagging_fraction": 0.626645801269891
        },
        "fit": {}
    },
    "prediction_type": null,
    "time": "0:00:07.716774",
    "best_iteration": 3904,
    "metrics": {
        "train": {
            "rmse": 22645.966020894462,
            "mae": 15559.074409089364,
            "r2": 0.9612273854689263,
            "corr": 0.9809965268283474,
            "score": -22645.966020894462
        },
        "val": {
            "rmse": 46674.350804787,
            "mae": 29585.70884478925,
            "r2": 0.8429655039570498,
            "corr": 0.918183972021378,
            "score": -46674.350804787
        },
        "test": {
            "rmse": 41554.000120262855,
            "mae": 28055.82382866532,
            "r2": 0.8683910819958413,
            "corr": 0.9320919772735586,
            "score": -41554.000120262855
        }
    }
}
