{
    "function": "bin.ensemble.main",
    "config": {
        "seeds": [
            0
        ]
    },
    "single_model_function": "bin.tabr_scaling.main",
    "data": ":data/TabZilla-OpenML-pc3-tid=3903-fold=0",
    "prediction_type": "probs",
    "metrics": {
        "train": {
            "0": {
                "precision": 0.9579037800687286,
                "recall": 0.9946476360392507,
                "f1-score": 0.975929978118162,
                "support": 1121.0
            },
            "1": {
                "precision": 0.9294117647058824,
                "recall": 0.6171875,
                "f1-score": 0.7417840375586855,
                "support": 128.0
            },
            "accuracy": 0.955964771817454,
            "macro avg": {
                "precision": 0.9436577723873054,
                "recall": 0.8059175680196253,
                "f1-score": 0.8588570078384237,
                "support": 1249.0
            },
            "weighted avg": {
                "precision": 0.9549838617609269,
                "recall": 0.955964771817454,
                "f1-score": 0.9519342372121469,
                "support": 1249.0
            },
            "cross-entropy": 0.13708943501402907,
            "roc-auc": 0.9578780107047279,
            "f1-weighted": 0.9519342372121469,
            "f1-macro": 0.8588570078384237,
            "f1-micro": 0.955964771817454,
            "score": 0.955964771817454
        },
        "val": {
            "0": {
                "precision": 0.9315068493150684,
                "recall": 0.9645390070921985,
                "f1-score": 0.9477351916376306,
                "support": 141.0
            },
            "1": {
                "precision": 0.5454545454545454,
                "recall": 0.375,
                "f1-score": 0.4444444444444444,
                "support": 16.0
            },
            "accuracy": 0.9044585987261147,
            "macro avg": {
                "precision": 0.7384806973848069,
                "recall": 0.6697695035460993,
                "f1-score": 0.6960898180410375,
                "support": 157.0
            },
            "weighted avg": {
                "precision": 0.8921639393674992,
                "recall": 0.9044585987261147,
                "f1-score": 0.8964444148536117,
                "support": 157.0
            },
            "cross-entropy": 0.26878967025976197,
            "roc-auc": 0.8160460992907802,
            "f1-weighted": 0.8964444148536117,
            "f1-macro": 0.6960898180410375,
            "f1-micro": 0.9044585987261147,
            "score": 0.9044585987261147
        },
        "test": {
            "0": {
                "precision": 0.9027777777777778,
                "recall": 0.9219858156028369,
                "f1-score": 0.9122807017543859,
                "support": 141.0
            },
            "1": {
                "precision": 0.15384615384615385,
                "recall": 0.125,
                "f1-score": 0.13793103448275862,
                "support": 16.0
            },
            "accuracy": 0.8407643312101911,
            "macro avg": {
                "precision": 0.5283119658119658,
                "recall": 0.5234929078014184,
                "f1-score": 0.5251058681185723,
                "support": 157.0
            },
            "weighted avg": {
                "precision": 0.8264535358484404,
                "recall": 0.8407643312101911,
                "f1-score": 0.8333660859814811,
                "support": 157.0
            },
            "cross-entropy": 0.5032208844271717,
            "roc-auc": 0.6906028368794326,
            "f1-weighted": 0.8333660859814811,
            "f1-macro": 0.5251058681185723,
            "f1-micro": 0.8407643312101911,
            "score": 0.8407643312101911
        }
    }
}
