{
    "function": "bin.catboost_.main",
    "gpus": [
        "NVIDIA RTX 6000 Ada Generation",
        "NVIDIA RTX 6000 Ada Generation"
    ],
    "config": {
        "seed": 0,
        "data": {
            "seed": 0,
            "num_policy": "quantile",
            "cat_policy": null,
            "y_policy": null,
            "cache": true,
            "path": ":data/TabZilla-OpenML-blood-transfusion-service-center-tid=10101-fold=0"
        },
        "model": {
            "iterations": 4000,
            "early_stopping_rounds": 200,
            "od_pval": 0.001,
            "bagging_temperature": 0.5488135039273248,
            "depth": 11,
            "l2_leaf_reg": 6.067357423109274,
            "leaf_estimation_iterations": 6,
            "learning_rate": 0.018662266976517967,
            "task_type": "CPU",
            "thread_count": 4
        },
        "fit": {
            "logging_level": "Verbose"
        }
    },
    "prediction_type": "probs",
    "time": "0:00:00.408422",
    "best_iteration": 0,
    "metrics": {
        "train": {
            "0": {
                "precision": 0.8146067415730337,
                "recall": 0.9539473684210527,
                "f1-score": 0.8787878787878788,
                "support": 456.0
            },
            "1": {
                "precision": 0.671875,
                "recall": 0.3028169014084507,
                "f1-score": 0.4174757281553398,
                "support": 142.0
            },
            "accuracy": 0.7993311036789298,
            "macro avg": {
                "precision": 0.7432408707865168,
                "recall": 0.6283821349147517,
                "f1-score": 0.6481318034716093,
                "support": 598.0
            },
            "weighted avg": {
                "precision": 0.7807139199954906,
                "recall": 0.7993311036789298,
                "f1-score": 0.7692455286376773,
                "support": 598.0
            },
            "cross-entropy": 0.6848375992482693,
            "roc-auc": 0.7514208055349642,
            "f1-weighted": 0.7692455286376773,
            "f1-macro": 0.6481318034716093,
            "f1-micro": 0.7993311036789298,
            "score": 0.7993311036789298
        },
        "val": {
            "0": {
                "precision": 0.8484848484848485,
                "recall": 0.9824561403508771,
                "f1-score": 0.9105691056910569,
                "support": 57.0
            },
            "1": {
                "precision": 0.8888888888888888,
                "recall": 0.4444444444444444,
                "f1-score": 0.5925925925925926,
                "support": 18.0
            },
            "accuracy": 0.8533333333333334,
            "macro avg": {
                "precision": 0.8686868686868687,
                "recall": 0.7134502923976608,
                "f1-score": 0.7515808491418248,
                "support": 75.0
            },
            "weighted avg": {
                "precision": 0.8581818181818183,
                "recall": 0.8533333333333334,
                "f1-score": 0.8342547425474254,
                "support": 75.0
            },
            "cross-entropy": 0.6839449097524584,
            "roc-auc": 0.7958089668615985,
            "f1-weighted": 0.8342547425474254,
            "f1-macro": 0.7515808491418248,
            "f1-micro": 0.8533333333333334,
            "score": 0.8533333333333334
        },
        "test": {
            "0": {
                "precision": 0.7794117647058824,
                "recall": 0.9298245614035088,
                "f1-score": 0.848,
                "support": 57.0
            },
            "1": {
                "precision": 0.42857142857142855,
                "recall": 0.16666666666666666,
                "f1-score": 0.24,
                "support": 18.0
            },
            "accuracy": 0.7466666666666667,
            "macro avg": {
                "precision": 0.6039915966386554,
                "recall": 0.5482456140350878,
                "f1-score": 0.544,
                "support": 75.0
            },
            "weighted avg": {
                "precision": 0.6952100840336135,
                "recall": 0.7466666666666667,
                "f1-score": 0.70208,
                "support": 75.0
            },
            "cross-entropy": 0.6859845766070656,
            "roc-auc": 0.7149122807017544,
            "f1-weighted": 0.70208,
            "f1-macro": 0.544,
            "f1-micro": 0.7466666666666667,
            "score": 0.7466666666666667
        }
    }
}
