{
    "function": "bin.ensemble.main",
    "config": {
        "seeds": [
            0
        ]
    },
    "single_model_function": "bin.ffn.main",
    "data": ":data/CTR23-OpenML-tid=361242-ctr23_361242-seed=0",
    "prediction_type": null,
    "metrics": {
        "train": {
            "rmse": 6.2631661649682435,
            "mae": 3.615366721750661,
            "r2": 0.966874361038208,
            "corr": 0.9835832757386153,
            "score": -6.2631661649682435
        },
        "val": {
            "rmse": 9.037481183093144,
            "mae": 5.264049177972083,
            "r2": 0.9292764663696289,
            "corr": 0.9640343807039281,
            "score": -9.037481183093144
        },
        "test": {
            "rmse": 9.684220473010713,
            "mae": 5.3943160234712195,
            "r2": 0.9160386323928833,
            "corr": 0.957205417570208,
            "score": -9.684220473010713
        }
    }
}
