{
    "function": "bin.ensemble.main",
    "config": {
        "seeds": [
            0
        ]
    },
    "single_model_function": "bin.xgboost_.main",
    "data": ":data/CTR23-OpenML-tid=361251-ctr23_361251-seed=0",
    "prediction_type": null,
    "metrics": {
        "train": {
            "rmse": 0.0008063733105534463,
            "mae": 0.0006321682016003916,
            "r2": 0.9995286464691162,
            "corr": 0.9997658194931864,
            "score": -0.0008063733105534463
        },
        "val": {
            "rmse": 0.007480761734508825,
            "mae": 0.005393017882987294,
            "r2": 0.9566076993942261,
            "corr": 0.978241102169033,
            "score": -0.007480761734508825
        },
        "test": {
            "rmse": 0.007163903476870647,
            "mae": 0.005022929409225885,
            "r2": 0.9619020223617554,
            "corr": 0.9811352503041307,
            "score": -0.007163903476870647
        }
    }
}
