{
    "function": "bin.ensemble.main",
    "config": {
        "seeds": [
            0
        ]
    },
    "single_model_function": "bin.lightgbm_.main",
    "data": ":data/CTR23-OpenML-tid=361244-ctr23_361244-fold=1-seed=0",
    "prediction_type": null,
    "metrics": {
        "train": {
            "rmse": 0.7535144061536895,
            "mae": 0.4311231515179712,
            "r2": 0.19054047644609184,
            "corr": 0.44651253644628797,
            "score": -0.7535144061536895
        },
        "val": {
            "rmse": 0.7930786885625334,
            "mae": 0.422068845476961,
            "r2": 0.11017980215884093,
            "corr": 0.34285119634880024,
            "score": -0.7930786885625334
        },
        "test": {
            "rmse": 0.7746223665030716,
            "mae": 0.43236970600914904,
            "r2": 0.06430723817354855,
            "corr": 0.2969407968111848,
            "score": -0.7746223665030716
        }
    }
}
