{
    "function": "bin.xgboost_.main",
    "gpus": [
        "NVIDIA RTX 6000 Ada Generation"
    ],
    "config": {
        "seed": 0,
        "data": {
            "seed": 0,
            "num_policy": "quantile",
            "cache": true,
            "cat_policy": "one-hot",
            "y_policy": "standard",
            "path": ":data/CTR23-OpenML-tid=361267-ctr23_361267-seed=0"
        },
        "model": {
            "booster": "gbtree",
            "early_stopping_rounds": 200,
            "n_estimators": 4000,
            "n_jobs": 1,
            "tree_method": "gpu_hist",
            "use_label_encoder": false,
            "colsample_byree": 0.5740704304740825,
            "gamma": 0,
            "lambda": 0.5459705437699814,
            "learning_rate": 0.0025745469436710515,
            "max_depth": 12,
            "min_child_weight": 0.0013774868811120627,
            "subsample": 0.755659491273228
        },
        "fit": {
            "verbose": true
        },
        "neighbors": null
    },
    "prediction_type": null,
    "time": "0:01:14.180812",
    "best_iteration": 1341,
    "metrics": {
        "train": {
            "rmse": 2118.331955153513,
            "mae": 831.6043280268786,
            "r2": 0.9869378805160522,
            "corr": 0.9976586255933428,
            "score": -2118.331955153513
        },
        "val": {
            "rmse": 2314.0762835951186,
            "mae": 1437.8879896597937,
            "r2": 0.7382193803787231,
            "corr": 0.8595526420542681,
            "score": -2314.0762835951186
        },
        "test": {
            "rmse": 9848.889268281064,
            "mae": 1702.1838320913957,
            "r2": 0.11641538143157959,
            "corr": 0.34237218700382754,
            "score": -9848.889268281064
        }
    }
}
