{
    "function": "bin.tabr_scaling.main",
    "gpus": [
        "NVIDIA RTX 6000 Ada Generation"
    ],
    "config": {
        "seed": 0,
        "batch_size": 256,
        "patience": 16,
        "n_epochs": Infinity,
        "context_size": 96,
        "data": {
            "seed": 0,
            "cache": true,
            "num_policy": "quantile",
            "cat_policy": null,
            "path": ":data/CTR23-OpenML-tid=361250-ctr23_361250-seed=0",
            "y_policy": "standard"
        },
        "optimizer": {
            "type": "AdamW",
            "lr": 0.0007717846862118063,
            "weight_decay": 0.0
        },
        "model": {
            "num_embeddings": null,
            "d_main": 222,
            "context_dropout": 0.4185787175563589,
            "d_multiplier": 2.0,
            "encoder_n_blocks": 0,
            "predictor_n_blocks": 1,
            "mixer_normalization": "auto",
            "dropout0": 0.0361352829775619,
            "dropout1": 0.0,
            "normalization": "LayerNorm",
            "activation": "ReLU"
        }
    },
    "n_parameters": 449107,
    "prediction_type": null,
    "best_epoch": 14,
    "metrics": {
        "train": {
            "rmse": 0.4939113439532417,
            "mae": 0.3636872808486551,
            "r2": 0.6258838176727295,
            "corr": 0.791690562856825,
            "score": -0.4939113439532417
        },
        "val": {
            "rmse": 0.5619740072464091,
            "mae": 0.41357695697054453,
            "r2": 0.4954506754875183,
            "corr": 0.7087952094957255,
            "score": -0.5619740072464091
        },
        "test": {
            "rmse": 0.6297553373738565,
            "mae": 0.4721849579218329,
            "r2": 0.4191458821296692,
            "corr": 0.6515129906998658,
            "score": -0.6297553373738565
        }
    },
    "time": "0:00:01.517025",
    "chunk_size": null,
    "eval_batch_size": 32768
}
