{
    "function": "bin.tabr_scaling.main",
    "gpus": [
        "NVIDIA RTX 6000 Ada Generation"
    ],
    "config": {
        "seed": 0,
        "batch_size": 256,
        "patience": 16,
        "n_epochs": Infinity,
        "context_size": 96,
        "data": {
            "seed": 0,
            "cache": true,
            "num_policy": "quantile",
            "cat_policy": null,
            "path": ":data/TabZilla-OpenML-CIFAR_10-167124",
            "y_policy": null
        },
        "model": {
            "num_embeddings": null,
            "d_main": 254,
            "context_dropout": 0.4291136198234517,
            "d_multiplier": 2.0,
            "encoder_n_blocks": 0,
            "predictor_n_blocks": 1,
            "mixer_normalization": "auto",
            "dropout0": 0.3616580256429863,
            "dropout1": 0.0,
            "normalization": "LayerNorm",
            "activation": "ReLU"
        },
        "optimizer": {
            "type": "AdamW",
            "lr": 0.00012296071107325708,
            "weight_decay": 7.501954443620125e-06
        }
    },
    "n_parameters": 1368816,
    "prediction_type": "logits",
    "best_epoch": 25,
    "metrics": {
        "train": {
            "0": {
                "precision": 0.8382449246889325,
                "recall": 0.8,
                "f1-score": 0.818676047329709,
                "support": 4800.0
            },
            "1": {
                "precision": 0.8728106755629691,
                "recall": 0.8720833333333333,
                "f1-score": 0.8724468528553564,
                "support": 4800.0
            },
            "2": {
                "precision": 0.7411999114456498,
                "recall": 0.6975,
                "f1-score": 0.7186862724052807,
                "support": 4800.0
            },
            "3": {
                "precision": 0.6386185842396489,
                "recall": 0.6972916666666666,
                "f1-score": 0.6666666666666666,
                "support": 4800.0
            },
            "4": {
                "precision": 0.7816194512603167,
                "recall": 0.73,
                "f1-score": 0.754928363675536,
                "support": 4800.0
            },
            "5": {
                "precision": 0.7540865384615385,
                "recall": 0.6535416666666667,
                "f1-score": 0.7002232142857143,
                "support": 4800.0
            },
            "6": {
                "precision": 0.8214637995659894,
                "recall": 0.8675,
                "f1-score": 0.843854493869693,
                "support": 4800.0
            },
            "7": {
                "precision": 0.8031843468252445,
                "recall": 0.8722916666666667,
                "f1-score": 0.8363127933686207,
                "support": 4800.0
            },
            "8": {
                "precision": 0.8130984297204137,
                "recall": 0.8845833333333334,
                "f1-score": 0.8473358611055678,
                "support": 4800.0
            },
            "9": {
                "precision": 0.8533276812208563,
                "recall": 0.83875,
                "f1-score": 0.8459760453876864,
                "support": 4800.0
            },
            "accuracy": 0.7913541666666667,
            "macro avg": {
                "precision": 0.7917654342991559,
                "recall": 0.7913541666666666,
                "f1-score": 0.7905106610949831,
                "support": 48000.0
            },
            "weighted avg": {
                "precision": 0.7917654342991559,
                "recall": 0.7913541666666667,
                "f1-score": 0.790510661094983,
                "support": 48000.0
            },
            "cross-entropy": 0.6574149988860739,
            "score": 0.7913541666666667
        },
        "val": {
            "0": {
                "precision": 0.6527050610820244,
                "recall": 0.6233333333333333,
                "f1-score": 0.6376811594202898,
                "support": 600.0
            },
            "1": {
                "precision": 0.6914191419141914,
                "recall": 0.6983333333333334,
                "f1-score": 0.6948590381426202,
                "support": 600.0
            },
            "2": {
                "precision": 0.5223880597014925,
                "recall": 0.4666666666666667,
                "f1-score": 0.49295774647887325,
                "support": 600.0
            },
            "3": {
                "precision": 0.4342105263157895,
                "recall": 0.495,
                "f1-score": 0.46261682242990654,
                "support": 600.0
            },
            "4": {
                "precision": 0.5490196078431373,
                "recall": 0.5133333333333333,
                "f1-score": 0.5305770887166236,
                "support": 600.0
            },
            "5": {
                "precision": 0.5088757396449705,
                "recall": 0.43,
                "f1-score": 0.46612466124661245,
                "support": 600.0
            },
            "6": {
                "precision": 0.6311475409836066,
                "recall": 0.6416666666666667,
                "f1-score": 0.6363636363636364,
                "support": 600.0
            },
            "7": {
                "precision": 0.6234939759036144,
                "recall": 0.69,
                "f1-score": 0.6550632911392406,
                "support": 600.0
            },
            "8": {
                "precision": 0.6431718061674009,
                "recall": 0.73,
                "f1-score": 0.6838407494145199,
                "support": 600.0
            },
            "9": {
                "precision": 0.657439446366782,
                "recall": 0.6333333333333333,
                "f1-score": 0.6451612903225806,
                "support": 600.0
            },
            "accuracy": 0.5921666666666666,
            "macro avg": {
                "precision": 0.591387090592301,
                "recall": 0.5921666666666667,
                "f1-score": 0.5905245483674904,
                "support": 6000.0
            },
            "weighted avg": {
                "precision": 0.591387090592301,
                "recall": 0.5921666666666666,
                "f1-score": 0.5905245483674902,
                "support": 6000.0
            },
            "cross-entropy": 1.2072617771402194,
            "score": 0.5921666666666666
        },
        "test": {
            "0": {
                "precision": 0.6252100840336134,
                "recall": 0.62,
                "f1-score": 0.6225941422594142,
                "support": 600.0
            },
            "1": {
                "precision": 0.712280701754386,
                "recall": 0.6766666666666666,
                "f1-score": 0.694017094017094,
                "support": 600.0
            },
            "2": {
                "precision": 0.46223021582733814,
                "recall": 0.42833333333333334,
                "f1-score": 0.444636678200692,
                "support": 600.0
            },
            "3": {
                "precision": 0.3538011695906433,
                "recall": 0.4033333333333333,
                "f1-score": 0.37694704049844235,
                "support": 600.0
            },
            "4": {
                "precision": 0.5355871886120996,
                "recall": 0.5016666666666667,
                "f1-score": 0.5180722891566265,
                "support": 600.0
            },
            "5": {
                "precision": 0.45621181262729127,
                "recall": 0.37333333333333335,
                "f1-score": 0.4106324472960587,
                "support": 600.0
            },
            "6": {
                "precision": 0.5878693623639192,
                "recall": 0.63,
                "f1-score": 0.6082059533386966,
                "support": 600.0
            },