{
    "function": "bin.ensemble.main",
    "config": {
        "seeds": [
            0
        ]
    },
    "single_model_function": "bin.lightgbm_.main",
    "data": ":data/CTR23-OpenML-tid=361617-ctr23_361617-fold=1-seed=0",
    "prediction_type": null,
    "metrics": {
        "train": {
            "rmse": 0.08498250470553977,
            "mae": 0.0604604045009163,
            "r2": 0.999927186177405,
            "corr": 0.9999635944788803,
            "score": -0.08498250470553977
        },
        "val": {
            "rmse": 0.2749945462753336,
            "mae": 0.18928446819769285,
            "r2": 0.9992870388038929,
            "corr": 0.9996437776758111,
            "score": -0.2749945462753336
        },
        "test": {
            "rmse": 0.3941618875663566,
            "mae": 0.247198844990663,
            "r2": 0.9986075617978528,
            "corr": 0.9993397480196619,
            "score": -0.3941618875663566
        }
    }
}
