{
    "function": "bin.ensemble.main",
    "config": {
        "seeds": [
            0
        ]
    },
    "single_model_function": "bin.lightgbm_.main",
    "data": ":data/CTR23-OpenML-tid=361622-ctr23_361622-fold=1-seed=0",
    "prediction_type": null,
    "metrics": {
        "train": {
            "rmse": 1555.9886686865639,
            "mae": 1148.4098926104016,
            "r2": 0.9748079799508446,
            "corr": 0.9873413165517848,
            "score": -1555.9886686865639
        },
        "val": {
            "rmse": 2204.2328370813984,
            "mae": 1606.7344391279894,
            "r2": 0.9565114211117782,
            "corr": 0.9785068222582886,
            "score": -2204.2328370813984
        },
        "test": {
            "rmse": 2380.0361097751775,
            "mae": 1578.3501340548828,
            "r2": 0.9350342447889701,
            "corr": 0.967236328769455,
            "score": -2380.0361097751775
        }
    }
}
