{
    "function": "bin.ensemble.main",
    "config": {
        "seeds": [
            0
        ]
    },
    "single_model_function": "bin.ffn.main",
    "data": ":data/CTR23-OpenML-tid=361268-ctr23_361268-seed=0",
    "prediction_type": null,
    "metrics": {
        "train": {
            "rmse": 0.28756190991212194,
            "mae": 0.21885140866190156,
            "r2": 0.9999725222587585,
            "corr": 0.9999874358920013,
            "score": -0.28756190991212194
        },
        "val": {
            "rmse": 0.3516866770502134,
            "mae": 0.2669607372362641,
            "r2": 0.9999577403068542,
            "corr": 0.9999797839171811,
            "score": -0.3516866770502134
        },
        "test": {
            "rmse": 0.3671881676377217,
            "mae": 0.27214006310041583,
            "r2": 0.9999527335166931,
            "corr": 0.9999770773249274,
            "score": -0.3671881676377217
        }
    }
}
