{
    "function": "bin.ensemble.main",
    "config": {
        "seeds": [
            0
        ]
    },
    "single_model_function": "bin.tabr.main",
    "data": ":data/TabZilla-OpenML-Bioresponse-tid=9910-fold=1",
    "prediction_type": "probs",
    "metrics": {
        "train": {
            "0": {
                "precision": 0.8607784431137725,
                "recall": 0.8375819373634378,
                "f1-score": 0.8490217792543374,
                "support": 1373.0
            },
            "1": {
                "precision": 0.8660660660660661,
                "recall": 0.8857493857493858,
                "f1-score": 0.8757971454600668,
                "support": 1628.0
            },
            "accuracy": 0.8637120959680107,
            "macro avg": {
                "precision": 0.8634222545899193,
                "recall": 0.8616656615564118,
                "f1-score": 0.8624094623572021,
                "support": 3001.0
            },
            "weighted avg": {
                "precision": 0.8636469036823609,
                "recall": 0.8637120959680107,
                "f1-score": 0.8635470362296549,
                "support": 3001.0
            },
            "cross-entropy": 0.3617949446203048,
            "roc-auc": 0.9204386635195085,
            "f1-weighted": 0.8635470362296549,
            "f1-macro": 0.8624094623572021,
            "f1-micro": 0.8637120959680107,
            "score": 0.8637120959680107
        },
        "val": {
            "0": {
                "precision": 0.8322981366459627,
                "recall": 0.7790697674418605,
                "f1-score": 0.8048048048048048,
                "support": 172.0
            },
            "1": {
                "precision": 0.822429906542056,
                "recall": 0.8669950738916257,
                "f1-score": 0.8441247002398081,
                "support": 203.0
            },
            "accuracy": 0.8266666666666667,
            "macro avg": {
                "precision": 0.8273640215940095,
                "recall": 0.8230324206667431,
                "f1-score": 0.8244647525223064,
                "support": 375.0
            },
            "weighted avg": {
                "precision": 0.8269561347497147,
                "recall": 0.8266666666666667,
                "f1-score": 0.8260899748669532,
                "support": 375.0
            },
            "cross-entropy": 0.4420865534970799,
            "roc-auc": 0.8767040898155574,
            "f1-weighted": 0.8260899748669532,
            "f1-macro": 0.8244647525223064,
            "f1-micro": 0.8266666666666667,
            "score": 0.8266666666666667
        },
        "test": {
            "0": {
                "precision": 0.7515151515151515,
                "recall": 0.7209302325581395,
                "f1-score": 0.7359050445103857,
                "support": 172.0
            },
            "1": {
                "precision": 0.7714285714285715,
                "recall": 0.7980295566502463,
                "f1-score": 0.784503631961259,
                "support": 203.0
            },
            "accuracy": 0.7626666666666667,
            "macro avg": {
                "precision": 0.7614718614718614,
                "recall": 0.759479894604193,
                "f1-score": 0.7602043382358223,
                "support": 375.0
            },
            "weighted avg": {
                "precision": 0.7622949494949496,
                "recall": 0.7626666666666667,
                "f1-score": 0.7622130798504585,
                "support": 375.0
            },
            "cross-entropy": 0.4902527304229757,
            "roc-auc": 0.8490090502921297,
            "f1-weighted": 0.7622130798504585,
            "f1-macro": 0.7602043382358223,
            "f1-micro": 0.7626666666666667,
            "score": 0.7626666666666667
        }
    }
}
