{
    "function": "bin.ffn.main",
    "gpus": [
        "NVIDIA RTX 6000 Ada Generation"
    ],
    "config": {
        "seed": 0,
        "batch_size": 256,
        "patience": 16,
        "n_epochs": Infinity,
        "data": {
            "seed": 0,
            "cache": true,
            "num_policy": "quantile",
            "cat_policy": null,
            "y_policy": null,
            "path": ":data/TabZilla-OpenML-letter-tid=6-fold=1"
        },
        "optimizer": {
            "type": "AdamW",
            "lr": 0.0004548624208721939,
            "weight_decay": 3.4674958213764543e-06
        },
        "model": {
            "backbone": {
                "type": "MLP",
                "n_blocks": 5,
                "d_layer": 988,
                "dropout": 0.2960209656359195,
                "activation": "ReLU"
            },
            "num_embeddings": {
                "type": "PLREmbeddings",
                "n_frequencies": 62,
                "frequency_scale": 0.07804166575000096,
                "d_embedding": 62,
                "lite": true
            }
        }
    },
    "n_parameters": 4924068,
    "prediction_type": "logits",
    "best_epoch": 59,
    "metrics": {
        "train": {
            "0": {
                "precision": 1.0,
                "recall": 1.0,
                "f1-score": 1.0,
                "support": 632.0
            },
            "1": {
                "precision": 0.9918962722852512,
                "recall": 1.0,
                "f1-score": 0.9959316517493898,
                "support": 612.0
            },
            "2": {
                "precision": 0.9965986394557823,
                "recall": 0.9965986394557823,
                "f1-score": 0.9965986394557823,
                "support": 588.0
            },
            "3": {
                "precision": 0.9968992248062015,
                "recall": 1.0,
                "f1-score": 0.9984472049689441,
                "support": 643.0
            },
            "4": {
                "precision": 0.9951060358890701,
                "recall": 0.991869918699187,
                "f1-score": 0.993485342019544,
                "support": 615.0
            },
            "5": {
                "precision": 0.9903691813804173,
                "recall": 0.9951612903225806,
                "f1-score": 0.9927594529364441,
                "support": 620.0
            },
            "6": {
                "precision": 0.998371335504886,
                "recall": 0.9903069466882067,
                "f1-score": 0.9943227899432279,
                "support": 619.0
            },
            "7": {
                "precision": 0.9966044142614601,
                "recall": 0.9982993197278912,
                "f1-score": 0.9974511469838573,
                "support": 588.0
            },
            "8": {
                "precision": 0.9804241435562806,
                "recall": 0.9966832504145937,
                "f1-score": 0.9884868421052632,
                "support": 603.0
            },
            "9": {
                "precision": 0.9965986394557823,
                "recall": 0.9782971619365609,
                "f1-score": 0.987363100252738,
                "support": 599.0
            },
            "10": {
                "precision": 0.9983108108108109,
                "recall": 1.0,
                "f1-score": 0.9991546914623838,
                "support": 591.0
            },
            "11": {
                "precision": 1.0,
                "recall": 1.0,
                "f1-score": 1.0,
                "support": 609.0
            },
            "12": {
                "precision": 0.9952904238618524,
                "recall": 1.0,
                "f1-score": 0.997639653815893,
                "support": 634.0
            },
            "13": {
                "precision": 1.0,
                "recall": 1.0,
                "f1-score": 1.0,
                "support": 625.0
            },
            "14": {
                "precision": 1.0,
                "recall": 0.9966832504145937,
                "f1-score": 0.9983388704318937,
                "support": 603.0
            },
            "15": {
                "precision": 1.0,
                "recall": 0.9922239502332815,
                "f1-score": 0.9960967993754879,
                "support": 643.0
            },
            "16": {
                "precision": 1.0,
                "recall": 1.0,
                "f1-score": 1.0,
                "support": 627.0
            },
            "17": {
                "precision": 1.0,
                "recall": 0.9966996699669967,
                "f1-score": 0.9983471074380166,
                "support": 606.0
            },
            "18": {
                "precision": 0.998330550918197,
                "recall": 0.998330550918197,
                "f1-score": 0.998330550918197,
                "support": 599.0
            },
            "19": {
                "precision": 0.9953198127925117,
                "recall": 1.0,
                "f1-score": 0.9976544175136826,
                "support": 638.0
            },
            "20": {
                "precision": 0.9984662576687117,
                "recall": 1.0,
                "f1-score": 0.9992325402916347,
                "support": 651.0
            },
            "21": {
                "precision": 1.0,
                "recall": 0.9901639344262295,
                "f1-score": 0.9950576606260296,
                "support": 610.0
            },
            "22": {
                "precision": 1.0,
                "recall": 1.0,
                "f1-score": 1.0,
                "support": 602.0
            },
            "23": {
                "precision": 1.0,
                "recall": 1.0,
                "f1-score": 1.0,
                "support": 629.0
            },
            "24": {
                "precision": 0.9984025559105432,
                "recall": 0.9952229299363057,
                "f1-score": 0.9968102073365231,
                "support": 628.0
            },
            "25": {
                "precision": 0.9898648648648649,
                "recall": 1.0,
                "f1-score": 0.9949066213921901,
                "support": 586.0
            },
            "accuracy": 0.9968125,
            "macro avg": {
                "precision": 0.9968020447470239,
                "recall": 0.996790031274631,
                "f1-score": 0.9967852035006585,
                "support": 16000.0
            },
            "weighted avg": {
                "precision": 0.9968317767951564,
                "recall": 0.9968125,
                "f1-score": 0.9968114544155611,
                "support": 16000.0
            },
            "cross-entropy": 0.009434237094878178,
            "roc-auc": 0.9999979016766849,
            "f1-weighted": 0.9968114544155611,
            "f1-macro": 0.9967852035006585,
            "f1-micro": 0.9968125,
            "score": 0.9968125
        },
        "val": {
            "0": {
                "precision": 0.9875,
                "recall": 1.0,
                "f1-score": 0.9937106918238994,
                "support": 79.0
            },
            "1": {
                "precision": 0.974025974025974,
                "recall": 0.974025974025974,
                "f1-score": 0.974025974025974,
                "support": 77.0
            },
            "2": {
                "precision": 0.9866666666666667,
                "recall": 1.0,
                "f1-score": 0.9932885906040269,
                "support": 74.0
            },
            "3": {
                "precision": 0.9529411764705882,
                "recall": 1.0,
                "f1-score": 0.9759036144578314,
                "support": 81.0
            },
            "4": {
                "precision": 0.935064935064935,
                "recall": 0.9473684210526315,
                "f1-score": 0.9411764705882353,
                "support": 76.0
            },