{
    "function": "bin.xgboost_.main",
    "gpus": [
        "NVIDIA RTX 6000 Ada Generation"
    ],
    "config": {
        "seed": 0,
        "data": {
            "seed": 0,
            "num_policy": "quantile",
            "cache": true,
            "cat_policy": null,
            "y_policy": "standard",
            "path": ":data/CTR23-OpenML-tid=361254-ctr23_361254-seed=0"
        },
        "model": {
            "booster": "gbtree",
            "early_stopping_rounds": 200,
            "n_estimators": 4000,
            "n_jobs": 1,
            "tree_method": "gpu_hist",
            "use_label_encoder": false,
            "colsample_byree": 0.5823470782489564,
            "gamma": 0,
            "lambda": 1.6901759275038954,
            "learning_rate": 0.04044812636651483,
            "max_depth": 10,
            "min_child_weight": 2.4028805225920222,
            "subsample": 0.6559724977398009
        },
        "fit": {
            "verbose": true
        },
        "neighbors": null
    },
    "prediction_type": null,
    "time": "0:02:30.169697",
    "best_iteration": 3975,
    "metrics": {
        "train": {
            "rmse": 0.011799171866066212,
            "mae": 0.0085578133353032,
            "r2": 0.9999996423721313,
            "corr": 0.999999832926793,
            "score": -0.011799171866066212
        },
        "val": {
            "rmse": 2.3353143413347817,
            "mae": 1.389289927523322,
            "r2": 0.9874651432037354,
            "corr": 0.9937655287371706,
            "score": -2.3353143413347817
        },
        "test": {
            "rmse": 2.283726415237955,
            "mae": 1.37467906728304,
            "r2": 0.9872750639915466,
            "corr": 0.9936679821645985,
            "score": -2.283726415237955
        }
    }
}
