{
    "function": "bin.ensemble.main",
    "config": {
        "seeds": [
            0
        ]
    },
    "single_model_function": "bin.ffn.main",
    "data": ":data/TabZilla-OpenML-sick-tid=3021-fold=1",
    "prediction_type": "probs",
    "metrics": {
        "train": {
            "0": {
                "precision": 0.9925768822905621,
                "recall": 0.9911754324038122,
                "f1-score": 0.9918756623101378,
                "support": 2833.0
            },
            "1": {
                "precision": 0.8670212765957447,
                "recall": 0.8858695652173914,
                "f1-score": 0.8763440860215054,
                "support": 184.0
            },
            "accuracy": 0.9847530659595625,
            "macro avg": {
                "precision": 0.9297990794431534,
                "recall": 0.9385224988106018,
                "f1-score": 0.9341098741658216,
                "support": 3017.0
            },
            "weighted avg": {
                "precision": 0.9849195301368178,
                "recall": 0.9847530659595625,
                "f1-score": 0.9848296530170955,
                "support": 3017.0
            },
            "cross-entropy": 0.049878745360599885,
            "roc-auc": 0.9917260086864439,
            "f1-weighted": 0.9848296530170955,
            "f1-macro": 0.9341098741658216,
            "f1-micro": 0.9847530659595625,
            "score": 0.9847530659595625
        },
        "val": {
            "0": {
                "precision": 0.9915254237288136,
                "recall": 0.9915254237288136,
                "f1-score": 0.9915254237288136,
                "support": 354.0
            },
            "1": {
                "precision": 0.8695652173913043,
                "recall": 0.8695652173913043,
                "f1-score": 0.8695652173913043,
                "support": 23.0
            },
            "accuracy": 0.9840848806366048,
            "macro avg": {
                "precision": 0.9305453205600589,
                "recall": 0.9305453205600589,
                "f1-score": 0.9305453205600589,
                "support": 377.0
            },
            "weighted avg": {
                "precision": 0.9840848806366048,
                "recall": 0.9840848806366048,
                "f1-score": 0.9840848806366048,
                "support": 377.0
            },
            "cross-entropy": 0.09654035704144551,
            "roc-auc": 0.9591009579955785,
            "f1-weighted": 0.9840848806366048,
            "f1-macro": 0.9305453205600589,
            "f1-micro": 0.9840848806366048,
            "score": 0.9840848806366048
        },
        "test": {
            "0": {
                "precision": 0.9831460674157303,
                "recall": 0.9887005649717514,
                "f1-score": 0.9859154929577465,
                "support": 354.0
            },
            "1": {
                "precision": 0.8181818181818182,
                "recall": 0.75,
                "f1-score": 0.782608695652174,
                "support": 24.0
            },
            "accuracy": 0.9735449735449735,
            "macro avg": {
                "precision": 0.9006639427987743,
                "recall": 0.8693502824858756,
                "f1-score": 0.8842620943049602,
                "support": 378.0
            },
            "weighted avg": {
                "precision": 0.9726721468294501,
                "recall": 0.9735449735449735,
                "f1-score": 0.973007124874853,
                "support": 378.0
            },
            "cross-entropy": 0.06191578799296738,
            "roc-auc": 0.990701506591337,
            "f1-weighted": 0.973007124874853,
            "f1-macro": 0.8842620943049602,
            "f1-micro": 0.9735449735449735,
            "score": 0.9735449735449735
        }
    }
}
