{
    "function": "bin.ensemble.main",
    "config": {
        "seeds": [
            0
        ]
    },
    "single_model_function": "bin.xgboost_.main",
    "data": ":data/TabZilla-OpenML-wdbc-tid=9946-fold=0",
    "prediction_type": "probs",
    "metrics": {
        "train": {
            "0": {
                "precision": 1.0,
                "recall": 1.0,
                "f1-score": 1.0,
                "support": 285.0
            },
            "1": {
                "precision": 1.0,
                "recall": 1.0,
                "f1-score": 1.0,
                "support": 170.0
            },
            "accuracy": 1.0,
            "macro avg": {
                "precision": 1.0,
                "recall": 1.0,
                "f1-score": 1.0,
                "support": 455.0
            },
            "weighted avg": {
                "precision": 1.0,
                "recall": 1.0,
                "f1-score": 1.0,
                "support": 455.0
            },
            "cross-entropy": 0.001680241298142547,
            "roc-auc": 1.0,
            "f1-weighted": 1.0,
            "f1-macro": 1.0,
            "f1-micro": 1.0,
            "score": 1.0
        },
        "val": {
            "0": {
                "precision": 1.0,
                "recall": 0.9722222222222222,
                "f1-score": 0.9859154929577465,
                "support": 36.0
            },
            "1": {
                "precision": 0.9545454545454546,
                "recall": 1.0,
                "f1-score": 0.9767441860465116,
                "support": 21.0
            },
            "accuracy": 0.9824561403508771,
            "macro avg": {
                "precision": 0.9772727272727273,
                "recall": 0.9861111111111112,
                "f1-score": 0.981329839502129,
                "support": 57.0
            },
            "weighted avg": {
                "precision": 0.9832535885167464,
                "recall": 0.9824561403508771,
                "f1-score": 0.982536590411502,
                "support": 57.0
            },
            "cross-entropy": 0.06250641279990182,
            "roc-auc": 0.9986772486772486,
            "f1-weighted": 0.982536590411502,
            "f1-macro": 0.981329839502129,
            "f1-micro": 0.9824561403508771,
            "score": 0.9824561403508771
        },
        "test": {
            "0": {
                "precision": 0.972972972972973,
                "recall": 1.0,
                "f1-score": 0.9863013698630136,
                "support": 36.0
            },
            "1": {
                "precision": 1.0,
                "recall": 0.9523809523809523,
                "f1-score": 0.975609756097561,
                "support": 21.0
            },
            "accuracy": 0.9824561403508771,
            "macro avg": {
                "precision": 0.9864864864864865,
                "recall": 0.9761904761904762,
                "f1-score": 0.9809555629802873,
                "support": 57.0
            },
            "weighted avg": {
                "precision": 0.9829302987197724,
                "recall": 0.9824561403508771,
                "f1-score": 0.9823623542652152,
                "support": 57.0
            },
            "cross-entropy": 0.04450341049851692,
            "roc-auc": 1.0,
            "f1-weighted": 0.9823623542652152,
            "f1-macro": 0.9809555629802873,
            "f1-micro": 0.9824561403508771,
            "score": 0.9824561403508771
        }
    }
}
