{
    "function": "bin.ensemble.main",
    "config": {
        "seeds": [
            0
        ]
    },
    "single_model_function": "bin.xgboost_.main",
    "data": ":data/CTR23-OpenML-tid=361253-ctr23_361253-seed=0",
    "prediction_type": null,
    "metrics": {
        "train": {
            "rmse": 6013.586968888808,
            "mae": 4768.607356127322,
            "r2": 0.9971159100532532,
            "corr": 0.9985579311550519,
            "score": -6013.586968888808
        },
        "val": {
            "rmse": 7182.275391068746,
            "mae": 5623.525358097686,
            "r2": 0.995998740196228,
            "corr": 0.9980092742171378,
            "score": -7182.275391068746
        },
        "test": {
            "rmse": 7248.867616086564,
            "mae": 5676.753930082923,
            "r2": 0.9957576394081116,
            "corr": 0.997896201812126,
            "score": -7248.867616086564
        }
    }
}
