{
    "function": "bin.ensemble.main",
    "config": {
        "seeds": [
            0
        ]
    },
    "single_model_function": "bin.tabr_scaling.main",
    "data": ":data/CTR23-OpenML-tid=361241-ctr23_361241-seed=0",
    "prediction_type": null,
    "metrics": {
        "train": {
            "rmse": 2.753156329474256,
            "mae": 1.7248238338298876,
            "r2": 0.7974147200584412,
            "corr": 0.8932181146879805,
            "score": -2.753156329474256
        },
        "val": {
            "rmse": 3.026339381876818,
            "mae": 1.8969826965417411,
            "r2": 0.7565580606460571,
            "corr": 0.8698569184638567,
            "score": -3.026339381876818
        },
        "test": {
            "rmse": 3.0583684016294135,
            "mae": 1.8931502882083464,
            "r2": 0.7490128874778748,
            "corr": 0.8655235339488914,
            "score": -3.0583684016294135
        }
    }
}
