{
    "function": "bin.ensemble.main",
    "config": {
        "seeds": [
            0
        ]
    },
    "single_model_function": "bin.ffn.main",
    "data": ":data/CTR23-OpenML-tid=361616-ctr23_361616-seed=0",
    "prediction_type": null,
    "metrics": {
        "train": {
            "rmse": 17.489906802083226,
            "mae": 13.35166959669482,
            "r2": 0.9623828530311584,
            "corr": 0.981040317969399,
            "score": -17.489906802083226
        },
        "val": {
            "rmse": 22.40212536985686,
            "mae": 17.919286736402,
            "r2": 0.9465852379798889,
            "corr": 0.9729355175743762,
            "score": -22.40212536985686
        },
        "test": {
            "rmse": 20.368777162197244,
            "mae": 16.160207746982223,
            "r2": 0.9497538208961487,
            "corr": 0.9760282172535473,
            "score": -20.368777162197244
        }
    }
}
