{
    "function": "bin.ensemble.main",
    "config": {
        "seeds": [
            0
        ]
    },
    "single_model_function": "bin.catboost_.main",
    "data": ":data/CTR23-OpenML-tid=361617-ctr23_361617-seed=0",
    "prediction_type": null,
    "metrics": {
        "train": {
            "rmse": 0.0039631788548239785,
            "mae": 0.002701438281282574,
            "r2": 0.9999998463209541,
            "corr": 0.9999999231612493,
            "score": -0.0039631788548239785
        },
        "val": {
            "rmse": 0.2299748435537741,
            "mae": 0.16304703807709695,
            "r2": 0.9995265413781057,
            "corr": 0.9997652681996424,
            "score": -0.2299748435537741
        },
        "test": {
            "rmse": 0.42001874978731774,
            "mae": 0.1983322254862345,
            "r2": 0.9978374224553554,
            "corr": 0.9989365201682425,
            "score": -0.42001874978731774
        }
    }
}
