{
    "function": "bin.ensemble.main",
    "config": {
        "seeds": [
            0
        ]
    },
    "single_model_function": "bin.ffn.main",
    "data": ":data/TabZilla-OpenML-electricity-tid=219-fold=0",
    "prediction_type": "probs",
    "metrics": {
        "train": {
            "0": {
                "precision": 0.9593913456966239,
                "recall": 0.9672563401888873,
                "f1-score": 0.9633077896345102,
                "support": 20859.0
            },
            "1": {
                "precision": 0.9551189380996189,
                "recall": 0.9445058158424849,
                "f1-score": 0.9497827294409775,
                "support": 15389.0
            },
            "accuracy": 0.9575976605605826,
            "macro avg": {
                "precision": 0.9572551418981214,
                "recall": 0.9558810780156861,
                "f1-score": 0.9565452595377439,
                "support": 36248.0
            },
            "weighted avg": {
                "precision": 0.9575775054706719,
                "recall": 0.9575976605605826,
                "f1-score": 0.9575657583136574,
                "support": 36248.0
            },
            "cross-entropy": 0.11835952137133333,
            "roc-auc": 0.9923031400790217,
            "f1-weighted": 0.9575657583136574,
            "f1-macro": 0.9565452595377439,
            "f1-micro": 0.9575976605605826,
            "score": 0.9575976605605826
        },
        "val": {
            "0": {
                "precision": 0.9078897697244243,
                "recall": 0.9221625766871165,
                "f1-score": 0.9149705155031387,
                "support": 2608.0
            },
            "1": {
                "precision": 0.8921933085501859,
                "recall": 0.8731808731808732,
                "f1-score": 0.8825847123719465,
                "support": 1924.0
            },
            "accuracy": 0.9013680494263019,
            "macro avg": {
                "precision": 0.9000415391373051,
                "recall": 0.8976717249339949,
                "f1-score": 0.8987776139375425,
                "support": 4532.0
            },
            "weighted avg": {
                "precision": 0.9012260470193858,
                "recall": 0.9013680494263019,
                "f1-score": 0.9012215558331444,
                "support": 4532.0
            },
            "cross-entropy": 0.25261874417795854,
            "roc-auc": 0.9642740273012511,
            "f1-weighted": 0.9012215558331444,
            "f1-macro": 0.8987776139375425,
            "f1-micro": 0.9013680494263019,
            "score": 0.9013680494263019
        },
        "test": {
            "0": {
                "precision": 0.9028571428571428,
                "recall": 0.9087423312883436,
                "f1-score": 0.905790177718326,
                "support": 2608.0
            },
            "1": {
                "precision": 0.8751966439433665,
                "recall": 0.8674636174636174,
                "f1-score": 0.8713129731140694,
                "support": 1924.0
            },
            "accuracy": 0.8912180052956752,
            "macro avg": {
                "precision": 0.8890268934002546,
                "recall": 0.8881029743759805,
                "f1-score": 0.8885515754161977,
                "support": 4532.0
            },
            "weighted avg": {
                "precision": 0.8911142479078696,
                "recall": 0.8912180052956752,
                "f1-score": 0.8911533415182842,
                "support": 4532.0
            },
            "cross-entropy": 0.2647660287644172,
            "roc-auc": 0.9615118562108592,
            "f1-weighted": 0.8911533415182842,
            "f1-macro": 0.8885515754161977,
            "f1-micro": 0.8912180052956752,
            "score": 0.8912180052956752
        }
    }
}
