{
    "function": "bin.ensemble.main",
    "config": {
        "seeds": [
            0
        ]
    },
    "single_model_function": "bin.ffn.main",
    "data": ":data/TabZilla-OpenML-breast-w-tid=15-fold=1",
    "prediction_type": "probs",
    "metrics": {
        "train": {
            "0": {
                "precision": 0.9832402234636871,
                "recall": 0.9617486338797814,
                "f1-score": 0.9723756906077348,
                "support": 366.0
            },
            "1": {
                "precision": 0.9303482587064676,
                "recall": 0.9689119170984456,
                "f1-score": 0.949238578680203,
                "support": 193.0
            },
            "accuracy": 0.964221824686941,
            "macro avg": {
                "precision": 0.9567942410850774,
                "recall": 0.9653302754891135,
                "f1-score": 0.9608071346439688,
                "support": 559.0
            },
            "weighted avg": {
                "precision": 0.9649787758820354,
                "recall": 0.964221824686941,
                "f1-score": 0.9643873854162971,
                "support": 559.0
            },
            "cross-entropy": 0.16039596492594052,
            "roc-auc": 0.9887029644100909,
            "f1-weighted": 0.9643873854162971,
            "f1-macro": 0.9608071346439688,
            "f1-micro": 0.964221824686941,
            "score": 0.964221824686941
        },
        "val": {
            "0": {
                "precision": 1.0,
                "recall": 1.0,
                "f1-score": 1.0,
                "support": 46.0
            },
            "1": {
                "precision": 1.0,
                "recall": 1.0,
                "f1-score": 1.0,
                "support": 24.0
            },
            "accuracy": 1.0,
            "macro avg": {
                "precision": 1.0,
                "recall": 1.0,
                "f1-score": 1.0,
                "support": 70.0
            },
            "weighted avg": {
                "precision": 1.0,
                "recall": 1.0,
                "f1-score": 1.0,
                "support": 70.0
            },
            "cross-entropy": 0.11481573122512259,
            "roc-auc": 1.0,
            "f1-weighted": 1.0,
            "f1-macro": 1.0,
            "f1-micro": 1.0,
            "score": 1.0
        },
        "test": {
            "0": {
                "precision": 0.9777777777777777,
                "recall": 0.9565217391304348,
                "f1-score": 0.967032967032967,
                "support": 46.0
            },
            "1": {
                "precision": 0.92,
                "recall": 0.9583333333333334,
                "f1-score": 0.9387755102040817,
                "support": 24.0
            },
            "accuracy": 0.9571428571428572,
            "macro avg": {
                "precision": 0.9488888888888889,
                "recall": 0.957427536231884,
                "f1-score": 0.9529042386185244,
                "support": 70.0
            },
            "weighted avg": {
                "precision": 0.9579682539682539,
                "recall": 0.9571428571428572,
                "f1-score": 0.9573446961202065,
                "support": 70.0
            },
            "cross-entropy": 0.16204695094249003,
            "roc-auc": 0.9782608695652174,
            "f1-weighted": 0.9573446961202065,
            "f1-macro": 0.9529042386185244,
            "f1-micro": 0.9571428571428572,
            "score": 0.9571428571428572
        }
    }
}
