{
    "function": "bin.ensemble.main",
    "config": {
        "seeds": [
            0
        ]
    },
    "single_model_function": "bin.xgboost_.main",
    "data": ":data/CTR23-OpenML-tid=361261-ctr23_361261-seed=0",
    "prediction_type": null,
    "metrics": {
        "train": {
            "rmse": 383.971568342691,
            "mae": 222.9670394714958,
            "r2": 0.3064955472946167,
            "corr": 0.5539123920950177,
            "score": -383.971568342691
        },
        "val": {
            "rmse": 364.6872446187604,
            "mae": 223.42184555317726,
            "r2": 0.31322354078292847,
            "corr": 0.559700584719498,
            "score": -364.6872446187604
        },
        "test": {
            "rmse": 346.17193988500367,
            "mae": 222.92659913375974,
            "r2": 0.3031628727912903,
            "corr": 0.5516396664612647,
            "score": -346.17193988500367
        }
    }
}
