{
    "function": "bin.ffn.main",
    "gpus": [
        "NVIDIA RTX 6000 Ada Generation"
    ],
    "config": {
        "seed": 0,
        "batch_size": 256,
        "patience": 16,
        "n_epochs": Infinity,
        "data": {
            "seed": 0,
            "cache": true,
            "num_policy": "quantile",
            "cat_policy": null,
            "y_policy": "standard",
            "path": ":data/CTR23-OpenML-tid=361258-ctr23_361258-seed=0"
        },
        "optimizer": {
            "type": "AdamW",
            "lr": 0.00037179695110280977,
            "weight_decay": 1.3424883704781802e-06
        },
        "model": {
            "backbone": {
                "type": "MLP",
                "n_blocks": 3,
                "d_layer": 1003,
                "dropout": 0.0,
                "activation": "ReLU"
            },
            "num_embeddings": {
                "type": "PLREmbeddings",
                "n_frequencies": 93,
                "frequency_scale": 0.08449023263251551,
                "d_embedding": 62,
                "lite": true
            }
        }
    },
    "n_parameters": 2525857,
    "prediction_type": null,
    "best_epoch": 25,
    "metrics": {
        "train": {
            "rmse": 0.042321332009647473,
            "mae": 0.03305935148199213,
            "r2": 0.9743602275848389,
            "corr": 0.9871630470520628,
            "score": -0.042321332009647473
        },
        "val": {
            "rmse": 0.06796130065436465,
            "mae": 0.052767559187625324,
            "r2": 0.9315159916877747,
            "corr": 0.9656011153960858,
            "score": -0.06796130065436465
        },
        "test": {
            "rmse": 0.06737160331716176,
            "mae": 0.051796194982851596,
            "r2": 0.9348019957542419,
            "corr": 0.9668748167449903,
            "score": -0.06737160331716176
        }
    },
    "time": "0:00:01.931799",
    "chunk_size": null,
    "eval_batch_size": 32768
}
