{
    "function": "bin.ensemble.main",
    "config": {
        "seeds": [
            0
        ]
    },
    "single_model_function": "bin.ffn.main",
    "data": ":data/CTR23-OpenML-tid=361260-ctr23_361260-fold=1-seed=0",
    "prediction_type": null,
    "metrics": {
        "train": {
            "rmse": 45535.262744874875,
            "mae": 29421.89867253648,
            "r2": 0.9795837998390198,
            "corr": 0.9897606002462253,
            "score": -45535.262744874875
        },
        "val": {
            "rmse": 78114.04794431238,
            "mae": 40082.409568328876,
            "r2": 0.939664363861084,
            "corr": 0.9693661006990695,
            "score": -78114.04794431238
        },
        "test": {
            "rmse": 88421.32421714002,
            "mae": 42494.91274412954,
            "r2": 0.9156779646873474,
            "corr": 0.9570718899076677,
            "score": -88421.32421714002
        }
    }
}
