{
    "function": "bin.catboost_.main",
    "gpus": [
        "NVIDIA RTX 6000 Ada Generation",
        "NVIDIA RTX 6000 Ada Generation"
    ],
    "config": {
        "seed": 0,
        "data": {
            "seed": 0,
            "num_policy": null,
            "cat_policy": null,
            "y_policy": null,
            "cache": true,
            "path": ":data/TabZilla-OpenML-analcatdata_dmft-tid=3560-fold=0"
        },
        "model": {
            "iterations": 4000,
            "early_stopping_rounds": 200,
            "od_pval": 0.001,
            "bagging_temperature": 0.6706378696181594,
            "depth": 5,
            "l2_leaf_reg": 1.376370346783048,
            "leaf_estimation_iterations": 4,
            "learning_rate": 0.012334805700860018,
            "task_type": "CPU",
            "thread_count": 4
        },
        "fit": {
            "logging_level": "Verbose"
        }
    },
    "prediction_type": "probs",
    "time": "0:00:02.283229",
    "best_iteration": 478,
    "metrics": {
        "train": {
            "0": {
                "precision": 0.3584905660377358,
                "recall": 0.18811881188118812,
                "f1-score": 0.24675324675324675,
                "support": 101.0
            },
            "1": {
                "precision": 0.24324324324324326,
                "recall": 0.08490566037735849,
                "f1-score": 0.1258741258741259,
                "support": 106.0
            },
            "2": {
                "precision": 0.2839506172839506,
                "recall": 0.46,
                "f1-score": 0.3511450381679389,
                "support": 100.0
            },
            "3": {
                "precision": 0.28761061946902655,
                "recall": 0.5284552845528455,
                "f1-score": 0.37249283667621774,
                "support": 123.0
            },
            "4": {
                "precision": 0.37254901960784315,
                "recall": 0.35185185185185186,
                "f1-score": 0.3619047619047619,
                "support": 108.0
            },
            "5": {
                "precision": 0.38596491228070173,
                "recall": 0.2222222222222222,
                "f1-score": 0.28205128205128205,
                "support": 99.0
            },
            "accuracy": 0.31240188383045525,
            "macro avg": {
                "precision": 0.3219681629870835,
                "recall": 0.30592563848091103,
                "f1-score": 0.29003688190459553,
                "support": 637.0
            },
            "weighted avg": {
                "precision": 0.3205782092780486,
                "recall": 0.31240188383045525,
                "f1-score": 0.29231499089716667,
                "support": 637.0
            },
            "cross-entropy": 1.6684243719850047,
            "roc-auc": 0.6838780330498208,
            "f1-weighted": 0.29231499089716667,
            "f1-macro": 0.29003688190459553,
            "f1-micro": 0.31240188383045525,
            "score": 0.31240188383045525
        },
        "val": {
            "0": {
                "precision": 0.4,
                "recall": 0.15384615384615385,
                "f1-score": 0.2222222222222222,
                "support": 13.0
            },
            "1": {
                "precision": 0.4444444444444444,
                "recall": 0.3076923076923077,
                "f1-score": 0.36363636363636365,
                "support": 13.0
            },
            "2": {
                "precision": 0.3,
                "recall": 0.5,
                "f1-score": 0.375,
                "support": 12.0
            },
            "3": {
                "precision": 0.2857142857142857,
                "recall": 0.5,
                "f1-score": 0.36363636363636365,
                "support": 16.0
            },
            "4": {
                "precision": 0.3076923076923077,
                "recall": 0.2857142857142857,
                "f1-score": 0.2962962962962963,
                "support": 14.0
            },
            "5": {
                "precision": 0.4,
                "recall": 0.16666666666666666,
                "f1-score": 0.23529411764705882,
                "support": 12.0
            },
            "accuracy": 0.325,
            "macro avg": {
                "precision": 0.3563085063085063,
                "recall": 0.318986568986569,
                "f1-score": 0.30934756057305074,
                "support": 80.0
            },
            "weighted avg": {
                "precision": 0.35321123321123327,
                "recall": 0.325,
                "f1-score": 0.3113252624282036,
                "support": 80.0
            },
            "cross-entropy": 1.7721798803626032,
            "roc-auc": 0.5688653493941955,
            "f1-weighted": 0.3113252624282036,
            "f1-macro": 0.30934756057305074,
            "f1-micro": 0.325,
            "score": 0.325
        },
        "test": {
            "0": {
                "precision": 0.3333333333333333,
                "recall": 0.15384615384615385,
                "f1-score": 0.21052631578947367,
                "support": 13.0
            },
            "1": {
                "precision": 0.14285714285714285,
                "recall": 0.07692307692307693,
                "f1-score": 0.1,
                "support": 13.0
            },
            "2": {
                "precision": 0.2222222222222222,
                "recall": 0.3333333333333333,
                "f1-score": 0.26666666666666666,
                "support": 12.0
            },
            "3": {
                "precision": 0.16129032258064516,
                "recall": 0.3125,
                "f1-score": 0.2127659574468085,
                "support": 16.0
            },
            "4": {
                "precision": 0.2222222222222222,
                "recall": 0.14285714285714285,
                "f1-score": 0.17391304347826086,
                "support": 14.0
            },
            "5": {
                "precision": 0.2222222222222222,
                "recall": 0.16666666666666666,
                "f1-score": 0.19047619047619047,
                "support": 12.0
            },
            "accuracy": 0.2,
            "macro avg": {
                "precision": 0.21735791090629797,
                "recall": 0.19768772893772893,
                "f1-score": 0.1923913623095667,
                "support": 80.0
            },
            "weighted avg": {
                "precision": 0.21519457245263696,
                "recall": 0.2,
                "f1-score": 0.1920199289852754,
                "support": 80.0
            },
            "cross-entropy": 1.7150370426806814,
            "roc-auc": 0.6319312854168625,
            "f1-weighted": 0.1920199289852754,
            "f1-macro": 0.1923913623095667,
            "f1-micro": 0.2,
            "score": 0.2
        }
    }
}
