{
    "function": "bin.ensemble.main",
    "config": {
        "seeds": [
            0
        ]
    },
    "single_model_function": "bin.ffn.main",
    "data": ":data/CTR23-OpenML-tid=361237-ctr23_361237-seed=0",
    "prediction_type": null,
    "metrics": {
        "train": {
            "rmse": 3.1658471219005353,
            "mae": 2.272313812810836,
            "r2": 0.9647679328918457,
            "corr": 0.983443889272214,
            "score": -3.1658471219005353
        },
        "val": {
            "rmse": 4.22763984002102,
            "mae": 3.0991399328897273,
            "r2": 0.9289138317108154,
            "corr": 0.9639630172926291,
            "score": -4.22763984002102
        },
        "test": {
            "rmse": 6.249989766416064,
            "mae": 3.879677440378458,
            "r2": 0.8568342328071594,
            "corr": 0.9260814747884187,
            "score": -6.249989766416064
        }
    }
}
