{
    "function": "bin.ensemble.main",
    "config": {
        "seeds": [
            0
        ]
    },
    "single_model_function": "bin.xgboost_.main",
    "data": ":data/TabZilla-OpenML-wilt-146820",
    "prediction_type": "probs",
    "metrics": {
        "train": {
            "0": {
                "precision": 0.9915966386554622,
                "recall": 0.9989077007099946,
                "f1-score": 0.9952387430281594,
                "support": 3662.0
            },
            "1": {
                "precision": 0.978021978021978,
                "recall": 0.8516746411483254,
                "f1-score": 0.9104859335038363,
                "support": 209.0
            },
            "accuracy": 0.9909584086799277,
            "macro avg": {
                "precision": 0.9848093083387202,
                "recall": 0.92529117092916,
                "f1-score": 0.9528623382659979,
                "support": 3871.0
            },
            "weighted avg": {
                "precision": 0.9908637262110297,
                "recall": 0.9909584086799277,
                "f1-score": 0.9906628357198196,
                "support": 3871.0
            },
            "cross-entropy": 0.03379199127631766,
            "roc-auc": 0.9987104074171826,
            "score": 0.9909584086799277
        },
        "val": {
            "0": {
                "precision": 0.9934497816593887,
                "recall": 0.9934497816593887,
                "f1-score": 0.9934497816593887,
                "support": 458.0
            },
            "1": {
                "precision": 0.8846153846153846,
                "recall": 0.8846153846153846,
                "f1-score": 0.8846153846153846,
                "support": 26.0
            },
            "accuracy": 0.987603305785124,
            "macro avg": {
                "precision": 0.9390325831373867,
                "recall": 0.9390325831373867,
                "f1-score": 0.9390325831373867,
                "support": 484.0
            },
            "weighted avg": {
                "precision": 0.987603305785124,
                "recall": 0.987603305785124,
                "f1-score": 0.987603305785124,
                "support": 484.0
            },
            "cross-entropy": 0.05038146248549124,
            "roc-auc": 0.9928619415518979,
            "score": 0.987603305785124
        },
        "test": {
            "0": {
                "precision": 0.9806451612903225,
                "recall": 0.9956331877729258,
                "f1-score": 0.9880823401950163,
                "support": 458.0
            },
            "1": {
                "precision": 0.8947368421052632,
                "recall": 0.6538461538461539,
                "f1-score": 0.7555555555555555,
                "support": 26.0
            },
            "accuracy": 0.9772727272727273,
            "macro avg": {
                "precision": 0.9376910016977928,
                "recall": 0.8247396708095398,
                "f1-score": 0.8718189478752859,
                "support": 484.0
            },
            "weighted avg": {
                "precision": 0.9760302515820342,
                "recall": 0.9772727272727273,
                "f1-score": 0.9755912319292601,
                "support": 484.0
            },
            "cross-entropy": 0.058900058515658014,
            "roc-auc": 0.9908464897547866,
            "score": 0.9772727272727273
        }
    }
}
