{
    "function": "bin.tabr_scaling.main",
    "gpus": [
        "NVIDIA RTX 6000 Ada Generation"
    ],
    "config": {
        "seed": 0,
        "batch_size": 256,
        "patience": 16,
        "n_epochs": Infinity,
        "context_size": 96,
        "data": {
            "seed": 0,
            "cache": true,
            "num_policy": "quantile",
            "cat_policy": null,
            "path": ":data/CTR23-OpenML-tid=361261-ctr23_361261-seed=0",
            "y_policy": "standard"
        },
        "optimizer": {
            "type": "AdamW",
            "lr": 0.0007717846862118063,
            "weight_decay": 0.0
        },
        "model": {
            "num_embeddings": null,
            "d_main": 222,
            "context_dropout": 0.4185787175563589,
            "d_multiplier": 2.0,
            "encoder_n_blocks": 0,
            "predictor_n_blocks": 1,
            "mixer_normalization": "auto",
            "dropout0": 0.0361352829775619,
            "dropout1": 0.0,
            "normalization": "LayerNorm",
            "activation": "ReLU"
        }
    },
    "n_parameters": 448663,
    "prediction_type": null,
    "best_epoch": 3,
    "metrics": {
        "train": {
            "rmse": 390.0217827238836,
            "mae": 224.17623717455353,
            "r2": 0.28446829319000244,
            "corr": 0.5338028891768911,
            "score": -390.0217827238836
        },
        "val": {
            "rmse": 364.6641897320538,
            "mae": 222.9624911358551,
            "r2": 0.31331032514572144,
            "corr": 0.5600544579978549,
            "score": -364.6641897320538
        },
        "test": {
            "rmse": 345.5173044322235,
            "mae": 221.7936513233617,
            "r2": 0.30579590797424316,
            "corr": 0.5532731523312022,
            "score": -345.5173044322235
        }
    },
    "time": "0:00:14.186466",
    "chunk_size": null,
    "eval_batch_size": 32768
}
