{
    "function": "bin.ensemble.main",
    "config": {
        "seeds": [
            0
        ]
    },
    "single_model_function": "bin.xgboost_.main",
    "data": ":data/CTR23-OpenML-tid=361243-ctr23_361243-fold=1-seed=0",
    "prediction_type": null,
    "metrics": {
        "train": {
            "rmse": 2.1597158068776006,
            "mae": 1.127712115074793,
            "r2": 0.9862596392631531,
            "corr": 0.9969375439369154,
            "score": -2.1597158068776006
        },
        "val": {
            "rmse": 15.801624392250252,
            "mae": 11.754184064529227,
            "r2": 0.30256950855255127,
            "corr": 0.5501539172182544,
            "score": -15.801624392250252
        },
        "test": {
            "rmse": 14.442681474633739,
            "mae": 10.455120890321837,
            "r2": 0.34599411487579346,
            "corr": 0.6044985048171101,
            "score": -14.442681474633739
        }
    }
}
