{
    "function": "bin.tabr.main",
    "gpus": [
        "NVIDIA A100-SXM4-40GB"
    ],
    "config": {
        "seed": 0,
        "batch_size": 256,
        "patience": 16,
        "n_epochs": Infinity,
        "context_size": 96,
        "data": {
            "seed": 0,
            "cache": true,
            "num_policy": "quantile",
            "cat_policy": null,
            "path": ":data/TabZilla-OpenML-ozone-level-8hr-tid=9978-fold=0",
            "y_policy": null
        },
        "optimizer": {
            "type": "AdamW",
            "lr": 7.50195444362012e-05,
            "weight_decay": 5.846326121643419e-06
        },
        "model": {
            "num_embeddings": null,
            "d_main": 324,
            "context_dropout": 0.31733695185174265,
            "d_multiplier": 2.0,
            "encoder_n_blocks": 0,
            "predictor_n_blocks": 1,
            "mixer_normalization": "auto",
            "dropout0": 0.3408267366563594,
            "dropout1": 0.0,
            "normalization": "LayerNorm",
            "activation": "ReLU"
        }
    },
    "n_parameters": 972649,
    "prediction_type": "logits",
    "best_epoch": 13,
    "metrics": {
        "train": {
            "0": {
                "precision": 0.9633214467651554,
                "recall": 0.9963119072708114,
                "f1-score": 0.9795389795389795,
                "support": 1898.0
            },
            "1": {
                "precision": 0.8888888888888888,
                "recall": 0.4375,
                "f1-score": 0.5863874345549738,
                "support": 128.0
            },
            "accuracy": 0.9610069101678184,
            "macro avg": {
                "precision": 0.9261051678270221,
                "recall": 0.7169059536354057,
                "f1-score": 0.7829632070469766,
                "support": 2026.0
            },
            "weighted avg": {
                "precision": 0.9586188962181851,
                "recall": 0.9610069101678184,
                "f1-score": 0.9547001849891509,
                "support": 2026.0
            },
            "cross-entropy": 0.13628600479891628,
            "roc-auc": 0.9181827910958905,
            "f1-weighted": 0.9547001849891509,
            "f1-macro": 0.7829632070469766,
            "f1-micro": 0.9610069101678184,
            "score": 0.9610069101678184
        },
        "val": {
            "0": {
                "precision": 0.9596774193548387,
                "recall": 1.0,
                "f1-score": 0.9794238683127572,
                "support": 238.0
            },
            "1": {
                "precision": 1.0,
                "recall": 0.375,
                "f1-score": 0.5454545454545454,
                "support": 16.0
            },
            "accuracy": 0.9606299212598425,
            "macro avg": {
                "precision": 0.9798387096774194,
                "recall": 0.6875,
                "f1-score": 0.7624392068836513,
                "support": 254.0
            },
            "weighted avg": {
                "precision": 0.9622174244348489,
                "recall": 0.9606299212598425,
                "f1-score": 0.9520872180539722,
                "support": 254.0
            },
            "cross-entropy": 0.1468162329993129,
            "roc-auc": 0.911764705882353,
            "f1-weighted": 0.9520872180539722,
            "f1-macro": 0.7624392068836513,
            "f1-micro": 0.9606299212598425,
            "score": 0.9606299212598425
        },
        "test": {
            "0": {
                "precision": 0.9590163934426229,
                "recall": 0.9831932773109243,
                "f1-score": 0.970954356846473,
                "support": 238.0
            },
            "1": {
                "precision": 0.6,
                "recall": 0.375,
                "f1-score": 0.46153846153846156,
                "support": 16.0
            },
            "accuracy": 0.9448818897637795,
            "macro avg": {
                "precision": 0.7795081967213114,
                "recall": 0.6790966386554622,
                "f1-score": 0.7162464091924673,
                "support": 254.0
            },
            "weighted avg": {
                "precision": 0.9364011875564734,
                "recall": 0.9448818897637795,
                "f1-score": 0.9388651665908502,
                "support": 254.0
            },
            "cross-entropy": 0.13828416751723305,
            "roc-auc": 0.9493172268907563,
            "f1-weighted": 0.9388651665908502,
            "f1-macro": 0.7162464091924673,
            "f1-micro": 0.9448818897637795,
            "score": 0.9448818897637795
        }
    },
    "time": "0:00:22.882154",
    "chunk_size": null,
    "eval_batch_size": 32768
}
