{
    "function": "bin.ensemble.main",
    "config": {
        "seeds": [
            0
        ]
    },
    "single_model_function": "bin.tabr.main",
    "data": ":data/TabZilla-OpenML-wilt-tid=146820-fold=0",
    "prediction_type": "probs",
    "metrics": {
        "train": {
            "0": {
                "precision": 0.9950792782941498,
                "recall": 0.99399235390497,
                "f1-score": 0.994535519125683,
                "support": 3662.0
            },
            "1": {
                "precision": 0.8967136150234741,
                "recall": 0.9138755980861244,
                "f1-score": 0.9052132701421801,
                "support": 209.0
            },
            "accuracy": 0.9896667527770602,
            "macro avg": {
                "precision": 0.945896446658812,
                "recall": 0.9539339759955472,
                "f1-score": 0.9498743946339316,
                "support": 3871.0
            },
            "weighted avg": {
                "precision": 0.9897683964487426,
                "recall": 0.9896667527770602,
                "f1-score": 0.989712902221123,
                "support": 3871.0
            },
            "cross-entropy": 0.035605808631069,
            "roc-auc": 0.9938577763608664,
            "f1-weighted": 0.989712902221123,
            "f1-macro": 0.9498743946339316,
            "f1-micro": 0.9896667527770602,
            "score": 0.9896667527770602
        },
        "val": {
            "0": {
                "precision": 0.9978021978021978,
                "recall": 0.9912663755458515,
                "f1-score": 0.9945235487404163,
                "support": 458.0
            },
            "1": {
                "precision": 0.8620689655172413,
                "recall": 0.9615384615384616,
                "f1-score": 0.9090909090909091,
                "support": 26.0
            },
            "accuracy": 0.9896694214876033,
            "macro avg": {
                "precision": 0.9299355816597196,
                "recall": 0.9764024185421565,
                "f1-score": 0.9518072289156627,
                "support": 484.0
            },
            "weighted avg": {
                "precision": 0.99051074317532,
                "recall": 0.9896694214876033,
                "f1-score": 0.9899341920650295,
                "support": 484.0
            },
            "cross-entropy": 0.037005964692560914,
            "roc-auc": 0.9961370507222035,
            "f1-weighted": 0.9899341920650295,
            "f1-macro": 0.9518072289156627,
            "f1-micro": 0.9896694214876033,
            "score": 0.9896694214876033
        },
        "test": {
            "0": {
                "precision": 0.9912472647702407,
                "recall": 0.9890829694323144,
                "f1-score": 0.9901639344262295,
                "support": 458.0
            },
            "1": {
                "precision": 0.8148148148148148,
                "recall": 0.8461538461538461,
                "f1-score": 0.8301886792452831,
                "support": 26.0
            },
            "accuracy": 0.981404958677686,
            "macro avg": {
                "precision": 0.9030310397925277,
                "recall": 0.9176184077930802,
                "f1-score": 0.9101763068357562,
                "support": 484.0
            },
            "weighted avg": {
                "precision": 0.9817694885329658,
                "recall": 0.981404958677686,
                "f1-score": 0.9815702223710548,
                "support": 484.0
            },
            "cross-entropy": 0.05883625556970279,
            "roc-auc": 0.985387974470944,
            "f1-weighted": 0.9815702223710548,
            "f1-macro": 0.9101763068357562,
            "f1-micro": 0.981404958677686,
            "score": 0.981404958677686
        }
    }
}
