{
    "function": "bin.ensemble.main",
    "config": {
        "seeds": [
            0
        ]
    },
    "single_model_function": "bin.xgboost_.main",
    "data": ":data/CTR23-OpenML-tid=361258-ctr23_361258-fold=1-seed=0",
    "prediction_type": null,
    "metrics": {
        "train": {
            "rmse": 0.002779894370605406,
            "mae": 0.00197266151489614,
            "r2": 0.9998891353607178,
            "corr": 0.9999459815755283,
            "score": -0.002779894370605406
        },
        "val": {
            "rmse": 0.11166458407541091,
            "mae": 0.08742556374612853,
            "r2": 0.8148661851882935,
            "corr": 0.902985143270159,
            "score": -0.11166458407541091
        },
        "test": {
            "rmse": 0.10494090126166104,
            "mae": 0.08187510028542455,
            "r2": 0.8444133400917053,
            "corr": 0.9208849740331286,
            "score": -0.10494090126166104
        }
    }
}
