{
    "function": "bin.ensemble.main",
    "config": {
        "seeds": [
            0
        ]
    },
    "single_model_function": "bin.xgboost_.main",
    "data": ":data/CTR23-OpenML-tid=361250-ctr23_361250-fold=1-seed=0",
    "prediction_type": null,
    "metrics": {
        "train": {
            "rmse": 0.1289798690707828,
            "mae": 0.09659534785887436,
            "r2": 0.9746147394180298,
            "corr": 0.9912021878697086,
            "score": -0.1289798690707828
        },
        "val": {
            "rmse": 0.5321559799194705,
            "mae": 0.3831097937377326,
            "r2": 0.5430222749710083,
            "corr": 0.7371430465348137,
            "score": -0.5321559799194705
        },
        "test": {
            "rmse": 0.6219614150941215,
            "mae": 0.4496561888862871,
            "r2": 0.4239426255226135,
            "corr": 0.6523930683050244,
            "score": -0.6219614150941215
        }
    }
}
