{
    "function": "bin.ensemble.main",
    "config": {
        "seeds": [
            0
        ]
    },
    "single_model_function": "bin.tabr.main",
    "data": ":data/TabZilla-OpenML-vehicle-tid=53-fold=1",
    "prediction_type": "probs",
    "metrics": {
        "train": {
            "0": {
                "precision": 1.0,
                "recall": 1.0,
                "f1-score": 1.0,
                "support": 174.0
            },
            "1": {
                "precision": 1.0,
                "recall": 0.9764705882352941,
                "f1-score": 0.9880952380952381,
                "support": 170.0
            },
            "2": {
                "precision": 0.9774011299435028,
                "recall": 1.0,
                "f1-score": 0.9885714285714285,
                "support": 173.0
            },
            "3": {
                "precision": 1.0,
                "recall": 1.0,
                "f1-score": 1.0,
                "support": 159.0
            },
            "accuracy": 0.9940828402366864,
            "macro avg": {
                "precision": 0.9943502824858756,
                "recall": 0.9941176470588236,
                "f1-score": 0.9941666666666666,
                "support": 676.0
            },
            "weighted avg": {
                "precision": 0.994216561361281,
                "recall": 0.9940828402366864,
                "f1-score": 0.9940814313891236,
                "support": 676.0
            },
            "cross-entropy": 0.04363912340718713,
            "roc-auc": 0.9999319959197552,
            "f1-weighted": 0.9940814313891236,
            "f1-macro": 0.9941666666666666,
            "f1-micro": 0.9940828402366864,
            "score": 0.9940828402366864
        },
        "val": {
            "0": {
                "precision": 1.0,
                "recall": 0.9545454545454546,
                "f1-score": 0.9767441860465116,
                "support": 22.0
            },
            "1": {
                "precision": 0.8260869565217391,
                "recall": 0.9047619047619048,
                "f1-score": 0.8636363636363636,
                "support": 21.0
            },
            "2": {
                "precision": 0.9,
                "recall": 0.8181818181818182,
                "f1-score": 0.8571428571428571,
                "support": 22.0
            },
            "3": {
                "precision": 0.9523809523809523,
                "recall": 1.0,
                "f1-score": 0.975609756097561,
                "support": 20.0
            },
            "accuracy": 0.9176470588235294,
            "macro avg": {
                "precision": 0.9196169772256728,
                "recall": 0.9193722943722944,
                "f1-score": 0.9182832907308234,
                "support": 85.0
            },
            "weighted avg": {
                "precision": 0.919946413347948,
                "recall": 0.9176470588235294,
                "f1-score": 0.9175773377468349,
                "support": 85.0
            },
            "cross-entropy": 0.32913240642044994,
            "roc-auc": 0.9769414928505838,
            "f1-weighted": 0.9175773377468349,
            "f1-macro": 0.9182832907308234,
            "f1-micro": 0.9176470588235294,
            "score": 0.9176470588235294
        },
        "test": {
            "0": {
                "precision": 0.9166666666666666,
                "recall": 1.0,
                "f1-score": 0.9565217391304348,
                "support": 22.0
            },
            "1": {
                "precision": 0.631578947368421,
                "recall": 0.5714285714285714,
                "f1-score": 0.6,
                "support": 21.0
            },
            "2": {
                "precision": 0.6363636363636364,
                "recall": 0.6363636363636364,
                "f1-score": 0.6363636363636364,
                "support": 22.0
            },
            "3": {
                "precision": 0.95,
                "recall": 0.95,
                "f1-score": 0.95,
                "support": 20.0
            },
            "accuracy": 0.788235294117647,
            "macro avg": {
                "precision": 0.783652312599681,
                "recall": 0.789448051948052,
                "f1-score": 0.7857213438735178,
                "support": 85.0
            },
            "weighted avg": {
                "precision": 0.7815273477812177,
                "recall": 0.788235294117647,
                "f1-score": 0.7840409207161124,
                "support": 85.0
            },
            "cross-entropy": 0.7312827836065585,
            "roc-auc": 0.9334005640823823,
            "f1-weighted": 0.7840409207161124,
            "f1-macro": 0.7857213438735178,
            "f1-micro": 0.788235294117647,
            "score": 0.788235294117647
        }
    }
}
