{
    "function": "bin.ffn.main",
    "gpus": [
        "NVIDIA RTX 6000 Ada Generation"
    ],
    "config": {
        "seed": 0,
        "batch_size": 256,
        "patience": 16,
        "n_epochs": Infinity,
        "data": {
            "seed": 0,
            "cache": true,
            "num_policy": "quantile",
            "cat_policy": "ordinal",
            "y_policy": "standard",
            "path": ":data/CTR23-OpenML-tid=361236-ctr23_361236-fold=1-seed=0"
        },
        "optimizer": {
            "type": "AdamW",
            "lr": 0.0005261412444320838,
            "weight_decay": 0.0
        },
        "model": {
            "backbone": {
                "type": "MLP",
                "n_blocks": 1,
                "d_layer": 117,
                "dropout": 0.0,
                "activation": "ReLU"
            },
            "num_embeddings": {
                "type": "PLREmbeddings",
                "n_frequencies": 52,
                "frequency_scale": 5.4091041314745665,
                "d_embedding": 50,
                "lite": true
            }
        }
    },
    "n_parameters": 36282,
    "prediction_type": null,
    "best_epoch": 574,
    "metrics": {
        "train": {
            "rmse": 106.05451890132473,
            "mae": 73.79566624667859,
            "r2": 0.9998933672904968,
            "corr": 0.9999467697763474,
            "score": -106.05451890132473
        },
        "val": {
            "rmse": 318.8935178928072,
            "mae": 196.09127412149974,
            "r2": 0.9990255236625671,
            "corr": 0.9995153079338387,
            "score": -318.8935178928072
        },
        "test": {
            "rmse": 494.83705616002914,
            "mae": 269.45099916458275,
            "r2": 0.9980536103248596,
            "corr": 0.9990809694397844,
            "score": -494.83705616002914
        }
    },
    "time": "0:00:09.469013",
    "chunk_size": null,
    "eval_batch_size": 32768
}
