{
    "function": "bin.ensemble.main",
    "config": {
        "seeds": [
            0
        ]
    },
    "single_model_function": "bin.tabr_scaling.main",
    "data": ":data/TabZilla-OpenML-connect-4-146195",
    "prediction_type": "probs",
    "metrics": {
        "train": {
            "0": {
                "precision": 0.655604912464071,
                "recall": 0.48633456096142663,
                "f1-score": 0.5584242154462498,
                "support": 5159.0
            },
            "1": {
                "precision": 0.858234480751037,
                "recall": 0.8860921181155609,
                "f1-score": 0.8719408502772643,
                "support": 13309.0
            },
            "2": {
                "precision": 0.9331359486799902,
                "recall": 0.9567417151530483,
                "f1-score": 0.9447914064451661,
                "support": 35577.0
            },
            "accuracy": 0.8944398186696272,
            "macro avg": {
                "precision": 0.815658447298366,
                "recall": 0.7763894647433452,
                "f1-score": 0.7917188240562267,
                "support": 54045.0
            },
            "weighted avg": {
                "precision": 0.8881984659803072,
                "recall": 0.8944398186696272,
                "f1-score": 0.8899697505953741,
                "support": 54045.0
            },
            "cross-entropy": 0.26171729976266717,
            "score": 0.8944398186696272
        },
        "val": {
            "0": {
                "precision": 0.5646551724137931,
                "recall": 0.4062015503875969,
                "f1-score": 0.47249774571686204,
                "support": 645.0
            },
            "1": {
                "precision": 0.8279695728496197,
                "recall": 0.8508719182200842,
                "f1-score": 0.83926453143535,
                "support": 1663.0
            },
            "2": {
                "precision": 0.9216670303294785,
                "recall": 0.9496402877697842,
                "f1-score": 0.9354445797807551,
                "support": 4448.0
            },
            "accuracy": 0.8734458259325044,
            "macro avg": {
                "precision": 0.7714305918642971,
                "recall": 0.7355712521258218,
                "f1-score": 0.749068952310989,
                "support": 6756.0
            },
            "weighted avg": {
                "precision": 0.8645190847781726,
                "recall": 0.8734458259325044,
                "f1-score": 0.8675718550368801,
                "support": 6756.0
            },
            "cross-entropy": 0.3219669912409903,
            "score": 0.8734458259325044
        },
        "test": {
            "0": {
                "precision": 0.5754310344827587,
                "recall": 0.413953488372093,
                "f1-score": 0.48151487826871053,
                "support": 645.0
            },
            "1": {
                "precision": 0.8288184438040346,
                "recall": 0.8647023451593505,
                "f1-score": 0.8463802236609771,
                "support": 1663.0
            },
            "2": {
                "precision": 0.9256089532587228,
                "recall": 0.9482913669064749,
                "f1-score": 0.9368128817323709,
                "support": 4448.0
            },
            "accuracy": 0.8767021906453523,
            "macro avg": {
                "precision": 0.7766194771818388,
                "recall": 0.7423157334793061,
                "f1-score": 0.7549026612206862,
                "support": 6756.0
            },
            "weighted avg": {
                "precision": 0.8683520890145482,
                "recall": 0.8767021906453523,
                "f1-score": 0.8710851252778433,
                "support": 6756.0
            },
            "cross-entropy": 0.3192629408796592,
            "score": 0.8767021906453523
        }
    }
}
