{
    "function": "bin.tabr_scaling.main",
    "gpus": [
        "NVIDIA RTX 6000 Ada Generation"
    ],
    "config": {
        "seed": 0,
        "batch_size": 256,
        "patience": 16,
        "n_epochs": Infinity,
        "context_size": 96,
        "data": {
            "seed": 0,
            "cache": true,
            "num_policy": null,
            "cat_policy": null,
            "path": ":data/TabZilla-OpenML-dna-167140",
            "y_policy": null
        },
        "model": {
            "num_embeddings": null,
            "d_main": 326,
            "context_dropout": 0.2768876173517591,
            "d_multiplier": 2.0,
            "encoder_n_blocks": 0,
            "predictor_n_blocks": 1,
            "mixer_normalization": "auto",
            "dropout0": 0.46831750577187325,
            "dropout1": 0.0,
            "normalization": "LayerNorm",
            "activation": "ReLU"
        },
        "optimizer": {
            "type": "AdamW",
            "lr": 1.7240460099242286e-05,
            "weight_decay": 0.0
        }
    },
    "n_parameters": 1020709,
    "prediction_type": "logits",
    "best_epoch": 28,
    "metrics": {
        "train": {
            "0": {
                "precision": 0.9755700325732899,
                "recall": 0.9771615008156607,
                "f1-score": 0.9763651181744091,
                "support": 613.0
            },
            "1": {
                "precision": 0.9585326953748007,
                "recall": 0.9804241435562806,
                "f1-score": 0.9693548387096774,
                "support": 613.0
            },
            "2": {
                "precision": 0.9931140015302219,
                "recall": 0.9818456883509834,
                "f1-score": 0.9874476987447699,
                "support": 1322.0
            },
            "accuracy": 0.9803767660910518,
            "macro avg": {
                "precision": 0.9757389098261041,
                "recall": 0.9798104442409749,
                "f1-score": 0.9777225518762855,
                "support": 2548.0
            },
            "weighted avg": {
                "precision": 0.9805736586558607,
                "recall": 0.9803767660910518,
                "f1-score": 0.9804286465111973,
                "support": 2548.0
            },
            "cross-entropy": 0.07863790510580362,
            "score": 0.9803767660910518
        },
        "val": {
            "0": {
                "precision": 1.0,
                "recall": 0.961038961038961,
                "f1-score": 0.9801324503311258,
                "support": 77.0
            },
            "1": {
                "precision": 0.948051948051948,
                "recall": 0.9605263157894737,
                "f1-score": 0.954248366013072,
                "support": 76.0
            },
            "2": {
                "precision": 0.9821428571428571,
                "recall": 0.9939759036144579,
                "f1-score": 0.9880239520958084,
                "support": 166.0
            },
            "accuracy": 0.9780564263322884,
            "macro avg": {
                "precision": 0.9767316017316018,
                "recall": 0.9718470601476308,
                "f1-score": 0.9741349228133354,
                "support": 319.0
            },
            "weighted avg": {
                "precision": 0.978331229898628,
                "recall": 0.9780564263322884,
                "f1-score": 0.9780722587473176,
                "support": 319.0
            },
            "cross-entropy": 0.10876631564435227,
            "score": 0.9780564263322884
        },
        "test": {
            "0": {
                "precision": 0.9583333333333334,
                "recall": 0.8961038961038961,
                "f1-score": 0.9261744966442953,
                "support": 77.0
            },
            "1": {
                "precision": 0.9102564102564102,
                "recall": 0.9342105263157895,
                "f1-score": 0.922077922077922,
                "support": 76.0
            },
            "2": {
                "precision": 0.9526627218934911,
                "recall": 0.9698795180722891,
                "f1-score": 0.9611940298507463,
                "support": 166.0
            },
            "accuracy": 0.9435736677115988,
            "macro avg": {
                "precision": 0.9404174884944115,
                "recall": 0.9333979801639916,
                "f1-score": 0.9364821495243212,
                "support": 319.0
            },
            "weighted avg": {
                "precision": 0.9439284190610452,
                "recall": 0.9435736677115988,
                "f1-score": 0.9434218409866981,
                "support": 319.0
            },
            "cross-entropy": 0.1387017576565494,
            "score": 0.9435736677115988
        }
    },
    "time": "0:00:03.544161",
    "chunk_size": null,
    "eval_batch_size": 32768
}
