{
    "function": "bin.ensemble.main",
    "config": {
        "seeds": [
            0
        ]
    },
    "single_model_function": "bin.ffn.main",
    "data": ":data/TabZilla-OpenML-splice-tid=45-fold=1",
    "prediction_type": "probs",
    "metrics": {
        "train": {
            "0": {
                "precision": 0.9759615384615384,
                "recall": 0.9934747145187602,
                "f1-score": 0.98464025869038,
                "support": 613.0
            },
            "1": {
                "precision": 0.9806763285024155,
                "recall": 0.99185667752443,
                "f1-score": 0.9862348178137652,
                "support": 614.0
            },
            "2": {
                "precision": 0.9969395562356542,
                "recall": 0.9833962264150944,
                "f1-score": 0.9901215805471124,
                "support": 1325.0
            },
            "accuracy": 0.9878526645768025,
            "macro avg": {
                "precision": 0.9845258077332026,
                "recall": 0.9895758728194283,
                "f1-score": 0.9869988856837525,
                "support": 2552.0
            },
            "weighted avg": {
                "precision": 0.9879876962341881,
                "recall": 0.9878526645768025,
                "f1-score": 0.9878698083619823,
                "support": 2552.0
            },
            "cross-entropy": 0.04802487030681924,
            "roc-auc": 0.9986433554107966,
            "f1-weighted": 0.9878698083619823,
            "f1-macro": 0.9869988856837525,
            "f1-micro": 0.9878526645768025,
            "score": 0.9878526645768025
        },
        "val": {
            "0": {
                "precision": 0.9493670886075949,
                "recall": 0.974025974025974,
                "f1-score": 0.9615384615384616,
                "support": 77.0
            },
            "1": {
                "precision": 0.922077922077922,
                "recall": 0.922077922077922,
                "f1-score": 0.922077922077922,
                "support": 77.0
            },
            "2": {
                "precision": 0.9693251533742331,
                "recall": 0.9575757575757575,
                "f1-score": 0.9634146341463414,
                "support": 165.0
            },
            "accuracy": 0.9529780564263323,
            "macro avg": {
                "precision": 0.9469233880199166,
                "recall": 0.9512265512265512,
                "f1-score": 0.9490103392542416,
                "support": 319.0
            },
            "weighted avg": {
                "precision": 0.9531031853590384,
                "recall": 0.9529780564263323,
                "f1-score": 0.9529839378451659,
                "support": 319.0
            },
            "cross-entropy": 0.18071974464348922,
            "roc-auc": 0.9881842544180207,
            "f1-weighted": 0.9529839378451659,
            "f1-macro": 0.9490103392542416,
            "f1-micro": 0.9529780564263323,
            "score": 0.9529780564263323
        },
        "test": {
            "0": {
                "precision": 0.9466666666666667,
                "recall": 0.922077922077922,
                "f1-score": 0.9342105263157895,
                "support": 77.0
            },
            "1": {
                "precision": 0.9733333333333334,
                "recall": 0.948051948051948,
                "f1-score": 0.9605263157894737,
                "support": 77.0
            },
            "2": {
                "precision": 0.9644970414201184,
                "recall": 0.9878787878787879,
                "f1-score": 0.9760479041916168,
                "support": 165.0
            },
            "accuracy": 0.9623824451410659,
            "macro avg": {
                "precision": 0.9614990138067062,
                "recall": 0.9526695526695527,
                "f1-score": 0.9569282487656267,
                "support": 319.0
            },
            "weighted avg": {
                "precision": 0.9623260559069579,
                "recall": 0.9623824451410659,
                "f1-score": 0.962202636469348,
                "support": 319.0
            },
            "cross-entropy": 0.21571335605619033,
            "roc-auc": 0.9866363074155281,
            "f1-weighted": 0.962202636469348,
            "f1-macro": 0.9569282487656267,
            "f1-micro": 0.9623824451410659,
            "score": 0.9623824451410659
        }
    }
}
