{
    "function": "bin.xgboost_.main",
    "gpus": [
        "NVIDIA RTX 6000 Ada Generation"
    ],
    "config": {
        "seed": 0,
        "data": {
            "seed": 0,
            "num_policy": "quantile",
            "cache": true,
            "cat_policy": "one-hot",
            "y_policy": "standard",
            "path": ":data/CTR23-OpenML-tid=361268-ctr23_361268-fold=1-seed=0"
        },
        "model": {
            "booster": "gbtree",
            "early_stopping_rounds": 200,
            "n_estimators": 4000,
            "n_jobs": 1,
            "tree_method": "gpu_hist",
            "use_label_encoder": false,
            "colsample_byree": 0.6991105311080459,
            "gamma": 0,
            "lambda": 0.0,
            "learning_rate": 0.029605774428600143,
            "max_depth": 5,
            "min_child_weight": 0.0033584500281308334,
            "subsample": 0.5290145801619378
        },
        "fit": {
            "verbose": true
        },
        "neighbors": null
    },
    "prediction_type": null,
    "time": "0:00:04.127913",
    "best_iteration": 3999,
    "metrics": {
        "train": {
            "rmse": 0.3802218322354075,
            "mae": 0.2965066151452582,
            "r2": 0.9999518394470215,
            "corr": 0.9999759203880905,
            "score": -0.3802218322354075
        },
        "val": {
            "rmse": 0.7359711173161547,
            "mae": 0.4833564700597037,
            "r2": 0.9998172521591187,
            "corr": 0.9999093870625582,
            "score": -0.7359711173161547
        },
        "test": {
            "rmse": 0.6396946656639452,
            "mae": 0.45423660262847676,
            "r2": 0.9998568892478943,
            "corr": 0.999929588554767,
            "score": -0.6396946656639452
        }
    }
}
