{
    "function": "bin.lightgbm_.main",
    "gpus": [
        "NVIDIA RTX 6000 Ada Generation",
        "NVIDIA RTX 6000 Ada Generation"
    ],
    "config": {
        "seed": 0,
        "data": {
            "seed": 0,
            "num_policy": "quantile",
            "cat_policy": null,
            "y_policy": "standard",
            "cache": true,
            "path": ":data/CTR23-OpenML-tid=361259-ctr23_361259-fold=0-seed=0"
        },
        "model": {
            "n_estimators": 4000,
            "n_jobs": 4,
            "early_stopping_rounds": 200,
            "feature_fraction": 0.8995792821083618,
            "lambda_l2": 0.17240460099242294,
            "learning_rate": 0.08313101133778733,
            "num_leaves": 113,
            "min_sum_hessian_in_leaf": 46.56005689076007,
            "bagging_fraction": 0.7609241608750359
        },
        "fit": {}
    },
    "prediction_type": null,
    "time": "0:00:00.818153",
    "best_iteration": 67,
    "metrics": {
        "train": {
            "rmse": 0.012133337103865164,
            "mae": 0.009585093990041857,
            "r2": 0.8849736648779896,
            "corr": 0.948232076385462,
            "score": -0.012133337103865164
        },
        "val": {
            "rmse": 0.02210742338552429,
            "mae": 0.01750766913260912,
            "r2": 0.637814037718395,
            "corr": 0.7994526674251957,
            "score": -0.02210742338552429
        },
        "test": {
            "rmse": 0.020334654462481155,
            "mae": 0.01604939922911546,
            "r2": 0.6826464141175356,
            "corr": 0.8296510714037417,
            "score": -0.020334654462481155
        }
    }
}
