{
    "function": "bin.xgboost_.main",
    "gpus": [
        "NVIDIA RTX 6000 Ada Generation"
    ],
    "config": {
        "seed": 0,
        "data": {
            "seed": 0,
            "num_policy": "quantile",
            "cache": true,
            "cat_policy": "one-hot",
            "y_policy": null,
            "path": ":data/TabZilla-OpenML-electricity-tid=219-fold=0"
        },
        "model": {
            "booster": "gbtree",
            "early_stopping_rounds": 200,
            "n_estimators": 4000,
            "n_jobs": 1,
            "tree_method": "gpu_hist",
            "use_label_encoder": false,
            "colsample_byree": 0.8925764560115689,
            "gamma": 0.0020882203831644325,
            "lambda": 5.6625296703939565,
            "learning_rate": 0.010338960009667775,
            "max_depth": 14,
            "min_child_weight": 0.0024558947958866163,
            "subsample": 0.9746594112078407
        },
        "fit": {
            "verbose": true
        },
        "neighbors": null
    },
    "prediction_type": "probs",
    "time": "0:02:02.332458",
    "best_iteration": 2473,
    "metrics": {
        "train": {
            "0": {
                "precision": 0.9998082362529364,
                "recall": 0.9998082362529364,
                "f1-score": 0.9998082362529364,
                "support": 20859.0
            },
            "1": {
                "precision": 0.9997400740788875,
                "recall": 0.9997400740788875,
                "f1-score": 0.9997400740788875,
                "support": 15389.0
            },
            "accuracy": 0.9997792981681748,
            "macro avg": {
                "precision": 0.999774155165912,
                "recall": 0.999774155165912,
                "f1-score": 0.999774155165912,
                "support": 36248.0
            },
            "weighted avg": {
                "precision": 0.9997792981681748,
                "recall": 0.9997792981681748,
                "f1-score": 0.9997792981681748,
                "support": 36248.0
            },
            "cross-entropy": 0.029560386733651554,
            "roc-auc": 0.999999495325768,
            "f1-weighted": 0.9997792981681748,
            "f1-macro": 0.999774155165912,
            "f1-micro": 0.9997792981681748,
            "score": 0.9997792981681748
        },
        "val": {
            "0": {
                "precision": 0.9512288786482335,
                "recall": 0.9497699386503068,
                "f1-score": 0.9504988488104374,
                "support": 2608.0
            },
            "1": {
                "precision": 0.9320539419087137,
                "recall": 0.933991683991684,
                "f1-score": 0.9330218068535826,
                "support": 1924.0
            },
            "accuracy": 0.9430714916151809,
            "macro avg": {
                "precision": 0.9416414102784736,
                "recall": 0.9418808113209953,
                "f1-score": 0.94176032783201,
                "support": 4532.0
            },
            "weighted avg": {
                "precision": 0.9430884156546686,
                "recall": 0.9430714916151809,
                "f1-score": 0.9430792043433174,
                "support": 4532.0
            },
            "cross-entropy": 0.15447667167151016,
            "roc-auc": 0.984778165376325,
            "f1-weighted": 0.9430792043433174,
            "f1-macro": 0.94176032783201,
            "f1-micro": 0.9430714916151809,
            "score": 0.9430714916151809
        },
        "test": {
            "0": {
                "precision": 0.9477927063339732,
                "recall": 0.94670245398773,
                "f1-score": 0.9472472664492615,
                "support": 2608.0
            },
            "1": {
                "precision": 0.9278671510119356,
                "recall": 0.9293139293139293,
                "f1-score": 0.9285899766294469,
                "support": 1924.0
            },
            "accuracy": 0.9393203883495146,
            "macro avg": {
                "precision": 0.9378299286729543,
                "recall": 0.9380081916508296,
                "f1-score": 0.9379186215393542,
                "support": 4532.0
            },
            "weighted avg": {
                "precision": 0.9393335782581568,
                "recall": 0.9393203883495146,
                "f1-score": 0.9393265635337004,
                "support": 4532.0
            },
            "cross-entropy": 0.15691511313117595,
            "roc-auc": 0.9842958815351454,
            "f1-weighted": 0.9393265635337004,
            "f1-macro": 0.9379186215393542,
            "f1-micro": 0.9393203883495146,
            "score": 0.9393203883495146
        }
    }
}
