{
    "function": "bin.ensemble.main",
    "config": {
        "seeds": [
            0
        ]
    },
    "single_model_function": "bin.xgboost_.main",
    "data": ":data/CTR23-OpenML-tid=361254-ctr23_361254-fold=1-seed=0",
    "prediction_type": null,
    "metrics": {
        "train": {
            "rmse": 0.011958246991580955,
            "mae": 0.008666422687579056,
            "r2": 0.9999996423721313,
            "corr": 0.9999998267405621,
            "score": -0.011958246991580955
        },
        "val": {
            "rmse": 2.4163105151099598,
            "mae": 1.4181041214316537,
            "r2": 0.9866426587104797,
            "corr": 0.993352809844924,
            "score": -2.4163105151099598
        },
        "test": {
            "rmse": 2.508547166569639,
            "mae": 1.4829546560441997,
            "r2": 0.9855818748474121,
            "corr": 0.9927714763042605,
            "score": -2.508547166569639
        }
    }
}
