{
    "function": "bin.ensemble.main",
    "config": {
        "seeds": [
            0
        ]
    },
    "single_model_function": "bin.tabr_scaling.main",
    "data": ":data/TabZilla-OpenML-credit-g-tid=31-fold=0",
    "prediction_type": "probs",
    "metrics": {
        "train": {
            "0": {
                "precision": 0.960352422907489,
                "recall": 0.9083333333333333,
                "f1-score": 0.9336188436830836,
                "support": 240.0
            },
            "1": {
                "precision": 0.9616055846422339,
                "recall": 0.9839285714285714,
                "f1-score": 0.9726390114739629,
                "support": 560.0
            },
            "accuracy": 0.96125,
            "macro avg": {
                "precision": 0.9609790037748615,
                "recall": 0.9461309523809524,
                "f1-score": 0.9531289275785233,
                "support": 800.0
            },
            "weighted avg": {
                "precision": 0.9612296361218106,
                "recall": 0.96125,
                "f1-score": 0.9609329611366991,
                "support": 800.0
            },
            "cross-entropy": 0.13454206095874738,
            "roc-auc": 0.9751190476190477,
            "f1-weighted": 0.9609329611366991,
            "f1-macro": 0.9531289275785233,
            "f1-micro": 0.96125,
            "score": 0.96125
        },
        "val": {
            "0": {
                "precision": 0.8333333333333334,
                "recall": 0.5,
                "f1-score": 0.625,
                "support": 30.0
            },
            "1": {
                "precision": 0.8170731707317073,
                "recall": 0.9571428571428572,
                "f1-score": 0.881578947368421,
                "support": 70.0
            },
            "accuracy": 0.82,
            "macro avg": {
                "precision": 0.8252032520325203,
                "recall": 0.7285714285714286,
                "f1-score": 0.7532894736842105,
                "support": 100.0
            },
            "weighted avg": {
                "precision": 0.8219512195121951,
                "recall": 0.82,
                "f1-score": 0.8046052631578948,
                "support": 100.0
            },
            "cross-entropy": 0.5912101279560854,
            "roc-auc": 0.7623809523809524,
            "f1-weighted": 0.8046052631578948,
            "f1-macro": 0.7532894736842105,
            "f1-micro": 0.82,
            "score": 0.82
        },
        "test": {
            "0": {
                "precision": 0.76,
                "recall": 0.6333333333333333,
                "f1-score": 0.6909090909090909,
                "support": 30.0
            },
            "1": {
                "precision": 0.8533333333333334,
                "recall": 0.9142857142857143,
                "f1-score": 0.8827586206896552,
                "support": 70.0
            },
            "accuracy": 0.83,
            "macro avg": {
                "precision": 0.8066666666666666,
                "recall": 0.7738095238095237,
                "f1-score": 0.786833855799373,
                "support": 100.0
            },
            "weighted avg": {
                "precision": 0.8253333333333334,
                "recall": 0.83,
                "f1-score": 0.8252037617554859,
                "support": 100.0
            },
            "cross-entropy": 0.5736675134222559,
            "roc-auc": 0.8204761904761905,
            "f1-weighted": 0.8252037617554859,
            "f1-macro": 0.786833855799373,
            "f1-micro": 0.83,
            "score": 0.83
        }
    }
}
