{
    "function": "bin.ensemble.main",
    "config": {
        "seeds": [
            0
        ]
    },
    "single_model_function": "bin.tabr_scaling.main",
    "data": ":data/TabZilla-OpenML-letter-tid=6-fold=0",
    "prediction_type": "probs",
    "metrics": {
        "train": {
            "0": {
                "precision": 1.0,
                "recall": 0.9984177215189873,
                "f1-score": 0.9992082343626286,
                "support": 632.0
            },
            "1": {
                "precision": 0.99836867862969,
                "recall": 1.0,
                "f1-score": 0.9991836734693877,
                "support": 612.0
            },
            "2": {
                "precision": 0.9949066213921901,
                "recall": 0.9965986394557823,
                "f1-score": 0.9957519116397621,
                "support": 588.0
            },
            "3": {
                "precision": 1.0,
                "recall": 0.995334370139969,
                "f1-score": 0.9976617303195635,
                "support": 643.0
            },
            "4": {
                "precision": 0.9935064935064936,
                "recall": 0.996742671009772,
                "f1-score": 0.9951219512195122,
                "support": 614.0
            },
            "5": {
                "precision": 0.9983792544570502,
                "recall": 0.9919484702093397,
                "f1-score": 0.9951534733441034,
                "support": 621.0
            },
            "6": {
                "precision": 0.9967585089141004,
                "recall": 0.9935379644588045,
                "f1-score": 0.9951456310679612,
                "support": 619.0
            },
            "7": {
                "precision": 0.9982964224872232,
                "recall": 0.9965986394557823,
                "f1-score": 0.9974468085106383,
                "support": 588.0
            },
            "8": {
                "precision": 1.0,
                "recall": 1.0,
                "f1-score": 1.0,
                "support": 603.0
            },
            "9": {
                "precision": 1.0,
                "recall": 1.0,
                "f1-score": 1.0,
                "support": 599.0
            },
            "10": {
                "precision": 0.9983050847457627,
                "recall": 0.9966159052453468,
                "f1-score": 0.9974597798475868,
                "support": 591.0
            },
            "11": {
                "precision": 1.0,
                "recall": 1.0,
                "f1-score": 1.0,
                "support": 609.0
            },
            "12": {
                "precision": 0.998422712933754,
                "recall": 0.998422712933754,
                "f1-score": 0.998422712933754,
                "support": 634.0
            },
            "13": {
                "precision": 0.9984025559105432,
                "recall": 0.9984025559105432,
                "f1-score": 0.9984025559105432,
                "support": 626.0
            },
            "14": {
                "precision": 0.9836601307189542,
                "recall": 0.9983416252072969,
                "f1-score": 0.9909465020576131,
                "support": 603.0
            },
            "15": {
                "precision": 0.9907407407407407,
                "recall": 0.9984447900466563,
                "f1-score": 0.994577846630519,
                "support": 643.0
            },
            "16": {
                "precision": 0.998389694041868,
                "recall": 0.988835725677831,
                "f1-score": 0.9935897435897436,
                "support": 627.0
            },
            "17": {
                "precision": 0.9983471074380166,
                "recall": 0.9966996699669967,
                "f1-score": 0.9975227085053675,
                "support": 606.0
            },
            "18": {
                "precision": 1.0,
                "recall": 1.0,
                "f1-score": 1.0,
                "support": 598.0
            },
            "19": {
                "precision": 1.0,
                "recall": 0.9921630094043887,
                "f1-score": 0.996066089693155,
                "support": 638.0
            },
            "20": {
                "precision": 0.9984639016897081,
                "recall": 1.0,
                "f1-score": 0.9992313604919293,
                "support": 650.0
            },
            "21": {
                "precision": 1.0,
                "recall": 0.9983606557377049,
                "f1-score": 0.9991796554552912,
                "support": 610.0
            },
            "22": {
                "precision": 1.0,
                "recall": 1.0,
                "f1-score": 1.0,
                "support": 602.0
            },
            "23": {
                "precision": 0.9984126984126984,
                "recall": 0.9984126984126984,
                "f1-score": 0.9984126984126984,
                "support": 630.0
            },
            "24": {
                "precision": 0.9921011058451816,
                "recall": 1.0,
                "f1-score": 0.9960348929421095,
                "support": 628.0
            },
            "25": {
                "precision": 0.9982964224872232,
                "recall": 1.0,
                "f1-score": 0.9991474850809889,
                "support": 586.0
            },
            "accuracy": 0.9974375,
            "macro avg": {
                "precision": 0.9974522359365845,
                "recall": 0.9974568394150635,
                "f1-score": 0.9974487479032638,
                "support": 16000.0
            },
            "weighted avg": {
                "precision": 0.9974517576121229,
                "recall": 0.9974375,
                "f1-score": 0.9974387948716766,
                "support": 16000.0
            },
            "cross-entropy": 0.009331694700534637,
            "roc-auc": 0.9999987239304438,
            "f1-weighted": 0.9974387948716766,
            "f1-macro": 0.9974487479032638,
            "f1-micro": 0.9974375,
            "score": 0.9974375
        },
        "val": {
            "0": {
                "precision": 1.0,
                "recall": 1.0,
                "f1-score": 1.0,
                "support": 78.0
            },
            "1": {
                "precision": 0.9620253164556962,
                "recall": 0.987012987012987,
                "f1-score": 0.9743589743589743,
                "support": 77.0
            },
            "2": {
                "precision": 1.0,
                "recall": 0.9864864864864865,
                "f1-score": 0.9931972789115646,
                "support": 74.0
            },
            "3": {
                "precision": 0.9518072289156626,
                "recall": 0.9753086419753086,
                "f1-score": 0.9634146341463414,
                "support": 81.0
            },
            "4": {
                "precision": 0.9620253164556962,
                "recall": 0.987012987012987,
                "f1-score": 0.9743589743589743,
                "support": 77.0
            },
            "5": {
                "precision": 0.9382716049382716,
                "recall": 0.987012987012987,
                "f1-score": 0.9620253164556962,
                "support": 77.0
            },
            "6": {
                "precision": 0.9736842105263158,
                "recall": 0.961038961038961,
                "f1-score": 0.9673202614379085,
                "support": 77.0
            },
            "7": {
                "precision": 0.9864864864864865,
                "recall": 1.0,
                "f1-score": 0.9931972789115646,
                "support": 73.0
            },
            "8": {
                "precision": 1.0,
                "recall": 0.9868421052631579,
                "f1-score": 0.9933774834437086,
                "support": 76.0
            },