{
    "function": "bin.ensemble.main",
    "config": {
        "seeds": [
            0
        ]
    },
    "single_model_function": "bin.lightgbm_.main",
    "data": ":data/CTR23-OpenML-tid=361243-ctr23_361243-fold=0-seed=0",
    "prediction_type": null,
    "metrics": {
        "train": {
            "rmse": 8.00207402790521,
            "mae": 5.9813361695920655,
            "r2": 0.8099499174467404,
            "corr": 0.9379887910782214,
            "score": -8.00207402790521
        },
        "val": {
            "rmse": 15.489477045729577,
            "mae": 11.610858050191592,
            "r2": 0.33223873309258856,
            "corr": 0.5813434334834748,
            "score": -15.489477045729577
        },
        "test": {
            "rmse": 14.979225664264451,
            "mae": 11.487078842556127,
            "r2": 0.33553971153407613,
            "corr": 0.586253752608412,
            "score": -14.979225664264451
        }
    }
}
