{
    "function": "bin.ensemble.main",
    "config": {
        "seeds": [
            0
        ]
    },
    "single_model_function": "bin.lightgbm_.main",
    "data": ":data/CTR23-OpenML-tid=361250-ctr23_361250-fold=0-seed=0",
    "prediction_type": null,
    "metrics": {
        "train": {
            "rmse": 0.22072876351043136,
            "mae": 0.15469494663709915,
            "r2": 0.9252818111100342,
            "corr": 0.9691071111543662,
            "score": -0.22072876351043136
        },
        "val": {
            "rmse": 0.5560057800325602,
            "mae": 0.407248214197827,
            "r2": 0.5061105019860104,
            "corr": 0.71442828376372,
            "score": -0.5560057800325602
        },
        "test": {
            "rmse": 0.6203912344579355,
            "mae": 0.4381452730314969,
            "r2": 0.43629134988778273,
            "corr": 0.6650649082498453,
            "score": -0.6203912344579355
        }
    }
}
