{
    "function": "bin.tabr_scaling.main",
    "gpus": [
        "NVIDIA A100-SXM4-40GB"
    ],
    "config": {
        "seed": 0,
        "batch_size": 256,
        "patience": 16,
        "n_epochs": Infinity,
        "context_size": 96,
        "data": {
            "seed": 0,
            "cache": true,
            "num_policy": "quantile",
            "cat_policy": null,
            "path": ":data/TabZilla-OpenML-balance-scale-tid=11-fold=0",
            "y_policy": null
        },
        "optimizer": {
            "type": "AdamW",
            "lr": 0.000906226347126195,
            "weight_decay": 0.0
        },
        "model": {
            "num_embeddings": null,
            "d_main": 321,
            "context_dropout": 0.07096465552135993,
            "d_multiplier": 2.0,
            "encoder_n_blocks": 0,
            "predictor_n_blocks": 1,
            "mixer_normalization": "auto",
            "dropout0": 0.38395261279651427,
            "dropout1": 0.0,
            "normalization": "LayerNorm",
            "activation": "ReLU"
        }
    },
    "n_parameters": 934113,
    "prediction_type": "logits",
    "best_epoch": 17,
    "metrics": {
        "train": {
            "0": {
                "precision": 0.8571428571428571,
                "recall": 0.9230769230769231,
                "f1-score": 0.8888888888888888,
                "support": 39.0
            },
            "1": {
                "precision": 0.9911894273127754,
                "recall": 0.9782608695652174,
                "f1-score": 0.9846827133479212,
                "support": 230.0
            },
            "2": {
                "precision": 0.9956521739130435,
                "recall": 0.9956521739130435,
                "f1-score": 0.9956521739130435,
                "support": 230.0
            },
            "accuracy": 0.9819639278557114,
            "macro avg": {
                "precision": 0.9479948194562254,
                "recall": 0.9656633221850613,
                "f1-score": 0.9564079253832846,
                "support": 499.0
            },
            "weighted avg": {
                "precision": 0.9827698190591377,
                "recall": 0.9819639278557114,
                "f1-score": 0.9822518852438649,
                "support": 499.0
            },
            "cross-entropy": 0.04884948198054666,
            "roc-auc": 0.9980427511996511,
            "f1-weighted": 0.9822518852438649,
            "f1-macro": 0.9564079253832846,
            "f1-micro": 0.9819639278557114,
            "score": 0.9819639278557114
        },
        "val": {
            "0": {
                "precision": 0.8333333333333334,
                "recall": 1.0,
                "f1-score": 0.9090909090909091,
                "support": 5.0
            },
            "1": {
                "precision": 1.0,
                "recall": 1.0,
                "f1-score": 1.0,
                "support": 29.0
            },
            "2": {
                "precision": 1.0,
                "recall": 0.9655172413793104,
                "f1-score": 0.9824561403508771,
                "support": 29.0
            },
            "accuracy": 0.9841269841269841,
            "macro avg": {
                "precision": 0.9444444444444445,
                "recall": 0.9885057471264368,
                "f1-score": 0.9638490164805954,
                "support": 63.0
            },
            "weighted avg": {
                "precision": 0.9867724867724867,
                "recall": 0.9841269841269841,
                "f1-score": 0.9847092478671426,
                "support": 63.0
            },
            "cross-entropy": 0.11262814145188475,
            "roc-auc": 0.9931034482758619,
            "f1-weighted": 0.9847092478671426,
            "f1-macro": 0.9638490164805954,
            "f1-micro": 0.9841269841269841,
            "score": 0.9841269841269841
        },
        "test": {
            "0": {
                "precision": 1.0,
                "recall": 1.0,
                "f1-score": 1.0,
                "support": 5.0
            },
            "1": {
                "precision": 1.0,
                "recall": 1.0,
                "f1-score": 1.0,
                "support": 29.0
            },
            "2": {
                "precision": 1.0,
                "recall": 1.0,
                "f1-score": 1.0,
                "support": 29.0
            },
            "accuracy": 1.0,
            "macro avg": {
                "precision": 1.0,
                "recall": 1.0,
                "f1-score": 1.0,
                "support": 63.0
            },
            "weighted avg": {
                "precision": 1.0,
                "recall": 1.0,
                "f1-score": 1.0,
                "support": 63.0
            },
            "cross-entropy": 0.014433774374814457,
            "roc-auc": 1.0,
            "f1-weighted": 1.0,
            "f1-macro": 1.0,
            "f1-micro": 1.0,
            "score": 1.0
        }
    },
    "time": "0:00:09.106059",
    "chunk_size": null,
    "eval_batch_size": 32768
}
