{
    "function": "bin.ensemble.main",
    "config": {
        "seeds": [
            0
        ]
    },
    "single_model_function": "bin.tabr_scaling.main",
    "data": ":data/TabZilla-OpenML-climate-model-simulation-crashes-146819",
    "prediction_type": "probs",
    "metrics": {
        "train": {
            "0": {
                "precision": 1.0,
                "recall": 0.34210526315789475,
                "f1-score": 0.5098039215686274,
                "support": 38.0
            },
            "1": {
                "precision": 0.9403341288782816,
                "recall": 1.0,
                "f1-score": 0.9692496924969249,
                "support": 394.0
            },
            "accuracy": 0.9421296296296297,
            "macro avg": {
                "precision": 0.9701670644391408,
                "recall": 0.6710526315789473,
                "f1-score": 0.7395268070327762,
                "support": 432.0
            },
            "weighted avg": {
                "precision": 0.9455825156899142,
                "recall": 0.9421296296296297,
                "f1-score": 0.9288354811652693,
                "support": 432.0
            },
            "cross-entropy": 0.17405241389221154,
            "roc-auc": 0.9560512957520706,
            "score": 0.9421296296296297
        },
        "val": {
            "0": {
                "precision": 1.0,
                "recall": 0.25,
                "f1-score": 0.4,
                "support": 4.0
            },
            "1": {
                "precision": 0.9433962264150944,
                "recall": 1.0,
                "f1-score": 0.970873786407767,
                "support": 50.0
            },
            "accuracy": 0.9444444444444444,
            "macro avg": {
                "precision": 0.9716981132075472,
                "recall": 0.625,
                "f1-score": 0.6854368932038835,
                "support": 54.0
            },
            "weighted avg": {
                "precision": 0.9475890985324947,
                "recall": 0.9444444444444444,
                "f1-score": 0.928586839266451,
                "support": 54.0
            },
            "cross-entropy": 0.1988977299626466,
            "roc-auc": 0.9349999999999999,
            "score": 0.9444444444444444
        },
        "test": {
            "0": {
                "precision": 0.0,
                "recall": 0.0,
                "f1-score": 0.0,
                "support": 4.0
            },
            "1": {
                "precision": 0.9259259259259259,
                "recall": 1.0,
                "f1-score": 0.9615384615384616,
                "support": 50.0
            },
            "accuracy": 0.9259259259259259,
            "macro avg": {
                "precision": 0.46296296296296297,
                "recall": 0.5,
                "f1-score": 0.4807692307692308,
                "support": 54.0
            },
            "weighted avg": {
                "precision": 0.8573388203017833,
                "recall": 0.9259259259259259,
                "f1-score": 0.8903133903133904,
                "support": 54.0
            },
            "cross-entropy": 0.22907736520421007,
            "roc-auc": 0.89,
            "score": 0.9259259259259259
        }
    }
}
