{
    "function": "bin.ensemble.main",
    "config": {
        "seeds": [
            0
        ]
    },
    "single_model_function": "bin.tabr_scaling.main",
    "data": ":data/TabZilla-OpenML-climate-model-simulation-crashes-tid=146819-fold=0",
    "prediction_type": "probs",
    "metrics": {
        "train": {
            "0": {
                "precision": 0.9714285714285714,
                "recall": 0.8947368421052632,
                "f1-score": 0.9315068493150684,
                "support": 38.0
            },
            "1": {
                "precision": 0.9899244332493703,
                "recall": 0.9974619289340102,
                "f1-score": 0.9936788874841972,
                "support": 394.0
            },
            "accuracy": 0.9884259259259259,
            "macro avg": {
                "precision": 0.9806765023389709,
                "recall": 0.9460993855196367,
                "f1-score": 0.9625928683996328,
                "support": 432.0
            },
            "weighted avg": {
                "precision": 0.9882974824410593,
                "recall": 0.9884259259259259,
                "f1-score": 0.9882100507933942,
                "support": 432.0
            },
            "cross-entropy": 0.03239671622634725,
            "roc-auc": 0.9986641731231632,
            "f1-weighted": 0.9882100507933942,
            "f1-macro": 0.9625928683996328,
            "f1-micro": 0.9884259259259259,
            "score": 0.9884259259259259
        },
        "val": {
            "0": {
                "precision": 0.75,
                "recall": 0.75,
                "f1-score": 0.75,
                "support": 4.0
            },
            "1": {
                "precision": 0.98,
                "recall": 0.98,
                "f1-score": 0.98,
                "support": 50.0
            },
            "accuracy": 0.9629629629629629,
            "macro avg": {
                "precision": 0.865,
                "recall": 0.865,
                "f1-score": 0.865,
                "support": 54.0
            },
            "weighted avg": {
                "precision": 0.9629629629629629,
                "recall": 0.9629629629629629,
                "f1-score": 0.9629629629629629,
                "support": 54.0
            },
            "cross-entropy": 0.12430879163968551,
            "roc-auc": 0.98,
            "f1-weighted": 0.9629629629629629,
            "f1-macro": 0.865,
            "f1-micro": 0.9629629629629629,
            "score": 0.9629629629629629
        },
        "test": {
            "0": {
                "precision": 0.5,
                "recall": 0.5,
                "f1-score": 0.5,
                "support": 4.0
            },
            "1": {
                "precision": 0.96,
                "recall": 0.96,
                "f1-score": 0.96,
                "support": 50.0
            },
            "accuracy": 0.9259259259259259,
            "macro avg": {
                "precision": 0.73,
                "recall": 0.73,
                "f1-score": 0.73,
                "support": 54.0
            },
            "weighted avg": {
                "precision": 0.9259259259259259,
                "recall": 0.9259259259259259,
                "f1-score": 0.9259259259259259,
                "support": 54.0
            },
            "cross-entropy": 0.2883394191283089,
            "roc-auc": 0.835,
            "f1-weighted": 0.9259259259259259,
            "f1-macro": 0.73,
            "f1-micro": 0.9259259259259259,
            "score": 0.9259259259259259
        }
    }
}
