{
    "function": "bin.xgboost_.main",
    "gpus": [
        "NVIDIA RTX 6000 Ada Generation"
    ],
    "config": {
        "seed": 0,
        "data": {
            "seed": 0,
            "num_policy": "quantile",
            "cache": true,
            "cat_policy": null,
            "y_policy": "standard",
            "path": ":data/CTR23-OpenML-tid=361621-ctr23_361621-fold=1-seed=0"
        },
        "model": {
            "booster": "gbtree",
            "early_stopping_rounds": 200,
            "n_estimators": 4000,
            "n_jobs": 1,
            "tree_method": "gpu_hist",
            "use_label_encoder": false,
            "colsample_byree": 0.6991105311080459,
            "gamma": 0,
            "lambda": 0.0,
            "learning_rate": 0.029605774428600143,
            "max_depth": 5,
            "min_child_weight": 0.0033584500281308334,
            "subsample": 0.5290145801619378
        },
        "fit": {
            "verbose": true
        },
        "neighbors": null
    },
    "prediction_type": null,
    "time": "0:00:00.487710",
    "best_iteration": 372,
    "metrics": {
        "train": {
            "rmse": 0.33233898294037695,
            "mae": 0.26575275144303134,
            "r2": 0.9463201761245728,
            "corr": 0.9744575606119734,
            "score": -0.33233898294037695
        },
        "val": {
            "rmse": 0.7878138594060219,
            "mae": 0.5940769380388389,
            "r2": 0.7297220230102539,
            "corr": 0.8553450111737317,
            "score": -0.7878138594060219
        },
        "test": {
            "rmse": 0.9875152431219353,
            "mae": 0.7339366599599373,
            "r2": 0.574124813079834,
            "corr": 0.7637944117455524,
            "score": -0.9875152431219353
        }
    }
}
