{
    "function": "bin.xgboost_.main",
    "gpus": [
        "NVIDIA RTX 6000 Ada Generation"
    ],
    "config": {
        "seed": 0,
        "data": {
            "seed": 0,
            "num_policy": "quantile",
            "cache": true,
            "cat_policy": "one-hot",
            "y_policy": "standard",
            "path": ":data/CTR23-OpenML-tid=361244-ctr23_361244-fold=1-seed=0"
        },
        "model": {
            "booster": "gbtree",
            "early_stopping_rounds": 200,
            "n_estimators": 4000,
            "n_jobs": 1,
            "tree_method": "gpu_hist",
            "use_label_encoder": false,
            "colsample_byree": 0.9763745057584925,
            "gamma": 3.1433763157634242,
            "lambda": 0.6208854487201753,
            "learning_rate": 0.43985505895242316,
            "max_depth": 9,
            "min_child_weight": 19.516959959177033,
            "subsample": 0.846265795038883
        },
        "fit": {
            "verbose": true
        },
        "neighbors": null
    },
    "prediction_type": null,
    "time": "0:00:00.485799",
    "best_iteration": 2,
    "metrics": {
        "train": {
            "rmse": 0.7420749874200132,
            "mae": 0.4366486307604305,
            "r2": 0.21493136882781982,
            "corr": 0.4784458874499689,
            "score": -0.7420749874200132
        },
        "val": {
            "rmse": 0.7911126911996894,
            "mae": 0.4269567229146105,
            "r2": 0.11458587646484375,
            "corr": 0.34776929259076683,
            "score": -0.7911126911996894
        },
        "test": {
            "rmse": 0.7685406292665473,
            "mae": 0.425276117969247,
            "r2": 0.07894212007522583,
            "corr": 0.3184594098904819,
            "score": -0.7685406292665473
        }
    }
}
