{
    "function": "bin.lightgbm_.main",
    "gpus": [
        "NVIDIA RTX 6000 Ada Generation",
        "NVIDIA RTX 6000 Ada Generation"
    ],
    "config": {
        "seed": 0,
        "data": {
            "seed": 0,
            "num_policy": "quantile",
            "cat_policy": null,
            "y_policy": "standard",
            "cache": true,
            "path": ":data/CTR23-OpenML-tid=361241-ctr23_361241-fold=0-seed=0"
        },
        "model": {
            "n_estimators": 4000,
            "n_jobs": 4,
            "early_stopping_rounds": 200,
            "feature_fraction": 0.7119275242790899,
            "lambda_l2": 0.0,
            "learning_rate": 0.008030164648270104,
            "num_leaves": 509,
            "min_sum_hessian_in_leaf": 0.0055013039835233235,
            "bagging_fraction": 0.8090077144994208
        },
        "fit": {}
    },
    "prediction_type": null,
    "time": "0:00:29.815368",
    "best_iteration": 4000,
    "metrics": {
        "train": {
            "rmse": 0.6809230258667783,
            "mae": 0.4419163774647353,
            "r2": 0.9876079790715677,
            "corr": 0.9944816267720952,
            "score": -0.6809230258667783
        },
        "val": {
            "rmse": 3.4402061953115743,
            "mae": 2.331351553511221,
            "r2": 0.685421504080761,
            "corr": 0.8281107594333359,
            "score": -3.4402061953115743
        },
        "test": {
            "rmse": 3.4166803748251056,
            "mae": 2.2850162390128963,
            "r2": 0.6867575893369352,
            "corr": 0.8288699214314439,
            "score": -3.4166803748251056
        }
    }
}
