{
    "function": "bin.ensemble.main",
    "config": {
        "seeds": [
            0
        ]
    },
    "single_model_function": "bin.xgboost_.main",
    "data": ":data/CTR23-OpenML-tid=361259-ctr23_361259-seed=0",
    "prediction_type": null,
    "metrics": {
        "train": {
            "rmse": 0.015282282689117228,
            "mae": 0.012333916407019752,
            "r2": 0.8175208568572998,
            "corr": 0.9134656896474047,
            "score": -0.015282282689117228
        },
        "val": {
            "rmse": 0.02184033075537094,
            "mae": 0.01730979635812635,
            "r2": 0.6465127468109131,
            "corr": 0.80515078057196,
            "score": -0.02184033075537094
        },
        "test": {
            "rmse": 0.01997972949250135,
            "mae": 0.015644766213141592,
            "r2": 0.6936280727386475,
            "corr": 0.8382191593648516,
            "score": -0.01997972949250135
        }
    }
}
