{
    "function": "bin.ensemble.main",
    "config": {
        "seeds": [
            0
        ]
    },
    "single_model_function": "bin.xgboost_.main",
    "data": ":data/TabZilla-OpenML-Bioresponse-tid=9910-fold=1",
    "prediction_type": "probs",
    "metrics": {
        "train": {
            "0": {
                "precision": 0.9778761061946902,
                "recall": 0.965768390386016,
                "f1-score": 0.9717845364602419,
                "support": 1373.0
            },
            "1": {
                "precision": 0.9714285714285714,
                "recall": 0.9815724815724816,
                "f1-score": 0.9764741827069966,
                "support": 1628.0
            },
            "accuracy": 0.9743418860379873,
            "macro avg": {
                "precision": 0.9746523388116308,
                "recall": 0.9736704359792487,
                "f1-score": 0.9741293595836192,
                "support": 3001.0
            },
            "weighted avg": {
                "precision": 0.97437840989371,
                "recall": 0.9743418860379873,
                "f1-score": 0.9743286031345894,
                "support": 3001.0
            },
            "cross-entropy": 0.15549354071404656,
            "roc-auc": 0.9978941896276201,
            "f1-weighted": 0.9743286031345894,
            "f1-macro": 0.9741293595836192,
            "f1-micro": 0.9743418860379873,
            "score": 0.9743418860379873
        },
        "val": {
            "0": {
                "precision": 0.864516129032258,
                "recall": 0.7790697674418605,
                "f1-score": 0.8195718654434251,
                "support": 172.0
            },
            "1": {
                "precision": 0.8272727272727273,
                "recall": 0.896551724137931,
                "f1-score": 0.8605200945626478,
                "support": 203.0
            },
            "accuracy": 0.8426666666666667,
            "macro avg": {
                "precision": 0.8458944281524927,
                "recall": 0.8378107457898958,
                "f1-score": 0.8400459800030364,
                "support": 375.0
            },
            "weighted avg": {
                "precision": 0.8443550342130987,
                "recall": 0.8426666666666667,
                "f1-score": 0.841738506806631,
                "support": 375.0
            },
            "cross-entropy": 0.4217029968455951,
            "roc-auc": 0.8870718295337382,
            "f1-weighted": 0.841738506806631,
            "f1-macro": 0.8400459800030364,
            "f1-micro": 0.8426666666666667,
            "score": 0.8426666666666667
        },
        "test": {
            "0": {
                "precision": 0.8037974683544303,
                "recall": 0.7383720930232558,
                "f1-score": 0.7696969696969697,
                "support": 172.0
            },
            "1": {
                "precision": 0.7926267281105991,
                "recall": 0.8472906403940886,
                "f1-score": 0.819047619047619,
                "support": 203.0
            },
            "accuracy": 0.7973333333333333,
            "macro avg": {
                "precision": 0.7982120982325147,
                "recall": 0.7928313667086722,
                "f1-score": 0.7943722943722944,
                "support": 375.0
            },
            "weighted avg": {
                "precision": 0.7977503743024363,
                "recall": 0.7973333333333333,
                "f1-score": 0.7964121212121211,
                "support": 375.0
            },
            "cross-entropy": 0.4578313835771023,
            "roc-auc": 0.8689426051094054,
            "f1-weighted": 0.7964121212121211,
            "f1-macro": 0.7943722943722944,
            "f1-micro": 0.7973333333333333,
            "score": 0.7973333333333333
        }
    }
}
