{
    "function": "bin.tabr.main",
    "gpus": [
        "NVIDIA A100-SXM4-40GB"
    ],
    "config": {
        "seed": 0,
        "batch_size": 256,
        "patience": 16,
        "n_epochs": Infinity,
        "context_size": 96,
        "data": {
            "seed": 0,
            "cache": true,
            "num_policy": "quantile",
            "cat_policy": null,
            "path": ":data/TabZilla-OpenML-Bioresponse-tid=9910-fold=0",
            "y_policy": null
        },
        "optimizer": {
            "type": "AdamW",
            "lr": 0.00014894497971271945,
            "weight_decay": 1.0218589483781255e-06
        },
        "model": {
            "num_embeddings": null,
            "d_main": 291,
            "context_dropout": 0.1620047839152989,
            "d_multiplier": 2.0,
            "encoder_n_blocks": 0,
            "predictor_n_blocks": 1,
            "mixer_normalization": "auto",
            "dropout0": 0.44111641327355694,
            "dropout1": 0.0,
            "normalization": "LayerNorm",
            "activation": "ReLU"
        }
    },
    "n_parameters": 1283020,
    "prediction_type": "logits",
    "best_epoch": 6,
    "metrics": {
        "train": {
            "0": {
                "precision": 0.9344262295081968,
                "recall": 0.9133284777858703,
                "f1-score": 0.9237569060773481,
                "support": 1373.0
            },
            "1": {
                "precision": 0.928226779252111,
                "recall": 0.9459127228027043,
                "f1-score": 0.936986301369863,
                "support": 1627.0
            },
            "accuracy": 0.931,
            "macro avg": {
                "precision": 0.9313265043801539,
                "recall": 0.9296206002942873,
                "f1-score": 0.9303716037236056,
                "support": 3000.0
            },
            "weighted avg": {
                "precision": 0.9310640609859796,
                "recall": 0.931,
                "f1-score": 0.9309316481243219,
                "support": 3000.0
            },
            "cross-entropy": 0.2198218982351828,
            "roc-auc": 0.9647468452744139,
            "f1-weighted": 0.9309316481243219,
            "f1-macro": 0.9303716037236056,
            "f1-micro": 0.931,
            "score": 0.931
        },
        "val": {
            "0": {
                "precision": 0.8154761904761905,
                "recall": 0.7965116279069767,
                "f1-score": 0.8058823529411765,
                "support": 172.0
            },
            "1": {
                "precision": 0.8309178743961353,
                "recall": 0.8472906403940886,
                "f1-score": 0.8390243902439024,
                "support": 203.0
            },
            "accuracy": 0.824,
            "macro avg": {
                "precision": 0.8231970324361628,
                "recall": 0.8219011341505327,
                "f1-score": 0.8224533715925395,
                "support": 375.0
            },
            "weighted avg": {
                "precision": 0.8238352887048539,
                "recall": 0.824,
                "f1-score": 0.8238232424677188,
                "support": 375.0
            },
            "cross-entropy": 0.5089279689616262,
            "roc-auc": 0.8724367052354223,
            "f1-weighted": 0.8238232424677188,
            "f1-macro": 0.8224533715925395,
            "f1-micro": 0.824,
            "score": 0.824
        },
        "test": {
            "0": {
                "precision": 0.754601226993865,
                "recall": 0.7151162790697675,
                "f1-score": 0.7343283582089553,
                "support": 172.0
            },
            "1": {
                "precision": 0.7699530516431925,
                "recall": 0.803921568627451,
                "f1-score": 0.7865707434052758,
                "support": 204.0
            },
            "accuracy": 0.7632978723404256,
            "macro avg": {
                "precision": 0.7622771393185288,
                "recall": 0.7595189238486093,
                "f1-score": 0.7604495508071155,
                "support": 376.0
            },
            "weighted avg": {
                "precision": 0.7629304084525427,
                "recall": 0.7632978723404256,
                "f1-score": 0.7626726310282355,
                "support": 376.0
            },
            "cross-entropy": 0.6073916981833574,
            "roc-auc": 0.85328317373461,
            "f1-weighted": 0.7626726310282355,
            "f1-macro": 0.7604495508071155,
            "f1-micro": 0.7632978723404256,
            "score": 0.7632978723404256
        }
    },
    "time": "0:00:31.646934",
    "chunk_size": null,
    "eval_batch_size": 32768
}
