{
    "function": "bin.ensemble.main",
    "config": {
        "seeds": [
            0
        ]
    },
    "single_model_function": "bin.lightgbm_.main",
    "data": ":data/CTR23-OpenML-tid=361259-ctr23_361259-fold=0-seed=0",
    "prediction_type": null,
    "metrics": {
        "train": {
            "rmse": 0.012133337103865164,
            "mae": 0.009585093990041857,
            "r2": 0.8849736648779896,
            "corr": 0.948232076385462,
            "score": -0.012133337103865164
        },
        "val": {
            "rmse": 0.02210742338552429,
            "mae": 0.01750766913260912,
            "r2": 0.637814037718395,
            "corr": 0.7994526674251957,
            "score": -0.02210742338552429
        },
        "test": {
            "rmse": 0.020334654462481155,
            "mae": 0.01604939922911546,
            "r2": 0.6826464141175356,
            "corr": 0.8296510714037417,
            "score": -0.020334654462481155
        }
    }
}
