{
    "function": "bin.ffn.main",
    "gpus": [
        "NVIDIA RTX 6000 Ada Generation"
    ],
    "config": {
        "seed": 0,
        "batch_size": 256,
        "patience": 16,
        "n_epochs": Infinity,
        "data": {
            "seed": 0,
            "cache": true,
            "num_policy": "quantile",
            "cat_policy": null,
            "y_policy": "standard",
            "path": ":data/CTR23-OpenML-tid=361253-ctr23_361253-seed=0"
        },
        "optimizer": {
            "type": "AdamW",
            "lr": 0.0009197266687466414,
            "weight_decay": 1.9008376820188854e-05
        },
        "model": {
            "backbone": {
                "type": "MLP",
                "n_blocks": 3,
                "d_layer": 195,
                "dropout": 0.0,
                "activation": "ReLU"
            },
            "num_embeddings": {
                "type": "PLREmbeddings",
                "n_frequencies": 57,
                "frequency_scale": 0.07893472784033653,
                "d_embedding": 20,
                "lite": true
            }
        }
    },
    "n_parameters": 269067,
    "prediction_type": null,
    "best_epoch": 60,
    "metrics": {
        "train": {
            "rmse": 876.932196944567,
            "mae": 673.758052297726,
            "r2": 0.9999386668205261,
            "corr": 0.9999695498352987,
            "score": -876.932196944567
        },
        "val": {
            "rmse": 932.7409113687589,
            "mae": 700.9365317027004,
            "r2": 0.9999325275421143,
            "corr": 0.9999666453655198,
            "score": -932.7409113687589
        },
        "test": {
            "rmse": 921.335054130504,
            "mae": 696.2609221926141,
            "r2": 0.9999314546585083,
            "corr": 0.9999659899107934,
            "score": -921.335054130504
        }
    },
    "time": "0:00:20.007487",
    "chunk_size": null,
    "eval_batch_size": 32768
}
