{
    "function": "bin.ensemble.main",
    "config": {
        "seeds": [
            0
        ]
    },
    "single_model_function": "bin.ffn.main",
    "data": ":data/TabZilla-OpenML-mfeat-factors-tid=12-fold=0",
    "prediction_type": "probs",
    "metrics": {
        "train": {
            "0": {
                "precision": 1.0,
                "recall": 1.0,
                "f1-score": 1.0,
                "support": 160.0
            },
            "1": {
                "precision": 1.0,
                "recall": 1.0,
                "f1-score": 1.0,
                "support": 160.0
            },
            "2": {
                "precision": 1.0,
                "recall": 1.0,
                "f1-score": 1.0,
                "support": 160.0
            },
            "3": {
                "precision": 1.0,
                "recall": 1.0,
                "f1-score": 1.0,
                "support": 160.0
            },
            "4": {
                "precision": 0.9875776397515528,
                "recall": 0.99375,
                "f1-score": 0.9906542056074766,
                "support": 160.0
            },
            "5": {
                "precision": 1.0,
                "recall": 1.0,
                "f1-score": 1.0,
                "support": 160.0
            },
            "6": {
                "precision": 0.9937106918238994,
                "recall": 0.9875,
                "f1-score": 0.9905956112852664,
                "support": 160.0
            },
            "7": {
                "precision": 1.0,
                "recall": 1.0,
                "f1-score": 1.0,
                "support": 160.0
            },
            "8": {
                "precision": 1.0,
                "recall": 1.0,
                "f1-score": 1.0,
                "support": 160.0
            },
            "9": {
                "precision": 1.0,
                "recall": 1.0,
                "f1-score": 1.0,
                "support": 160.0
            },
            "accuracy": 0.998125,
            "macro avg": {
                "precision": 0.9981288331575453,
                "recall": 0.9981249999999999,
                "f1-score": 0.9981249816892742,
                "support": 1600.0
            },
            "weighted avg": {
                "precision": 0.9981288331575453,
                "recall": 0.998125,
                "f1-score": 0.9981249816892743,
                "support": 1600.0
            },
            "cross-entropy": 0.010457976405338403,
            "roc-auc": 0.9999670138888888,
            "f1-weighted": 0.9981249816892743,
            "f1-macro": 0.9981249816892742,
            "f1-micro": 0.998125,
            "score": 0.998125
        },
        "val": {
            "0": {
                "precision": 1.0,
                "recall": 1.0,
                "f1-score": 1.0,
                "support": 20.0
            },
            "1": {
                "precision": 0.9523809523809523,
                "recall": 1.0,
                "f1-score": 0.975609756097561,
                "support": 20.0
            },
            "2": {
                "precision": 0.9523809523809523,
                "recall": 1.0,
                "f1-score": 0.975609756097561,
                "support": 20.0
            },
            "3": {
                "precision": 1.0,
                "recall": 1.0,
                "f1-score": 1.0,
                "support": 20.0
            },
            "4": {
                "precision": 1.0,
                "recall": 0.95,
                "f1-score": 0.9743589743589743,
                "support": 20.0
            },
            "5": {
                "precision": 1.0,
                "recall": 1.0,
                "f1-score": 1.0,
                "support": 20.0
            },
            "6": {
                "precision": 1.0,
                "recall": 1.0,
                "f1-score": 1.0,
                "support": 20.0
            },
            "7": {
                "precision": 1.0,
                "recall": 1.0,
                "f1-score": 1.0,
                "support": 20.0
            },
            "8": {
                "precision": 1.0,
                "recall": 0.95,
                "f1-score": 0.9743589743589743,
                "support": 20.0
            },
            "9": {
                "precision": 1.0,
                "recall": 1.0,
                "f1-score": 1.0,
                "support": 20.0
            },
            "accuracy": 0.99,
            "macro avg": {
                "precision": 0.9904761904761905,
                "recall": 0.99,
                "f1-score": 0.9899937460913071,
                "support": 200.0
            },
            "weighted avg": {
                "precision": 0.9904761904761905,
                "recall": 0.99,
                "f1-score": 0.989993746091307,
                "support": 200.0
            },
            "cross-entropy": 0.07231756622218125,
            "roc-auc": 0.9995833333333334,
            "f1-weighted": 0.989993746091307,
            "f1-macro": 0.9899937460913071,
            "f1-micro": 0.99,
            "score": 0.99
        },
        "test": {
            "0": {
                "precision": 0.9444444444444444,
                "recall": 0.85,
                "f1-score": 0.8947368421052632,
                "support": 20.0
            },
            "1": {
                "precision": 0.9523809523809523,
                "recall": 1.0,
                "f1-score": 0.975609756097561,
                "support": 20.0
            },
            "2": {
                "precision": 0.9090909090909091,
                "recall": 1.0,
                "f1-score": 0.9523809523809523,
                "support": 20.0
            },
            "3": {
                "precision": 1.0,
                "recall": 1.0,
                "f1-score": 1.0,
                "support": 20.0
            },
            "4": {
                "precision": 1.0,
                "recall": 0.9,
                "f1-score": 0.9473684210526315,
                "support": 20.0
            },
            "5": {
                "precision": 1.0,
                "recall": 1.0,
                "f1-score": 1.0,
                "support": 20.0
            },
            "6": {
                "precision": 0.9047619047619048,
                "recall": 0.95,
                "f1-score": 0.926829268292683,
                "support": 20.0
            },
            "7": {
                "precision": 1.0,
                "recall": 0.95,
                "f1-score": 0.9743589743589743,
                "support": 20.0
            },
            "8": {
                "precision": 1.0,
                "recall": 0.95,
                "f1-score": 0.9743589743589743,
                "support": 20.0
            },
            "9": {
                "precision": 0.8181818181818182,
                "recall": 0.9,
                "f1-score": 0.8571428571428571,
                "support": 20.0
            },
            "accuracy": 0.95,
            "macro avg": {
                "precision": 0.9528860028860029,
                "recall": 0.95,
                "f1-score": 0.9502786045789897,
                "support": 200.0
            },
            "weighted avg": {
                "precision": 0.9528860028860029,
                "recall": 0.95,
                "f1-score": 0.9502786045789895,
                "support": 200.0
            },
            "cross-entropy": 0.23043867618821218,
            "roc-auc": 0.9964722222222224,
            "f1-weighted": 0.9502786045789895,
            "f1-macro": 0.9502786045789897,
            "f1-micro": 0.95,
            "score": 0.95
        }
    }
}
