{
    "function": "bin.tabr.main",
    "gpus": [
        "NVIDIA RTX 6000 Ada Generation"
    ],
    "config": {
        "seed": 0,
        "batch_size": 256,
        "patience": 16,
        "n_epochs": Infinity,
        "context_size": 96,
        "data": {
            "seed": 0,
            "cache": true,
            "num_policy": "quantile",
            "cat_policy": null,
            "path": ":data/TabZilla-OpenML-segment-tid=146822-fold=1",
            "y_policy": null
        },
        "optimizer": {
            "type": "AdamW",
            "lr": 0.0007098936257405903,
            "weight_decay": 1.097581541938016e-06
        },
        "model": {
            "num_embeddings": null,
            "d_main": 336,
            "context_dropout": 0.4668940505699103,
            "d_multiplier": 2.0,
            "encoder_n_blocks": 0,
            "predictor_n_blocks": 1,
            "mixer_normalization": "auto",
            "dropout0": 0.5220072889480915,
            "dropout1": 0.0,
            "normalization": "LayerNorm",
            "activation": "ReLU"
        }
    },
    "n_parameters": 1029847,
    "prediction_type": "logits",
    "best_epoch": 11,
    "metrics": {
        "train": {
            "0": {
                "precision": 0.9923954372623575,
                "recall": 0.9886363636363636,
                "f1-score": 0.9905123339658444,
                "support": 264.0
            },
            "1": {
                "precision": 0.9043824701195219,
                "recall": 0.8598484848484849,
                "f1-score": 0.8815533980582524,
                "support": 264.0
            },
            "2": {
                "precision": 0.9442231075697212,
                "recall": 0.8977272727272727,
                "f1-score": 0.920388349514563,
                "support": 264.0
            },
            "3": {
                "precision": 1.0,
                "recall": 0.9886363636363636,
                "f1-score": 0.9942857142857143,
                "support": 264.0
            },
            "4": {
                "precision": 0.9320754716981132,
                "recall": 0.9356060606060606,
                "f1-score": 0.9338374291115312,
                "support": 264.0
            },
            "5": {
                "precision": 1.0,
                "recall": 1.0,
                "f1-score": 1.0,
                "support": 264.0
            },
            "6": {
                "precision": 0.8361774744027304,
                "recall": 0.928030303030303,
                "f1-score": 0.8797127468581688,
                "support": 264.0
            },
            "accuracy": 0.9426406926406926,
            "macro avg": {
                "precision": 0.9441791372932063,
                "recall": 0.9426406926406925,
                "f1-score": 0.9428985673991533,
                "support": 1848.0
            },
            "weighted avg": {
                "precision": 0.9441791372932062,
                "recall": 0.9426406926406926,
                "f1-score": 0.9428985673991533,
                "support": 1848.0
            },
            "cross-entropy": 0.15271846241964812,
            "roc-auc": 0.9961468718570992,
            "f1-weighted": 0.9428985673991533,
            "f1-macro": 0.9428985673991533,
            "f1-micro": 0.9426406926406926,
            "score": 0.9426406926406926
        },
        "val": {
            "0": {
                "precision": 0.9428571428571428,
                "recall": 1.0,
                "f1-score": 0.9705882352941176,
                "support": 33.0
            },
            "1": {
                "precision": 0.9333333333333333,
                "recall": 0.8484848484848485,
                "f1-score": 0.8888888888888888,
                "support": 33.0
            },
            "2": {
                "precision": 0.9411764705882353,
                "recall": 0.9696969696969697,
                "f1-score": 0.9552238805970149,
                "support": 33.0
            },
            "3": {
                "precision": 1.0,
                "recall": 1.0,
                "f1-score": 1.0,
                "support": 33.0
            },
            "4": {
                "precision": 0.9142857142857143,
                "recall": 0.9696969696969697,
                "f1-score": 0.9411764705882353,
                "support": 33.0
            },
            "5": {
                "precision": 1.0,
                "recall": 1.0,
                "f1-score": 1.0,
                "support": 33.0
            },
            "6": {
                "precision": 0.9354838709677419,
                "recall": 0.8787878787878788,
                "f1-score": 0.90625,
                "support": 33.0
            },
            "accuracy": 0.9523809523809523,
            "macro avg": {
                "precision": 0.9524480760045954,
                "recall": 0.9523809523809524,
                "f1-score": 0.9517324964811795,
                "support": 231.0
            },
            "weighted avg": {
                "precision": 0.9524480760045955,
                "recall": 0.9523809523809523,
                "f1-score": 0.9517324964811795,
                "support": 231.0
            },
            "cross-entropy": 0.17914142119400076,
            "roc-auc": 0.9935502208229481,
            "f1-weighted": 0.9517324964811795,
            "f1-macro": 0.9517324964811795,
            "f1-micro": 0.9523809523809523,
            "score": 0.9523809523809523
        },
        "test": {
            "0": {
                "precision": 1.0,
                "recall": 1.0,
                "f1-score": 1.0,
                "support": 33.0
            },
            "1": {
                "precision": 0.9259259259259259,
                "recall": 0.7575757575757576,
                "f1-score": 0.8333333333333334,
                "support": 33.0
            },
            "2": {
                "precision": 0.9032258064516129,
                "recall": 0.8484848484848485,
                "f1-score": 0.875,
                "support": 33.0
            },
            "3": {
                "precision": 1.0,
                "recall": 1.0,
                "f1-score": 1.0,
                "support": 33.0
            },
            "4": {
                "precision": 0.96875,
                "recall": 0.9393939393939394,
                "f1-score": 0.9538461538461539,
                "support": 33.0
            },
            "5": {
                "precision": 0.9705882352941176,
                "recall": 1.0,
                "f1-score": 0.9850746268656716,
                "support": 33.0
            },
            "6": {
                "precision": 0.7317073170731707,
                "recall": 0.9090909090909091,
                "f1-score": 0.8108108108108109,
                "support": 33.0
            },
            "accuracy": 0.922077922077922,
            "macro avg": {
                "precision": 0.928599612106404,
                "recall": 0.922077922077922,
                "f1-score": 0.9225807035508528,
                "support": 231.0
            },
            "weighted avg": {
                "precision": 0.9285996121064038,
                "recall": 0.922077922077922,
                "f1-score": 0.9225807035508529,
                "support": 231.0
            },
            "cross-entropy": 0.18726146813526495,
            "roc-auc": 0.994949494949495,
            "f1-weighted": 0.9225807035508529,
            "f1-macro": 0.9225807035508528,
            "f1-micro": 0.922077922077922,
            "score": 0.922077922077922
        }
    },
    "time": "0:00:03.014857",
    "chunk_size": null,
    "eval_batch_size": 32768
}
