{
    "function": "bin.ensemble.main",
    "config": {
        "seeds": [
            0
        ]
    },
    "single_model_function": "bin.catboost_.main",
    "data": ":data/CTR23-OpenML-tid=361250-ctr23_361250-seed=0",
    "prediction_type": null,
    "metrics": {
        "train": {
            "rmse": 0.1466643667708974,
            "mae": 0.10657031435871259,
            "r2": 0.9670118699141316,
            "corr": 0.9866729290514709,
            "score": -0.1466643667708974
        },
        "val": {
            "rmse": 0.5314133979060522,
            "mae": 0.38423504381768797,
            "r2": 0.5488341929738934,
            "corr": 0.7417535963101493,
            "score": -0.5314133979060522
        },
        "test": {
            "rmse": 0.6223502545184043,
            "mae": 0.430196749066131,
            "r2": 0.43272566406865887,
            "corr": 0.6621490365669273,
            "score": -0.6223502545184043
        }
    }
}
