{
    "function": "bin.ensemble.main",
    "config": {
        "seeds": [
            0
        ]
    },
    "single_model_function": "bin.catboost_.main",
    "data": ":data/CTR23-OpenML-tid=361616-ctr23_361616-seed=0",
    "prediction_type": null,
    "metrics": {
        "train": {
            "rmse": 13.377042424090428,
            "mae": 10.466928656589175,
            "r2": 0.9779944932052107,
            "corr": 0.988985675702214,
            "score": -13.377042424090428
        },
        "val": {
            "rmse": 22.627010442681495,
            "mae": 17.844058722387786,
            "r2": 0.945507465035247,
            "corr": 0.9724177862370564,
            "score": -22.627010442681495
        },
        "test": {
            "rmse": 21.23797633377079,
            "mae": 16.8128769293236,
            "r2": 0.9453740210174123,
            "corr": 0.9734883661204045,
            "score": -21.23797633377079
        }
    }
}
