{
    "function": "bin.xgboost_.main",
    "gpus": [
        "NVIDIA RTX 6000 Ada Generation"
    ],
    "config": {
        "seed": 0,
        "data": {
            "seed": 0,
            "num_policy": "quantile",
            "cache": true,
            "cat_policy": "one-hot",
            "y_policy": "standard",
            "path": ":data/CTR23-OpenML-tid=361616-ctr23_361616-fold=1-seed=0"
        },
        "model": {
            "booster": "gbtree",
            "early_stopping_rounds": 200,
            "n_estimators": 4000,
            "n_jobs": 1,
            "tree_method": "gpu_hist",
            "use_label_encoder": false,
            "colsample_byree": 0.6077538385567792,
            "gamma": 0,
            "lambda": 0.0,
            "learning_rate": 0.03585932759723227,
            "max_depth": 3,
            "min_child_weight": 0.001757196998010447,
            "subsample": 0.7123427343757531
        },
        "fit": {
            "verbose": true
        },
        "neighbors": null
    },
    "prediction_type": null,
    "time": "0:00:00.527182",
    "best_iteration": 603,
    "metrics": {
        "train": {
            "rmse": 12.735488725784917,
            "mae": 10.188744411115238,
            "r2": 0.9804290533065796,
            "corr": 0.9901944455085407,
            "score": -12.735488725784917
        },
        "val": {
            "rmse": 22.343860933312516,
            "mae": 18.062411867104856,
            "r2": 0.943743109703064,
            "corr": 0.9714647284957341,
            "score": -22.343860933312516
        },
        "test": {
            "rmse": 24.728992889499896,
            "mae": 19.750893370800554,
            "r2": 0.9230099320411682,
            "corr": 0.9615845946541871,
            "score": -24.728992889499896
        }
    }
}
