{
    "function": "bin.ensemble.main",
    "config": {
        "seeds": [
            0
        ]
    },
    "single_model_function": "bin.lightgbm_.main",
    "data": ":data/CTR23-OpenML-tid=361244-ctr23_361244-fold=0-seed=0",
    "prediction_type": null,
    "metrics": {
        "train": {
            "rmse": 0.7453809996340697,
            "mae": 0.4275281375144964,
            "r2": 0.19805996052602004,
            "corr": 0.483732001514859,
            "score": -0.7453809996340697
        },
        "val": {
            "rmse": 0.5443446684895779,
            "mae": 0.3720314569204766,
            "r2": 0.09985082145190027,
            "corr": 0.35809616173792813,
            "score": -0.5443446684895779
        },
        "test": {
            "rmse": 1.0807910172328439,
            "mae": 0.5300140315026157,
            "r2": 0.07268879153318175,
            "corr": 0.2915148807567699,
            "score": -1.0807910172328439
        }
    }
}
