{
    "function": "bin.tabr_scaling.main",
    "gpus": [
        "NVIDIA RTX 6000 Ada Generation"
    ],
    "config": {
        "seed": 0,
        "batch_size": 256,
        "patience": 16,
        "n_epochs": Infinity,
        "context_size": 96,
        "data": {
            "seed": 0,
            "cache": true,
            "num_policy": "quantile",
            "cat_policy": null,
            "path": ":data/TabZilla-OpenML-jungle_chess_2pcs_raw_endgame_complete-167119",
            "y_policy": null
        },
        "model": {
            "num_embeddings": null,
            "d_main": 260,
            "context_dropout": 0.24430997833559978,
            "d_multiplier": 2.0,
            "encoder_n_blocks": 0,
            "predictor_n_blocks": 1,
            "mixer_normalization": "auto",
            "dropout0": 0.04150019727308283,
            "dropout1": 0.0,
            "normalization": "LayerNorm",
            "activation": "ReLU"
        },
        "optimizer": {
            "type": "AdamW",
            "lr": 0.00024823187419258655,
            "weight_decay": 5.404613626296217e-05
        }
    },
    "n_parameters": 614383,
    "prediction_type": "logits",
    "best_epoch": 111,
    "metrics": {
        "train": {
            "0": {
                "precision": 0.9958918918918919,
                "recall": 0.9913904433921653,
                "f1-score": 0.9936360694639198,
                "support": 13938.0
            },
            "1": {
                "precision": 0.9841954022988506,
                "recall": 0.9873162294609398,
                "f1-score": 0.9857533458051518,
                "support": 3469.0
            },
            "2": {
                "precision": 0.9942162162162163,
                "recall": 0.9970186470078057,
                "f1-score": 0.9956154595647938,
                "support": 18448.0
            },
            "accuracy": 0.9938920652628643,
            "macro avg": {
                "precision": 0.9914345034689863,
                "recall": 0.991908439953637,
                "f1-score": 0.9916682916112886,
                "support": 35855.0
            },
            "weighted avg": {
                "precision": 0.9938980838522007,
                "recall": 0.9938920652628643,
                "f1-score": 0.9938918390974061,
                "support": 35855.0
            },
            "cross-entropy": 0.025326608910872597,
            "score": 0.9938920652628643
        },
        "val": {
            "0": {
                "precision": 0.9762731481481481,
                "recall": 0.9684270952927669,
                "f1-score": 0.9723342939481268,
                "support": 1742.0
            },
            "1": {
                "precision": 0.9113636363636364,
                "recall": 0.9260969976905312,
                "f1-score": 0.9186712485681557,
                "support": 433.0
            },
            "2": {
                "precision": 0.9788245462402766,
                "recall": 0.9817945383615084,
                "f1-score": 0.9803072927937676,
                "support": 2307.0
            },
            "accuracy": 0.9712182061579652,
            "macro avg": {
                "precision": 0.955487110250687,
                "recall": 0.9587728771149355,
                "f1-score": 0.9571042784366833,
                "support": 4482.0
            },
            "weighted avg": {
                "precision": 0.9713155972324513,
                "recall": 0.9712182061579652,
                "f1-score": 0.9712538855785076,
                "support": 4482.0
            },
            "cross-entropy": 0.07757056281148905,
            "score": 0.9712182061579652
        },
        "test": {
            "0": {
                "precision": 0.9698200812536274,
                "recall": 0.9592422502870264,
                "f1-score": 0.9645021645021645,
                "support": 1742.0
            },
            "1": {
                "precision": 0.8995433789954338,
                "recall": 0.9099307159353349,
                "f1-score": 0.904707233065442,
                "support": 433.0
            },
            "2": {
                "precision": 0.967255493321844,
                "recall": 0.9731252709146078,
                "f1-score": 0.9701815038893691,
                "support": 2307.0
            },
            "accuracy": 0.961624274877287,
            "macro avg": {
                "precision": 0.9455396511903018,
                "recall": 0.947432745712323,
                "f1-score": 0.9464636338189919,
                "support": 4482.0
            },
            "weighted avg": {
                "precision": 0.9617106844583526,
                "recall": 0.961624274877287,
                "f1-score": 0.9616487576869437,
                "support": 4482.0
            },
            "cross-entropy": 0.09513218797060945,
            "score": 0.961624274877287
        }
    },
    "time": "0:02:09.208905",
    "chunk_size": null,
    "eval_batch_size": 32768
}
