{
    "function": "bin.xgboost_.main",
    "gpus": [
        "NVIDIA RTX 6000 Ada Generation"
    ],
    "config": {
        "seed": 0,
        "data": {
            "seed": 0,
            "num_policy": "quantile",
            "cache": true,
            "cat_policy": null,
            "y_policy": "standard",
            "path": ":data/CTR23-OpenML-tid=361237-ctr23_361237-fold=1-seed=0"
        },
        "model": {
            "booster": "gbtree",
            "early_stopping_rounds": 200,
            "n_estimators": 4000,
            "n_jobs": 1,
            "tree_method": "gpu_hist",
            "use_label_encoder": false,
            "colsample_byree": 0.8925764560115689,
            "gamma": 0.0020882203831644325,
            "lambda": 5.6625296703939565,
            "learning_rate": 0.010338960009667775,
            "max_depth": 14,
            "min_child_weight": 0.0024558947958866163,
            "subsample": 0.9746594112078407
        },
        "fit": {
            "verbose": true
        },
        "neighbors": null
    },
    "prediction_type": null,
    "time": "0:01:05.738167",
    "best_iteration": 2334,
    "metrics": {
        "train": {
            "rmse": 1.2385160348932167,
            "mae": 0.5198352519556977,
            "r2": 0.994436502456665,
            "corr": 0.9972282312845794,
            "score": -1.2385160348932167
        },
        "val": {
            "rmse": 4.326476253871797,
            "mae": 2.878359502824196,
            "r2": 0.9298927187919617,
            "corr": 0.9652288385417399,
            "score": -4.326476253871797
        },
        "test": {
            "rmse": 4.886883909700444,
            "mae": 2.9921658494372423,
            "r2": 0.9245796203613281,
            "corr": 0.9635851098836288,
            "score": -4.886883909700444
        }
    }
}
