{
    "function": "bin.ensemble.main",
    "config": {
        "seeds": [
            0
        ]
    },
    "single_model_function": "bin.tabr.main",
    "data": ":data/TabZilla-OpenML-numerai28.6-tid=167120-fold=0",
    "prediction_type": "probs",
    "metrics": {
        "train": {
            "0": {
                "precision": 0.6169244032544857,
                "recall": 0.6005822492656315,
                "f1-score": 0.6086436488318316,
                "support": 38128.0
            },
            "1": {
                "precision": 0.6186839601382143,
                "recall": 0.634735922729141,
                "f1-score": 0.6266071564425735,
                "support": 38928.0
            },
            "accuracy": 0.6178363787375415,
            "macro avg": {
                "precision": 0.61780418169635,
                "recall": 0.6176590859973863,
                "f1-score": 0.6176254026372026,
                "support": 77056.0
            },
            "weighted avg": {
                "precision": 0.6178133156087449,
                "recall": 0.6178363787375415,
                "f1-score": 0.6177186517423249,
                "support": 77056.0
            },
            "cross-entropy": 0.6490892493290773,
            "roc-auc": 0.6670743468493174,
            "f1-weighted": 0.6177186517423249,
            "f1-macro": 0.6176254026372026,
            "f1-micro": 0.6178363787375415,
            "score": 0.6178363787375415
        },
        "val": {
            "0": {
                "precision": 0.6014617368873603,
                "recall": 0.5869519614013006,
                "f1-score": 0.5941182715787239,
                "support": 4767.0
            },
            "1": {
                "precision": 0.6046184738955823,
                "recall": 0.6189105858170606,
                "f1-score": 0.6116810563737938,
                "support": 4865.0
            },
            "accuracy": 0.603093853820598,
            "macro avg": {
                "precision": 0.6030401053914713,
                "recall": 0.6029312736091805,
                "f1-score": 0.6028996639762588,
                "support": 9632.0
            },
            "weighted avg": {
                "precision": 0.6030561643733445,
                "recall": 0.603093853820598,
                "f1-score": 0.6029890095384431,
                "support": 9632.0
            },
            "cross-entropy": 0.6643834816887113,
            "roc-auc": 0.6362680349292444,
            "f1-weighted": 0.6029890095384431,
            "f1-macro": 0.6028996639762588,
            "f1-micro": 0.603093853820598,
            "score": 0.603093853820598
        },
        "test": {
            "0": {
                "precision": 0.5880962612806189,
                "recall": 0.5741556534508077,
                "f1-score": 0.5810423521919117,
                "support": 4767.0
            },
            "1": {
                "precision": 0.5922057051024507,
                "recall": 0.6059609455292908,
                "f1-score": 0.5990043685868129,
                "support": 4865.0
            },
            "accuracy": 0.5902200996677741,
            "macro avg": {
                "precision": 0.5901509831915348,
                "recall": 0.5900582994900492,
                "f1-score": 0.5900233603893623,
                "support": 9632.0
            },
            "weighted avg": {
                "precision": 0.5901718887923726,
                "recall": 0.5902200996677741,
                "f1-score": 0.590114736926255,
                "support": 9632.0
            },
            "cross-entropy": 0.6684466704374387,
            "roc-auc": 0.6279331331302844,
            "f1-weighted": 0.590114736926255,
            "f1-macro": 0.5900233603893623,
            "f1-micro": 0.5902200996677741,
            "score": 0.5902200996677741
        }
    }
}
