{
    "function": "bin.ensemble.main",
    "config": {
        "seeds": [
            0
        ]
    },
    "single_model_function": "bin.lightgbm_.main",
    "data": ":data/CTR23-OpenML-tid=361258-ctr23_361258-fold=1-seed=0",
    "prediction_type": null,
    "metrics": {
        "train": {
            "rmse": 0.01567894448700374,
            "mae": 0.012110906404414253,
            "r2": 0.9964741405761461,
            "corr": 0.9983435122276356,
            "score": -0.01567894448700374
        },
        "val": {
            "rmse": 0.11015349407586492,
            "mae": 0.085691557994451,
            "r2": 0.8198428569571863,
            "corr": 0.9066118590125882,
            "score": -0.11015349407586492
        },
        "test": {
            "rmse": 0.1090462748724823,
            "mae": 0.08551053978558516,
            "r2": 0.8320018812559367,
            "corr": 0.9155042981589209,
            "score": -0.1090462748724823
        }
    }
}
