{
    "function": "bin.tabr.main",
    "gpus": [
        "NVIDIA RTX 6000 Ada Generation"
    ],
    "config": {
        "seed": 0,
        "batch_size": 256,
        "patience": 16,
        "n_epochs": Infinity,
        "context_size": 96,
        "data": {
            "seed": 0,
            "cache": true,
            "num_policy": "quantile",
            "cat_policy": null,
            "path": ":data/TabZilla-OpenML-first-order-theorem-proving-tid=9985-fold=1",
            "y_policy": null
        },
        "optimizer": {
            "type": "AdamW",
            "lr": 0.00012520653814999459,
            "weight_decay": 0.0
        },
        "model": {
            "num_embeddings": null,
            "d_main": 253,
            "context_dropout": 0.2541928796033428,
            "d_multiplier": 2.0,
            "encoder_n_blocks": 0,
            "predictor_n_blocks": 1,
            "mixer_normalization": "auto",
            "dropout0": 0.3875364678399937,
            "dropout1": 0.0,
            "normalization": "LayerNorm",
            "activation": "ReLU"
        }
    },
    "n_parameters": 594809,
    "prediction_type": "logits",
    "best_epoch": 73,
    "metrics": {
        "train": {
            "0": {
                "precision": 0.648,
                "recall": 0.6502293577981652,
                "f1-score": 0.6491127647395535,
                "support": 872.0
            },
            "1": {
                "precision": 0.6757679180887372,
                "recall": 0.5089974293059126,
                "f1-score": 0.5806451612903226,
                "support": 389.0
            },
            "2": {
                "precision": 0.6689895470383276,
                "recall": 0.6421404682274248,
                "f1-score": 0.6552901023890785,
                "support": 598.0
            },
            "3": {
                "precision": 0.5533333333333333,
                "recall": 0.5050709939148073,
                "f1-score": 0.528101802757158,
                "support": 493.0
            },
            "4": {
                "precision": 0.6374133949191686,
                "recall": 0.5542168674698795,
                "f1-score": 0.5929108485499462,
                "support": 498.0
            },
            "5": {
                "precision": 0.8210665491405905,
                "recall": 0.9114481409001957,
                "f1-score": 0.8638998376999768,
                "support": 2044.0
            },
            "accuracy": 0.7227217000408663,
            "macro avg": {
                "precision": 0.667428457086693,
                "recall": 0.6286838762693975,
                "f1-score": 0.644993419571006,
                "support": 4894.0
            },
            "weighted avg": {
                "precision": 0.7144402737457877,
                "recall": 0.7227217000408663,
                "f1-score": 0.716223097551982,
                "support": 4894.0
            },
            "cross-entropy": 0.7740799183387881,
            "roc-auc": 0.9068317092760666,
            "f1-weighted": 0.716223097551982,
            "f1-macro": 0.644993419571006,
            "f1-micro": 0.7227217000408663,
            "score": 0.7227217000408663
        },
        "val": {
            "0": {
                "precision": 0.4909090909090909,
                "recall": 0.5,
                "f1-score": 0.4954128440366973,
                "support": 108.0
            },
            "1": {
                "precision": 0.5135135135135135,
                "recall": 0.3877551020408163,
                "f1-score": 0.4418604651162791,
                "support": 49.0
            },
            "2": {
                "precision": 0.5,
                "recall": 0.4666666666666667,
                "f1-score": 0.4827586206896552,
                "support": 75.0
            },
            "3": {
                "precision": 0.5,
                "recall": 0.3870967741935484,
                "f1-score": 0.43636363636363634,
                "support": 62.0
            },
            "4": {
                "precision": 0.4117647058823529,
                "recall": 0.4444444444444444,
                "f1-score": 0.42748091603053434,
                "support": 63.0
            },
            "5": {
                "precision": 0.7921146953405018,
                "recall": 0.8666666666666667,
                "f1-score": 0.8277153558052435,
                "support": 255.0
            },
            "accuracy": 0.6225490196078431,
            "macro avg": {
                "precision": 0.5347170009409098,
                "recall": 0.5087716090020237,
                "f1-score": 0.5185986396736743,
                "support": 612.0
            },
            "weighted avg": {
                "precision": 0.612109097651569,
                "recall": 0.6225490196078431,
                "f1-score": 0.6150586689431231,
                "support": 612.0
            },
            "cross-entropy": 1.1589226976620672,
            "roc-auc": 0.7992463310104531,
            "f1-weighted": 0.6150586689431231,
            "f1-macro": 0.5185986396736743,
            "f1-micro": 0.6225490196078431,
            "score": 0.6225490196078431
        },
        "test": {
            "0": {
                "precision": 0.5391304347826087,
                "recall": 0.5688073394495413,
                "f1-score": 0.5535714285714286,
                "support": 109.0
            },
            "1": {
                "precision": 0.5555555555555556,
                "recall": 0.3125,
                "f1-score": 0.4,
                "support": 48.0
            },
            "2": {
                "precision": 0.5352112676056338,
                "recall": 0.5066666666666667,
                "f1-score": 0.5205479452054794,
                "support": 75.0
            },
            "3": {
                "precision": 0.48214285714285715,
                "recall": 0.43548387096774194,
                "f1-score": 0.4576271186440678,
                "support": 62.0
            },
            "4": {
                "precision": 0.4406779661016949,
                "recall": 0.4126984126984127,
                "f1-score": 0.4262295081967213,
                "support": 63.0
            },
            "5": {
                "precision": 0.7711267605633803,
                "recall": 0.8588235294117647,
                "f1-score": 0.8126159554730983,
                "support": 255.0
            },
            "accuracy": 0.6323529411764706,
            "macro avg": {
                "precision": 0.5539741402919551,
                "recall": 0.515829969865688,
                "f1-score": 0.5284319926817993,
                "support": 612.0
            },
            "weighted avg": {
                "precision": 0.6206954609139207,
                "recall": 0.6323529411764706,
                "f1-score": 0.6225862591873569,
                "support": 612.0
            },
            "cross-entropy": 1.1087286252459487,
            "roc-auc": 0.8147971952113191,
            "f1-weighted": 0.6225862591873569,
            "f1-macro": 0.5284319926817993,
            "f1-micro": 0.6323529411764706,
            "score": 0.6323529411764706
        }
    },
    "time": "0:00:18.959350",
    "chunk_size": null,
    "eval_batch_size": 32768
}
