{
    "function": "bin.ensemble.main",
    "config": {
        "seeds": [
            0
        ]
    },
    "single_model_function": "bin.lightgbm_.main",
    "data": ":data/CTR23-OpenML-tid=361267-ctr23_361267-fold=0-seed=0",
    "prediction_type": null,
    "metrics": {
        "train": {
            "rmse": 17586.043678964088,
            "mae": 2137.7229982320405,
            "r2": 0.09975208557228576,
            "corr": 0.3505777403650995,
            "score": -17586.043678964088
        },
        "val": {
            "rmse": 2713.507834157136,
            "mae": 1853.8824803996324,
            "r2": 0.6400482260082618,
            "corr": 0.8039468780436299,
            "score": -2713.507834157136
        },
        "test": {
            "rmse": 9932.057230405659,
            "mae": 2120.540615625087,
            "r2": 0.10142958946733227,
            "corr": 0.32256468097603513,
            "score": -9932.057230405659
        }
    }
}
