{
    "function": "bin.ensemble.main",
    "config": {
        "seeds": [
            0
        ]
    },
    "single_model_function": "bin.ffn.main",
    "data": ":data/CTR23-OpenML-tid=361617-ctr23_361617-seed=0",
    "prediction_type": null,
    "metrics": {
        "train": {
            "rmse": 0.08318082323274935,
            "mae": 0.05840590342199903,
            "r2": 0.9999322891235352,
            "corr": 0.9999678394898398,
            "score": -0.08318082323274935
        },
        "val": {
            "rmse": 0.3103067643318338,
            "mae": 0.2346726720158827,
            "r2": 0.9991379976272583,
            "corr": 0.9995704533893928,
            "score": -0.3103067643318338
        },
        "test": {
            "rmse": 0.5310072830595121,
            "mae": 0.30877812593481124,
            "r2": 0.9965435266494751,
            "corr": 0.9983212313152281,
            "score": -0.5310072830595121
        }
    }
}
