{
    "function": "bin.xgboost_.main",
    "gpus": [
        "NVIDIA RTX 6000 Ada Generation"
    ],
    "config": {
        "seed": 0,
        "data": {
            "seed": 0,
            "num_policy": "quantile",
            "cache": true,
            "cat_policy": "one-hot",
            "y_policy": "standard",
            "path": ":data/CTR23-OpenML-tid=361261-ctr23_361261-seed=0"
        },
        "model": {
            "booster": "gbtree",
            "early_stopping_rounds": 200,
            "n_estimators": 4000,
            "n_jobs": 1,
            "tree_method": "gpu_hist",
            "use_label_encoder": false,
            "colsample_byree": 0.6077538385567792,
            "gamma": 0,
            "lambda": 0.0,
            "learning_rate": 0.03585932759723227,
            "max_depth": 3,
            "min_child_weight": 0.001757196998010447,
            "subsample": 0.7123427343757531
        },
        "fit": {
            "verbose": true
        },
        "neighbors": null
    },
    "prediction_type": null,
    "time": "0:00:03.930718",
    "best_iteration": 249,
    "metrics": {
        "train": {
            "rmse": 383.971568342691,
            "mae": 222.9670394714958,
            "r2": 0.3064955472946167,
            "corr": 0.5539123920950177,
            "score": -383.971568342691
        },
        "val": {
            "rmse": 364.6872446187604,
            "mae": 223.42184555317726,
            "r2": 0.31322354078292847,
            "corr": 0.559700584719498,
            "score": -364.6872446187604
        },
        "test": {
            "rmse": 346.17193988500367,
            "mae": 222.92659913375974,
            "r2": 0.3031628727912903,
            "corr": 0.5516396664612647,
            "score": -346.17193988500367
        }
    }
}
