{
    "function": "bin.catboost_.main",
    "gpus": [
        "NVIDIA RTX 6000 Ada Generation",
        "NVIDIA RTX 6000 Ada Generation"
    ],
    "config": {
        "seed": 0,
        "data": {
            "seed": 0,
            "num_policy": "quantile",
            "cat_policy": null,
            "y_policy": "standard",
            "cache": true,
            "path": ":data/CTR23-OpenML-tid=361250-ctr23_361250-seed=0"
        },
        "model": {
            "iterations": 4000,
            "early_stopping_rounds": 200,
            "od_pval": 0.001,
            "bagging_temperature": 0.6180154289988415,
            "depth": 8,
            "l2_leaf_reg": 1.4411932358022574,
            "leaf_estimation_iterations": 3,
            "learning_rate": 0.051273708746284376,
            "task_type": "CPU",
            "thread_count": 4
        },
        "fit": {
            "logging_level": "Verbose"
        }
    },
    "prediction_type": null,
    "time": "0:00:00.925462",
    "best_iteration": 399,
    "metrics": {
        "train": {
            "rmse": 0.1466643667708974,
            "mae": 0.10657031435871259,
            "r2": 0.9670118699141316,
            "corr": 0.9866729290514709,
            "score": -0.1466643667708974
        },
        "val": {
            "rmse": 0.5314133979060522,
            "mae": 0.38423504381768797,
            "r2": 0.5488341929738934,
            "corr": 0.7417535963101493,
            "score": -0.5314133979060522
        },
        "test": {
            "rmse": 0.6223502545184043,
            "mae": 0.430196749066131,
            "r2": 0.43272566406865887,
            "corr": 0.6621490365669273,
            "score": -0.6223502545184043
        }
    }
}
