{
    "function": "bin.lightgbm_.main",
    "gpus": [
        "NVIDIA RTX 6000 Ada Generation",
        "NVIDIA RTX 6000 Ada Generation"
    ],
    "config": {
        "seed": 0,
        "data": {
            "seed": 0,
            "num_policy": "quantile",
            "cat_policy": "one-hot",
            "y_policy": "standard",
            "cache": true,
            "path": ":data/CTR23-OpenML-tid=361252-ctr23_361252-fold=0-seed=0"
        },
        "model": {
            "n_estimators": 4000,
            "n_jobs": 4,
            "early_stopping_rounds": 200,
            "feature_fraction": 0.7906364363179293,
            "lambda_l2": 0.0,
            "learning_rate": 0.1498866107685077,
            "num_leaves": 387,
            "min_sum_hessian_in_leaf": 54.51321655355952,
            "bagging_fraction": 0.8219950996148186
        },
        "fit": {}
    },
    "prediction_type": null,
    "time": "0:00:40.658432",
    "best_iteration": 4000,
    "metrics": {
        "train": {
            "rmse": 0.09446398467724428,
            "mae": 0.060172740148711934,
            "r2": 0.9999658463394174,
            "corr": 0.9999829235684246,
            "score": -0.09446398467724428
        },
        "val": {
            "rmse": 0.8947143009095357,
            "mae": 0.3092766420016531,
            "r2": 0.9968630710662114,
            "corr": 0.9984553645336296,
            "score": -0.8947143009095357
        },
        "test": {
            "rmse": 0.7301666882826511,
            "mae": 0.3017468841175538,
            "r2": 0.9978851767825748,
            "corr": 0.9989462998709876,
            "score": -0.7301666882826511
        }
    }
}
