{
    "function": "bin.ensemble.main",
    "config": {
        "seeds": [
            0
        ]
    },
    "single_model_function": "bin.ffn.main",
    "data": ":data/CTR23-OpenML-tid=361272-ctr23_361272-fold=1-seed=0",
    "prediction_type": null,
    "metrics": {
        "train": {
            "rmse": 7545.6756903281685,
            "mae": 3656.1506928582676,
            "r2": 0.8486143946647644,
            "corr": 0.921759735985486,
            "score": -7545.6756903281685
        },
        "val": {
            "rmse": 8214.267580499867,
            "mae": 3618.4389603144955,
            "r2": 0.8266245126724243,
            "corr": 0.9093540901480036,
            "score": -8214.267580499867
        },
        "test": {
            "rmse": 9837.114022030346,
            "mae": 4133.021456291666,
            "r2": 0.7493144273757935,
            "corr": 0.8668174169401769,
            "score": -9837.114022030346
        }
    }
}
