{
    "function": "bin.tabr.main",
    "gpus": [
        "NVIDIA A100-SXM4-40GB"
    ],
    "config": {
        "seed": 0,
        "batch_size": 256,
        "patience": 16,
        "n_epochs": Infinity,
        "context_size": 96,
        "data": {
            "seed": 0,
            "cache": true,
            "num_policy": "quantile",
            "cat_policy": null,
            "path": ":data/TabZilla-OpenML-jm1-tid=3904-fold=0",
            "y_policy": null
        },
        "optimizer": {
            "type": "AdamW",
            "lr": 0.000268214713971312,
            "weight_decay": 0.0
        },
        "model": {
            "num_embeddings": null,
            "d_main": 346,
            "context_dropout": 0.0974957608058249,
            "d_multiplier": 2.0,
            "encoder_n_blocks": 0,
            "predictor_n_blocks": 1,
            "mixer_normalization": "auto",
            "dropout0": 0.3693357385703065,
            "dropout1": 0.0,
            "normalization": "LayerNorm",
            "activation": "ReLU"
        }
    },
    "n_parameters": 1089555,
    "prediction_type": "logits",
    "best_epoch": 19,
    "metrics": {
        "train": {
            "0": {
                "precision": 0.8354338342220068,
                "recall": 0.981631781290047,
                "f1-score": 0.9026513911620294,
                "support": 7023.0
            },
            "1": {
                "precision": 0.7164835164835165,
                "recall": 0.19358669833729217,
                "f1-score": 0.30481533426834967,
                "support": 1684.0
            },
            "accuracy": 0.8292178706787642,
            "macro avg": {
                "precision": 0.7759586753527616,
                "recall": 0.5876092398136696,
                "f1-score": 0.6037333627151895,
                "support": 8707.0
            },
            "weighted avg": {
                "precision": 0.8124279383828409,
                "recall": 0.8292178706787642,
                "f1-score": 0.78702535236463,
                "support": 8707.0
            },
            "cross-entropy": 0.3943995605312011,
            "roc-auc": 0.7994815051190811,
            "f1-weighted": 0.78702535236463,
            "f1-macro": 0.6037333627151895,
            "f1-micro": 0.8292178706787642,
            "score": 0.8292178706787642
        },
        "val": {
            "0": {
                "precision": 0.8414396887159533,
                "recall": 0.9851936218678815,
                "f1-score": 0.9076600209863589,
                "support": 878.0
            },
            "1": {
                "precision": 0.7868852459016393,
                "recall": 0.22748815165876776,
                "f1-score": 0.35294117647058826,
                "support": 211.0
            },
            "accuracy": 0.8383838383838383,
            "macro avg": {
                "precision": 0.8141624673087964,
                "recall": 0.6063408867633246,
                "f1-score": 0.6303005987284735,
                "support": 1089.0
            },
            "weighted avg": {
                "precision": 0.8308694523212607,
                "recall": 0.8383838383838383,
                "f1-score": 0.8001800612133307,
                "support": 1089.0
            },
            "cross-entropy": 0.3972022187486986,
            "roc-auc": 0.791566356108778,
            "f1-weighted": 0.8001800612133307,
            "f1-macro": 0.6303005987284735,
            "f1-micro": 0.8383838383838383,
            "score": 0.8383838383838383
        },
        "test": {
            "0": {
                "precision": 0.8296007789678675,
                "recall": 0.9703872437357631,
                "f1-score": 0.8944881889763779,
                "support": 878.0
            },
            "1": {
                "precision": 0.5806451612903226,
                "recall": 0.17061611374407584,
                "f1-score": 0.26373626373626374,
                "support": 211.0
            },
            "accuracy": 0.8154269972451791,
            "macro avg": {
                "precision": 0.7051229701290951,
                "recall": 0.5705016787399195,
                "f1-score": 0.5791122263563209,
                "support": 1089.0
            },
            "weighted avg": {
                "precision": 0.7813641992342018,
                "recall": 0.8154269972451791,
                "f1-score": 0.7722763834431694,
                "support": 1089.0
            },
            "cross-entropy": 0.424709716469044,
            "roc-auc": 0.7519648274298546,
            "f1-weighted": 0.7722763834431694,
            "f1-macro": 0.5791122263563209,
            "f1-micro": 0.8154269972451791,
            "score": 0.8154269972451791
        }
    },
    "time": "0:01:43.104389",
    "chunk_size": null,
    "eval_batch_size": 32768
}
