{
    "function": "bin.ffn.main",
    "gpus": [
        "NVIDIA RTX 6000 Ada Generation"
    ],
    "config": {
        "seed": 0,
        "batch_size": 256,
        "patience": 16,
        "n_epochs": Infinity,
        "data": {
            "seed": 0,
            "cache": true,
            "num_policy": "quantile",
            "cat_policy": null,
            "y_policy": "standard",
            "path": ":data/CTR23-OpenML-tid=361256-ctr23_361256-fold=1-seed=0"
        },
        "optimizer": {
            "type": "AdamW",
            "lr": 0.0005147622432383661,
            "weight_decay": 2.883906161101796e-05
        },
        "model": {
            "backbone": {
                "type": "MLP",
                "n_blocks": 2,
                "d_layer": 564,
                "dropout": 0.009260897230306986,
                "activation": "ReLU"
            },
            "num_embeddings": {
                "type": "PLREmbeddings",
                "n_frequencies": 80,
                "frequency_scale": 0.07865000457856676,
                "d_embedding": 32,
                "lite": true
            }
        }
    },
    "n_parameters": 705629,
    "prediction_type": null,
    "best_epoch": 63,
    "metrics": {
        "train": {
            "rmse": 1.7434132740233148,
            "mae": 1.274517398271655,
            "r2": 0.9904795289039612,
            "corr": 0.9952287049709387,
            "score": -1.7434132740233148
        },
        "val": {
            "rmse": 2.100322367693033,
            "mae": 1.5320557498759513,
            "r2": 0.9884214997291565,
            "corr": 0.9941988668231504,
            "score": -2.100322367693033
        },
        "test": {
            "rmse": 2.29583194766086,
            "mae": 1.6932223326496398,
            "r2": 0.9873870611190796,
            "corr": 0.9936741952041788,
            "score": -2.29583194766086
        }
    },
    "time": "0:00:02.910467",
    "chunk_size": null,
    "eval_batch_size": 32768
}
