{
    "function": "bin.lightgbm_.main",
    "gpus": [
        "NVIDIA RTX 6000 Ada Generation",
        "NVIDIA RTX 6000 Ada Generation"
    ],
    "config": {
        "seed": 0,
        "data": {
            "seed": 0,
            "num_policy": "quantile",
            "cat_policy": "one-hot",
            "y_policy": "standard",
            "cache": true,
            "path": ":data/CTR23-OpenML-tid=361618-ctr23_361618-fold=0-seed=0"
        },
        "model": {
            "n_estimators": 4000,
            "n_jobs": 4,
            "early_stopping_rounds": 200,
            "feature_fraction": 0.6991105311080459,
            "lambda_l2": 0.0,
            "learning_rate": 0.6809530508136838,
            "num_leaves": 569,
            "min_sum_hessian_in_leaf": 0.08765018795171545,
            "bagging_fraction": 0.6137073139866616
        },
        "fit": {}
    },
    "prediction_type": null,
    "time": "0:00:00.037295",
    "best_iteration": 13,
    "metrics": {
        "train": {
            "rmse": 17.293423533816753,
            "mae": 10.084781623000117,
            "r2": 0.6450888585078298,
            "corr": 0.8341899110897831,
            "score": -17.293423533816753
        },
        "val": {
            "rmse": 82.56039233566224,
            "mae": 23.727864973189035,
            "r2": 0.052347980638506986,
            "corr": 0.2755289187163538,
            "score": -82.56039233566224
        },
        "test": {
            "rmse": 151.04785658493086,
            "mae": 40.22757519268487,
            "r2": 0.002146626663962592,
            "corr": 0.12654871092574235,
            "score": -151.04785658493086
        }
    }
}
