{
    "function": "bin.ensemble.main",
    "config": {
        "seeds": [
            0
        ]
    },
    "single_model_function": "bin.tabr.main",
    "data": ":data/CTR23-OpenML-tid=361617-ctr23_361617-seed=0",
    "prediction_type": null,
    "metrics": {
        "train": {
            "rmse": 0.43174271346415116,
            "mae": 0.32616144235251454,
            "r2": 0.9981762170791626,
            "corr": 0.9990877270624582,
            "score": -0.43174271346415116
        },
        "val": {
            "rmse": 0.37645383447606795,
            "mae": 0.29799077081520764,
            "r2": 0.9987313151359558,
            "corr": 0.999365581679188,
            "score": -0.37645383447606795
        },
        "test": {
            "rmse": 0.5860324330831281,
            "mae": 0.4006257529319086,
            "r2": 0.9957900643348694,
            "corr": 0.9979235770015505,
            "score": -0.5860324330831281
        }
    }
}
