{
    "function": "bin.ensemble.main",
    "config": {
        "seeds": [
            0
        ]
    },
    "single_model_function": "bin.xgboost_.main",
    "data": ":data/CTR23-OpenML-tid=361252-ctr23_361252-seed=0",
    "prediction_type": null,
    "metrics": {
        "train": {
            "rmse": 0.2035534656034627,
            "mae": 0.12768249315617197,
            "r2": 0.9998413920402527,
            "corr": 0.9999207071635717,
            "score": -0.2035534656034627
        },
        "val": {
            "rmse": 1.0005831581330162,
            "mae": 0.3113218280653882,
            "r2": 0.996076762676239,
            "corr": 0.998063791820854,
            "score": -1.0005831581330162
        },
        "test": {
            "rmse": 0.7429354775792404,
            "mae": 0.2973012378625697,
            "r2": 0.9978105425834656,
            "corr": 0.9989067078407603,
            "score": -0.7429354775792404
        }
    }
}
