{
    "function": "bin.catboost_.main",
    "gpus": [
        "NVIDIA RTX 6000 Ada Generation",
        "NVIDIA RTX 6000 Ada Generation"
    ],
    "config": {
        "seed": 0,
        "data": {
            "seed": 0,
            "num_policy": "quantile",
            "cat_policy": null,
            "y_policy": null,
            "cache": true,
            "path": ":data/TabZilla-OpenML-ilpd-tid=9971-fold=0"
        },
        "model": {
            "iterations": 4000,
            "early_stopping_rounds": 200,
            "od_pval": 0.001,
            "bagging_temperature": 0.18319136200711683,
            "depth": 10,
            "l2_leaf_reg": 0.29906470725618617,
            "leaf_estimation_iterations": 9,
            "learning_rate": 0.0010329669551879738,
            "task_type": "CPU",
            "thread_count": 4
        },
        "fit": {
            "logging_level": "Verbose"
        }
    },
    "prediction_type": "probs",
    "time": "0:00:00.679410",
    "best_iteration": 5,
    "metrics": {
        "train": {
            "0": {
                "precision": 0.8597883597883598,
                "recall": 0.9789156626506024,
                "f1-score": 0.9154929577464789,
                "support": 332.0
            },
            "1": {
                "precision": 0.9195402298850575,
                "recall": 0.6015037593984962,
                "f1-score": 0.7272727272727273,
                "support": 133.0
            },
            "accuracy": 0.8709677419354839,
            "macro avg": {
                "precision": 0.8896642948367086,
                "recall": 0.7902097110245493,
                "f1-score": 0.821382842509603,
                "support": 465.0
            },
            "weighted avg": {
                "precision": 0.8768786796224689,
                "recall": 0.8709677419354839,
                "f1-score": 0.861657924084094,
                "support": 465.0
            },
            "cross-entropy": 0.6878978120185238,
            "roc-auc": 0.966040855149923,
            "f1-weighted": 0.861657924084094,
            "f1-macro": 0.821382842509603,
            "f1-micro": 0.8709677419354839,
            "score": 0.8709677419354839
        },
        "val": {
            "0": {
                "precision": 0.7843137254901961,
                "recall": 0.9523809523809523,
                "f1-score": 0.8602150537634409,
                "support": 42.0
            },
            "1": {
                "precision": 0.75,
                "recall": 0.35294117647058826,
                "f1-score": 0.48,
                "support": 17.0
            },
            "accuracy": 0.7796610169491526,
            "macro avg": {
                "precision": 0.767156862745098,
                "recall": 0.6526610644257703,
                "f1-score": 0.6701075268817205,
                "support": 59.0
            },
            "weighted avg": {
                "precision": 0.7744267198404785,
                "recall": 0.7796610169491526,
                "f1-score": 0.7506615636960089,
                "support": 59.0
            },
            "cross-entropy": 0.690881502576778,
            "roc-auc": 0.65406162464986,
            "f1-weighted": 0.7506615636960089,
            "f1-macro": 0.6701075268817205,
            "f1-micro": 0.7796610169491526,
            "score": 0.7796610169491526
        },
        "test": {
            "0": {
                "precision": 0.7358490566037735,
                "recall": 0.9285714285714286,
                "f1-score": 0.8210526315789474,
                "support": 42.0
            },
            "1": {
                "precision": 0.5,
                "recall": 0.17647058823529413,
                "f1-score": 0.2608695652173913,
                "support": 17.0
            },
            "accuracy": 0.711864406779661,
            "macro avg": {
                "precision": 0.6179245283018868,
                "recall": 0.5525210084033614,
                "f1-score": 0.5409610983981693,
                "support": 59.0
            },
            "weighted avg": {
                "precision": 0.6678925487687879,
                "recall": 0.711864406779661,
                "f1-score": 0.659643951440872,
                "support": 59.0
            },
            "cross-entropy": 0.690241089496487,
            "roc-auc": 0.7058823529411764,
            "f1-weighted": 0.659643951440872,
            "f1-macro": 0.5409610983981693,
            "f1-micro": 0.711864406779661,
            "score": 0.711864406779661
        }
    }
}
