{
    "function": "bin.ensemble.main",
    "config": {
        "seeds": [
            0
        ]
    },
    "single_model_function": "bin.xgboost_.main",
    "data": ":data/TabZilla-OpenML-climate-model-simulation-crashes-tid=146819-fold=0",
    "prediction_type": "probs",
    "metrics": {
        "train": {
            "0": {
                "precision": 1.0,
                "recall": 0.8157894736842105,
                "f1-score": 0.8985507246376812,
                "support": 38.0
            },
            "1": {
                "precision": 0.9825436408977556,
                "recall": 1.0,
                "f1-score": 0.9911949685534591,
                "support": 394.0
            },
            "accuracy": 0.9837962962962963,
            "macro avg": {
                "precision": 0.9912718204488777,
                "recall": 0.9078947368421053,
                "f1-score": 0.9448728465955701,
                "support": 432.0
            },
            "weighted avg": {
                "precision": 0.9840791539669346,
                "recall": 0.9837962962962963,
                "f1-score": 0.9830457063571638,
                "support": 432.0
            },
            "cross-entropy": 0.06825559516419087,
            "roc-auc": 0.9999332086561582,
            "f1-weighted": 0.9830457063571638,
            "f1-macro": 0.9448728465955701,
            "f1-micro": 0.9837962962962963,
            "score": 0.9837962962962963
        },
        "val": {
            "0": {
                "precision": 1.0,
                "recall": 0.75,
                "f1-score": 0.8571428571428571,
                "support": 4.0
            },
            "1": {
                "precision": 0.9803921568627451,
                "recall": 1.0,
                "f1-score": 0.9900990099009901,
                "support": 50.0
            },
            "accuracy": 0.9814814814814815,
            "macro avg": {
                "precision": 0.9901960784313726,
                "recall": 0.875,
                "f1-score": 0.9236209335219236,
                "support": 54.0
            },
            "weighted avg": {
                "precision": 0.9818445896877269,
                "recall": 0.9814814814814815,
                "f1-score": 0.9802504059929803,
                "support": 54.0
            },
            "cross-entropy": 0.09638202379155449,
            "roc-auc": 0.99,
            "f1-weighted": 0.9802504059929803,
            "f1-macro": 0.9236209335219236,
            "f1-micro": 0.9814814814814815,
            "score": 0.9814814814814815
        },
        "test": {
            "0": {
                "precision": 1.0,
                "recall": 0.75,
                "f1-score": 0.8571428571428571,
                "support": 4.0
            },
            "1": {
                "precision": 0.9803921568627451,
                "recall": 1.0,
                "f1-score": 0.9900990099009901,
                "support": 50.0
            },
            "accuracy": 0.9814814814814815,
            "macro avg": {
                "precision": 0.9901960784313726,
                "recall": 0.875,
                "f1-score": 0.9236209335219236,
                "support": 54.0
            },
            "weighted avg": {
                "precision": 0.9818445896877269,
                "recall": 0.9814814814814815,
                "f1-score": 0.9802504059929803,
                "support": 54.0
            },
            "cross-entropy": 0.16117451069905492,
            "roc-auc": 0.79,
            "f1-weighted": 0.9802504059929803,
            "f1-macro": 0.9236209335219236,
            "f1-micro": 0.9814814814814815,
            "score": 0.9814814814814815
        }
    }
}
