{
    "function": "bin.ensemble.main",
    "config": {
        "seeds": [
            0
        ]
    },
    "single_model_function": "bin.xgboost_.main",
    "data": ":data/TabZilla-OpenML-ozone-level-8hr-tid=9978-fold=0",
    "prediction_type": "probs",
    "metrics": {
        "train": {
            "0": {
                "precision": 0.9702105803800719,
                "recall": 0.9952581664910432,
                "f1-score": 0.9825747724317295,
                "support": 1898.0
            },
            "1": {
                "precision": 0.8860759493670886,
                "recall": 0.546875,
                "f1-score": 0.6763285024154589,
                "support": 128.0
            },
            "accuracy": 0.9669299111549852,
            "macro avg": {
                "precision": 0.9281432648735802,
                "recall": 0.7710665832455216,
                "f1-score": 0.8294516374235943,
                "support": 2026.0
            },
            "weighted avg": {
                "precision": 0.9648950656862605,
                "recall": 0.9669299111549852,
                "f1-score": 0.9632265381957559,
                "support": 2026.0
            },
            "cross-entropy": 0.09851287052252347,
            "roc-auc": 0.9667042610642782,
            "f1-weighted": 0.9632265381957559,
            "f1-macro": 0.8294516374235943,
            "f1-micro": 0.9669299111549852,
            "score": 0.9669299111549852
        },
        "val": {
            "0": {
                "precision": 0.963265306122449,
                "recall": 0.9915966386554622,
                "f1-score": 0.9772256728778468,
                "support": 238.0
            },
            "1": {
                "precision": 0.7777777777777778,
                "recall": 0.4375,
                "f1-score": 0.56,
                "support": 16.0
            },
            "accuracy": 0.9566929133858267,
            "macro avg": {
                "precision": 0.8705215419501133,
                "recall": 0.7145483193277311,
                "f1-score": 0.7686128364389234,
                "support": 254.0
            },
            "weighted avg": {
                "precision": 0.951581052368454,
                "recall": 0.9566929133858267,
                "f1-score": 0.9509437407280612,
                "support": 254.0
            },
            "cross-entropy": 0.1517792490318758,
            "roc-auc": 0.9023109243697479,
            "f1-weighted": 0.9509437407280612,
            "f1-macro": 0.7686128364389234,
            "f1-micro": 0.9566929133858267,
            "score": 0.9566929133858267
        },
        "test": {
            "0": {
                "precision": 0.9585062240663901,
                "recall": 0.9705882352941176,
                "f1-score": 0.964509394572025,
                "support": 238.0
            },
            "1": {
                "precision": 0.46153846153846156,
                "recall": 0.375,
                "f1-score": 0.41379310344827586,
                "support": 16.0
            },
            "accuracy": 0.9330708661417323,
            "macro avg": {
                "precision": 0.7100223428024258,
                "recall": 0.6727941176470589,
                "f1-score": 0.6891512490101505,
                "support": 254.0
            },
            "weighted avg": {
                "precision": 0.927201168159119,
                "recall": 0.9330708661417323,
                "f1-score": 0.9298186045799778,
                "support": 254.0
            },
            "cross-entropy": 0.15071732402132398,
            "roc-auc": 0.9369747899159665,
            "f1-weighted": 0.9298186045799778,
            "f1-macro": 0.6891512490101505,
            "f1-micro": 0.9330708661417323,
            "score": 0.9330708661417323
        }
    }
}
