{
    "function": "bin.ensemble.main",
    "config": {
        "seeds": [
            0
        ]
    },
    "single_model_function": "bin.ffn.main",
    "data": ":data/CTR23-OpenML-tid=361249-ctr23_361249-seed=0",
    "prediction_type": null,
    "metrics": {
        "train": {
            "rmse": 0.1534402511392407,
            "mae": 0.08157666509831207,
            "r2": 0.9708048105239868,
            "corr": 0.9900800848718818,
            "score": -0.1534402511392407
        },
        "val": {
            "rmse": 0.6261936784157082,
            "mae": 0.3921472545584894,
            "r2": 0.44002634286880493,
            "corr": 0.674176385240778,
            "score": -0.6261936784157082
        },
        "test": {
            "rmse": 0.6209787445017894,
            "mae": 0.3898850916173213,
            "r2": 0.48046356439590454,
            "corr": 0.7048615988153932,
            "score": -0.6209787445017894
        }
    }
}
