{
    "function": "bin.ensemble.main",
    "config": {
        "seeds": [
            0
        ]
    },
    "single_model_function": "bin.ffn.main",
    "data": ":data/CTR23-OpenML-tid=361261-ctr23_361261-seed=0",
    "prediction_type": null,
    "metrics": {
        "train": {
            "rmse": 389.2538411523749,
            "mae": 223.2611972390514,
            "r2": 0.2872832417488098,
            "corr": 0.5360549604571261,
            "score": -389.2538411523749
        },
        "val": {
            "rmse": 364.1111827395908,
            "mae": 222.01330433005933,
            "r2": 0.315391480922699,
            "corr": 0.5616103611205849,
            "score": -364.1111827395908
        },
        "test": {
            "rmse": 345.2890246213767,
            "mae": 221.63021354659213,
            "r2": 0.30671292543411255,
            "corr": 0.555007752054308,
            "score": -345.2890246213767
        }
    }
}
