{
    "function": "bin.ensemble.main",
    "config": {
        "seeds": [
            0
        ]
    },
    "single_model_function": "bin.ffn.main",
    "data": ":data/TabZilla-OpenML-connect-4-tid=146195-fold=0",
    "prediction_type": "probs",
    "metrics": {
        "train": {
            "0": {
                "precision": 0.9241639189825719,
                "recall": 0.7606125218065517,
                "f1-score": 0.8344497607655502,
                "support": 5159.0
            },
            "1": {
                "precision": 0.9723744292237443,
                "recall": 0.9600270493650913,
                "f1-score": 0.9661612915422133,
                "support": 13309.0
            },
            "2": {
                "precision": 0.9660383534739082,
                "recall": 0.9954183882845659,
                "f1-score": 0.9805083337947837,
                "support": 35577.0
            },
            "accuracy": 0.9642890184105838,
            "macro avg": {
                "precision": 0.9541922338934081,
                "recall": 0.9053526531520696,
                "f1-score": 0.9270397953675157,
                "support": 54045.0
            },
            "weighted avg": {
                "precision": 0.9636014328450574,
                "recall": 0.9642890184105838,
                "f1-score": 0.9630328788295275,
                "support": 54045.0
            },
            "cross-entropy": 0.11274956895371209,
            "roc-auc": 0.9933226470223447,
            "f1-weighted": 0.9630328788295275,
            "f1-macro": 0.9270397953675157,
            "f1-micro": 0.9642890184105838,
            "score": 0.9642890184105838
        },
        "val": {
            "0": {
                "precision": 0.5424836601307189,
                "recall": 0.386046511627907,
                "f1-score": 0.45108695652173914,
                "support": 645.0
            },
            "1": {
                "precision": 0.8574120603015075,
                "recall": 0.8208057726999398,
                "f1-score": 0.8387096774193549,
                "support": 1663.0
            },
            "2": {
                "precision": 0.9079702444208289,
                "recall": 0.960431654676259,
                "f1-score": 0.9334644378892166,
                "support": 4448.0
            },
            "accuracy": 0.8712255772646537,
            "macro avg": {
                "precision": 0.7692886549510184,
                "recall": 0.7224279796680353,
                "f1-score": 0.7410870239434368,
                "support": 6756.0
            },
            "weighted avg": {
                "precision": 0.8606320106941336,
                "recall": 0.8712255772646537,
                "f1-score": 0.8640874926341243,
                "support": 6756.0
            },
            "cross-entropy": 0.3651413732569272,
            "roc-auc": 0.923837786582464,
            "f1-weighted": 0.8640874926341243,
            "f1-macro": 0.7410870239434368,
            "f1-micro": 0.8712255772646537,
            "score": 0.8712255772646537
        },
        "test": {
            "0": {
                "precision": 0.5697674418604651,
                "recall": 0.3798449612403101,
                "f1-score": 0.4558139534883721,
                "support": 645.0
            },
            "1": {
                "precision": 0.8510903426791278,
                "recall": 0.8214070956103428,
                "f1-score": 0.835985312117503,
                "support": 1663.0
            },
            "2": {
                "precision": 0.9044693920779496,
                "recall": 0.9599820143884892,
                "f1-score": 0.931399280183226,
                "support": 4448.0
            },
            "accuracy": 0.87048549437537,
            "macro avg": {
                "precision": 0.7751090588725141,
                "recall": 0.720411357079714,
                "f1-score": 0.7410661819297003,
                "support": 6756.0
            },
            "weighted avg": {
                "precision": 0.8593758282768071,
                "recall": 0.87048549437537,
                "f1-score": 0.8625085216557722,
                "support": 6756.0
            },
            "cross-entropy": 0.3625055859400369,
            "roc-auc": 0.9234178836537533,
            "f1-weighted": 0.8625085216557722,
            "f1-macro": 0.7410661819297003,
            "f1-micro": 0.87048549437537,
            "score": 0.87048549437537
        }
    }
}
