{
    "function": "bin.ensemble.main",
    "config": {
        "seeds": [
            0
        ]
    },
    "single_model_function": "bin.tabr_scaling.main",
    "data": ":data/TabZilla-OpenML-mfeat-karhunen-tid=16-fold=0",
    "prediction_type": "probs",
    "metrics": {
        "train": {
            "0": {
                "precision": 0.9937888198757764,
                "recall": 1.0,
                "f1-score": 0.9968847352024922,
                "support": 160.0
            },
            "1": {
                "precision": 0.9876543209876543,
                "recall": 1.0,
                "f1-score": 0.9937888198757764,
                "support": 160.0
            },
            "2": {
                "precision": 0.9876543209876543,
                "recall": 1.0,
                "f1-score": 0.9937888198757764,
                "support": 160.0
            },
            "3": {
                "precision": 1.0,
                "recall": 1.0,
                "f1-score": 1.0,
                "support": 160.0
            },
            "4": {
                "precision": 0.99375,
                "recall": 0.99375,
                "f1-score": 0.99375,
                "support": 160.0
            },
            "5": {
                "precision": 1.0,
                "recall": 0.98125,
                "f1-score": 0.9905362776025236,
                "support": 160.0
            },
            "6": {
                "precision": 1.0,
                "recall": 0.99375,
                "f1-score": 0.9968652037617555,
                "support": 160.0
            },
            "7": {
                "precision": 0.99375,
                "recall": 0.99375,
                "f1-score": 0.99375,
                "support": 160.0
            },
            "8": {
                "precision": 1.0,
                "recall": 0.99375,
                "f1-score": 0.9968652037617555,
                "support": 160.0
            },
            "9": {
                "precision": 1.0,
                "recall": 1.0,
                "f1-score": 1.0,
                "support": 160.0
            },
            "accuracy": 0.995625,
            "macro avg": {
                "precision": 0.9956597461851086,
                "recall": 0.9956250000000001,
                "f1-score": 0.995622906008008,
                "support": 1600.0
            },
            "weighted avg": {
                "precision": 0.9956597461851086,
                "recall": 0.995625,
                "f1-score": 0.995622906008008,
                "support": 1600.0
            },
            "cross-entropy": 0.043103702468383125,
            "roc-auc": 0.9999670138888888,
            "f1-weighted": 0.995622906008008,
            "f1-macro": 0.995622906008008,
            "f1-micro": 0.995625,
            "score": 0.995625
        },
        "val": {
            "0": {
                "precision": 1.0,
                "recall": 1.0,
                "f1-score": 1.0,
                "support": 20.0
            },
            "1": {
                "precision": 1.0,
                "recall": 1.0,
                "f1-score": 1.0,
                "support": 20.0
            },
            "2": {
                "precision": 1.0,
                "recall": 0.95,
                "f1-score": 0.9743589743589743,
                "support": 20.0
            },
            "3": {
                "precision": 1.0,
                "recall": 1.0,
                "f1-score": 1.0,
                "support": 20.0
            },
            "4": {
                "precision": 1.0,
                "recall": 0.95,
                "f1-score": 0.9743589743589743,
                "support": 20.0
            },
            "5": {
                "precision": 1.0,
                "recall": 1.0,
                "f1-score": 1.0,
                "support": 20.0
            },
            "6": {
                "precision": 1.0,
                "recall": 1.0,
                "f1-score": 1.0,
                "support": 20.0
            },
            "7": {
                "precision": 0.9523809523809523,
                "recall": 1.0,
                "f1-score": 0.975609756097561,
                "support": 20.0
            },
            "8": {
                "precision": 0.9523809523809523,
                "recall": 1.0,
                "f1-score": 0.975609756097561,
                "support": 20.0
            },
            "9": {
                "precision": 1.0,
                "recall": 1.0,
                "f1-score": 1.0,
                "support": 20.0
            },
            "accuracy": 0.99,
            "macro avg": {
                "precision": 0.9904761904761905,
                "recall": 0.99,
                "f1-score": 0.9899937460913071,
                "support": 200.0
            },
            "weighted avg": {
                "precision": 0.9904761904761904,
                "recall": 0.99,
                "f1-score": 0.9899937460913071,
                "support": 200.0
            },
            "cross-entropy": 0.08101339824888326,
            "roc-auc": 0.9993333333333333,
            "f1-weighted": 0.9899937460913071,
            "f1-macro": 0.9899937460913071,
            "f1-micro": 0.99,
            "score": 0.99
        },
        "test": {
            "0": {
                "precision": 0.8636363636363636,
                "recall": 0.95,
                "f1-score": 0.9047619047619048,
                "support": 20.0
            },
            "1": {
                "precision": 1.0,
                "recall": 1.0,
                "f1-score": 1.0,
                "support": 20.0
            },
            "2": {
                "precision": 0.9090909090909091,
                "recall": 1.0,
                "f1-score": 0.9523809523809523,
                "support": 20.0
            },
            "3": {
                "precision": 1.0,
                "recall": 1.0,
                "f1-score": 1.0,
                "support": 20.0
            },
            "4": {
                "precision": 1.0,
                "recall": 1.0,
                "f1-score": 1.0,
                "support": 20.0
            },
            "5": {
                "precision": 1.0,
                "recall": 1.0,
                "f1-score": 1.0,
                "support": 20.0
            },
            "6": {
                "precision": 1.0,
                "recall": 0.95,
                "f1-score": 0.9743589743589743,
                "support": 20.0
            },
            "7": {
                "precision": 0.95,
                "recall": 0.95,
                "f1-score": 0.95,
                "support": 20.0
            },
            "8": {
                "precision": 1.0,
                "recall": 1.0,
                "f1-score": 1.0,
                "support": 20.0
            },
            "9": {
                "precision": 1.0,
                "recall": 0.85,
                "f1-score": 0.918918918918919,
                "support": 20.0
            },
            "accuracy": 0.97,
            "macro avg": {
                "precision": 0.9722727272727273,
                "recall": 0.97,
                "f1-score": 0.9700420750420751,
                "support": 200.0
            },
            "weighted avg": {
                "precision": 0.9722727272727272,
                "recall": 0.97,
                "f1-score": 0.970042075042075,
                "support": 200.0
            },
            "cross-entropy": 0.1224076478487574,
            "roc-auc": 0.9986111111111112,
            "f1-weighted": 0.970042075042075,
            "f1-macro": 0.9700420750420751,
            "f1-micro": 0.97,
            "score": 0.97
        }
    }
}
