{
    "function": "bin.ensemble.main",
    "config": {
        "seeds": [
            0
        ]
    },
    "single_model_function": "bin.xgboost_.main",
    "data": ":data/CTR23-OpenML-tid=361244-ctr23_361244-fold=1-seed=0",
    "prediction_type": null,
    "metrics": {
        "train": {
            "rmse": 0.7420749874200132,
            "mae": 0.4366486307604305,
            "r2": 0.21493136882781982,
            "corr": 0.4784458874499689,
            "score": -0.7420749874200132
        },
        "val": {
            "rmse": 0.7911126911996894,
            "mae": 0.4269567229146105,
            "r2": 0.11458587646484375,
            "corr": 0.34776929259076683,
            "score": -0.7911126911996894
        },
        "test": {
            "rmse": 0.7685406292665473,
            "mae": 0.425276117969247,
            "r2": 0.07894212007522583,
            "corr": 0.3184594098904819,
            "score": -0.7685406292665473
        }
    }
}
