{
    "function": "bin.tabr_scaling.main",
    "gpus": [
        "NVIDIA RTX 6000 Ada Generation"
    ],
    "config": {
        "seed": 0,
        "batch_size": 256,
        "patience": 16,
        "n_epochs": Infinity,
        "context_size": 96,
        "data": {
            "seed": 0,
            "cache": true,
            "num_policy": "quantile",
            "cat_policy": null,
            "path": ":data/TabZilla-OpenML-MiceProtein-146800",
            "y_policy": null
        },
        "model": {
            "num_embeddings": null,
            "d_main": 254,
            "context_dropout": 0.4291136198234517,
            "d_multiplier": 2.0,
            "encoder_n_blocks": 0,
            "predictor_n_blocks": 1,
            "mixer_normalization": "auto",
            "dropout0": 0.3616580256429863,
            "dropout1": 0.0,
            "normalization": "LayerNorm",
            "activation": "ReLU"
        },
        "optimizer": {
            "type": "AdamW",
            "lr": 0.00012296071107325708,
            "weight_decay": 7.501954443620125e-06
        }
    },
    "n_parameters": 607068,
    "prediction_type": "logits",
    "best_epoch": 4,
    "metrics": {
        "train": {
            "0": {
                "precision": 0.9836065573770492,
                "recall": 1.0,
                "f1-score": 0.9917355371900827,
                "support": 120.0
            },
            "1": {
                "precision": 1.0,
                "recall": 0.8807339449541285,
                "f1-score": 0.9365853658536586,
                "support": 109.0
            },
            "2": {
                "precision": 0.9914529914529915,
                "recall": 0.9666666666666667,
                "f1-score": 0.9789029535864979,
                "support": 120.0
            },
            "3": {
                "precision": 0.9642857142857143,
                "recall": 0.9908256880733946,
                "f1-score": 0.9773755656108597,
                "support": 109.0
            },
            "4": {
                "precision": 0.9469026548672567,
                "recall": 1.0,
                "f1-score": 0.9727272727272728,
                "support": 107.0
            },
            "5": {
                "precision": 0.9642857142857143,
                "recall": 0.9759036144578314,
                "f1-score": 0.9700598802395209,
                "support": 83.0
            },
            "6": {
                "precision": 1.0,
                "recall": 1.0,
                "f1-score": 1.0,
                "support": 109.0
            },
            "7": {
                "precision": 0.9459459459459459,
                "recall": 0.9813084112149533,
                "f1-score": 0.963302752293578,
                "support": 107.0
            },
            "accuracy": 0.9745370370370371,
            "macro avg": {
                "precision": 0.974559947276834,
                "recall": 0.9744297906708719,
                "f1-score": 0.9738361659376839,
                "support": 864.0
            },
            "weighted avg": {
                "precision": 0.975329633436892,
                "recall": 0.9745370370370371,
                "f1-score": 0.9742691471758489,
                "support": 864.0
            },
            "cross-entropy": 1.1120542236805389,
            "score": 0.9745370370370371
        },
        "val": {
            "0": {
                "precision": 1.0,
                "recall": 1.0,
                "f1-score": 1.0,
                "support": 15.0
            },
            "1": {
                "precision": 1.0,
                "recall": 1.0,
                "f1-score": 1.0,
                "support": 13.0
            },
            "2": {
                "precision": 1.0,
                "recall": 1.0,
                "f1-score": 1.0,
                "support": 15.0
            },
            "3": {
                "precision": 1.0,
                "recall": 1.0,
                "f1-score": 1.0,
                "support": 13.0
            },
            "4": {
                "precision": 1.0,
                "recall": 1.0,
                "f1-score": 1.0,
                "support": 14.0
            },
            "5": {
                "precision": 1.0,
                "recall": 1.0,
                "f1-score": 1.0,
                "support": 11.0
            },
            "6": {
                "precision": 1.0,
                "recall": 1.0,
                "f1-score": 1.0,
                "support": 13.0
            },
            "7": {
                "precision": 1.0,
                "recall": 1.0,
                "f1-score": 1.0,
                "support": 14.0
            },
            "accuracy": 1.0,
            "macro avg": {
                "precision": 1.0,
                "recall": 1.0,
                "f1-score": 1.0,
                "support": 108.0
            },
            "weighted avg": {
                "precision": 1.0,
                "recall": 1.0,
                "f1-score": 1.0,
                "support": 108.0
            },
            "cross-entropy": 1.1316331569004907,
            "score": 1.0
        },
        "test": {
            "0": {
                "precision": 1.0,
                "recall": 0.9333333333333333,
                "f1-score": 0.9655172413793104,
                "support": 15.0
            },
            "1": {
                "precision": 1.0,
                "recall": 1.0,
                "f1-score": 1.0,
                "support": 13.0
            },
            "2": {
                "precision": 0.9375,
                "recall": 1.0,
                "f1-score": 0.967741935483871,
                "support": 15.0
            },
            "3": {
                "precision": 1.0,
                "recall": 1.0,
                "f1-score": 1.0,
                "support": 13.0
            },
            "4": {
                "precision": 1.0,
                "recall": 1.0,
                "f1-score": 1.0,
                "support": 14.0
            },
            "5": {
                "precision": 1.0,
                "recall": 1.0,
                "f1-score": 1.0,
                "support": 11.0
            },
            "6": {
                "precision": 1.0,
                "recall": 1.0,
                "f1-score": 1.0,
                "support": 13.0
            },
            "7": {
                "precision": 1.0,
                "recall": 1.0,
                "f1-score": 1.0,
                "support": 14.0
            },
            "accuracy": 0.9907407407407407,
            "macro avg": {
                "precision": 0.9921875,
                "recall": 0.9916666666666667,
                "f1-score": 0.9916573971078977,
                "support": 108.0
            },
            "weighted avg": {
                "precision": 0.9913194444444444,
                "recall": 0.9907407407407407,
                "f1-score": 0.9907304412309975,
                "support": 108.0
            },
            "cross-entropy": 1.1215411952113115,
            "score": 0.9907407407407407
        }
    },
    "time": "0:00:00.716094",
    "chunk_size": null,
    "eval_batch_size": 32768
}
