{
    "function": "bin.ensemble.main",
    "config": {
        "seeds": [
            0
        ]
    },
    "single_model_function": "bin.xgboost_.main",
    "data": ":data/CTR23-OpenML-tid=361247-ctr23_361247-seed=0",
    "prediction_type": null,
    "metrics": {
        "train": {
            "rmse": 0.00031040976057468384,
            "mae": 0.0002533682421933508,
            "r2": 0.9995523691177368,
            "corr": 0.9997761693175627,
            "score": -0.00031040976057468384
        },
        "val": {
            "rmse": 0.0008641412770189084,
            "mae": 0.0005618600042563253,
            "r2": 0.9966544508934021,
            "corr": 0.9983282053699676,
            "score": -0.0008641412770189084
        },
        "test": {
            "rmse": 0.0007419516025278295,
            "mae": 0.0005176239135531759,
            "r2": 0.9974647760391235,
            "corr": 0.9987322747044002,
            "score": -0.0007419516025278295
        }
    }
}
