{
    "function": "bin.ensemble.main",
    "config": {
        "seeds": [
            0
        ]
    },
    "single_model_function": "bin.tabr.main",
    "data": ":data/TabZilla-OpenML-qsar-biodeg-tid=9957-fold=1",
    "prediction_type": "probs",
    "metrics": {
        "train": {
            "0": {
                "precision": 0.9856373429084381,
                "recall": 0.9821109123434705,
                "f1-score": 0.9838709677419355,
                "support": 559.0
            },
            "1": {
                "precision": 0.965034965034965,
                "recall": 0.971830985915493,
                "f1-score": 0.968421052631579,
                "support": 284.0
            },
            "accuracy": 0.9786476868327402,
            "macro avg": {
                "precision": 0.9753361539717016,
                "recall": 0.9769709491294818,
                "f1-score": 0.9761460101867572,
                "support": 843.0
            },
            "weighted avg": {
                "precision": 0.9786965655465564,
                "recall": 0.9786476868327402,
                "f1-score": 0.978666014134176,
                "support": 843.0
            },
            "cross-entropy": 0.07647987811044525,
            "roc-auc": 0.9941167577918314,
            "f1-weighted": 0.978666014134176,
            "f1-macro": 0.9761460101867572,
            "f1-micro": 0.9786476868327402,
            "score": 0.9786476868327402
        },
        "val": {
            "0": {
                "precision": 0.8767123287671232,
                "recall": 0.9142857142857143,
                "f1-score": 0.8951048951048951,
                "support": 70.0
            },
            "1": {
                "precision": 0.8181818181818182,
                "recall": 0.75,
                "f1-score": 0.782608695652174,
                "support": 36.0
            },
            "accuracy": 0.8584905660377359,
            "macro avg": {
                "precision": 0.8474470734744708,
                "recall": 0.8321428571428571,
                "f1-score": 0.8388567953785345,
                "support": 106.0
            },
            "weighted avg": {
                "precision": 0.8568340421532461,
                "recall": 0.8584905660377359,
                "f1-score": 0.8568986386869898,
                "support": 106.0
            },
            "cross-entropy": 0.5845940034901936,
            "roc-auc": 0.8476190476190476,
            "f1-weighted": 0.8568986386869898,
            "f1-macro": 0.8388567953785345,
            "f1-micro": 0.8584905660377359,
            "score": 0.8584905660377359
        },
        "test": {
            "0": {
                "precision": 0.8888888888888888,
                "recall": 0.9142857142857143,
                "f1-score": 0.9014084507042254,
                "support": 70.0
            },
            "1": {
                "precision": 0.8235294117647058,
                "recall": 0.7777777777777778,
                "f1-score": 0.8,
                "support": 36.0
            },
            "accuracy": 0.8679245283018868,
            "macro avg": {
                "precision": 0.8562091503267973,
                "recall": 0.846031746031746,
                "f1-score": 0.8507042253521127,
                "support": 106.0
            },
            "weighted avg": {
                "precision": 0.8666913306202985,
                "recall": 0.8679245283018868,
                "f1-score": 0.8669678448046771,
                "support": 106.0
            },
            "cross-entropy": 0.3536113032778998,
            "roc-auc": 0.9317460317460318,
            "f1-weighted": 0.8669678448046771,
            "f1-macro": 0.8507042253521127,
            "f1-micro": 0.8679245283018868,
            "score": 0.8679245283018868
        }
    }
}
