{
    "function": "bin.ensemble.main",
    "config": {
        "seeds": [
            0
        ]
    },
    "single_model_function": "bin.xgboost_.main",
    "data": ":data/TabZilla-OpenML-cmc-tid=23-fold=1",
    "prediction_type": "probs",
    "metrics": {
        "train": {
            "0": {
                "precision": 0.7155361050328227,
                "recall": 0.6500994035785288,
                "f1-score": 0.68125,
                "support": 503.0
            },
            "1": {
                "precision": 0.5935483870967742,
                "recall": 0.3471698113207547,
                "f1-score": 0.4380952380952381,
                "support": 265.0
            },
            "2": {
                "precision": 0.5079646017699115,
                "recall": 0.7017114914425427,
                "f1-score": 0.5893223819301848,
                "support": 409.0
            },
            "accuracy": 0.5998300764655905,
            "macro avg": {
                "precision": 0.6056830312998361,
                "recall": 0.566326902113942,
                "f1-score": 0.5695558733418077,
                "support": 1177.0
            },
            "weighted avg": {
                "precision": 0.6159409562753176,
                "recall": 0.5998300764655905,
                "f1-score": 0.5945597640651518,
                "support": 1177.0
            },
            "cross-entropy": 0.9981583986746482,
            "roc-auc": 0.7716492330175733,
            "f1-weighted": 0.5945597640651518,
            "f1-macro": 0.5695558733418077,
            "f1-micro": 0.5998300764655905,
            "score": 0.5998300764655905
        },
        "val": {
            "0": {
                "precision": 0.7049180327868853,
                "recall": 0.6825396825396826,
                "f1-score": 0.6935483870967742,
                "support": 63.0
            },
            "1": {
                "precision": 0.6842105263157895,
                "recall": 0.38235294117647056,
                "f1-score": 0.49056603773584906,
                "support": 34.0
            },
            "2": {
                "precision": 0.5441176470588235,
                "recall": 0.7254901960784313,
                "f1-score": 0.6218487394957983,
                "support": 51.0
            },
            "accuracy": 0.6283783783783784,
            "macro avg": {
                "precision": 0.6444154020538327,
                "recall": 0.5967942732648615,
                "f1-score": 0.6019877214428072,
                "support": 148.0
            },
            "weighted avg": {
                "precision": 0.6447499591912879,
                "recall": 0.6283783783783784,
                "f1-score": 0.6222099958405497,
                "support": 148.0
            },
            "cross-entropy": 1.0099377932828688,
            "roc-auc": 0.7189130554182457,
            "f1-weighted": 0.6222099958405497,
            "f1-macro": 0.6019877214428072,
            "f1-micro": 0.6283783783783784,
            "score": 0.6283783783783784
        },
        "test": {
            "0": {
                "precision": 0.6,
                "recall": 0.5714285714285714,
                "f1-score": 0.5853658536585366,
                "support": 63.0
            },
            "1": {
                "precision": 0.46153846153846156,
                "recall": 0.17647058823529413,
                "f1-score": 0.2553191489361702,
                "support": 34.0
            },
            "2": {
                "precision": 0.38666666666666666,
                "recall": 0.5686274509803921,
                "f1-score": 0.4603174603174603,
                "support": 51.0
            },
            "accuracy": 0.4797297297297297,
            "macro avg": {
                "precision": 0.48273504273504275,
                "recall": 0.4388422035480859,
                "f1-score": 0.433667487637389,
                "support": 148.0
            },
            "weighted avg": {
                "precision": 0.49467775467775466,
                "recall": 0.4797297297297297,
                "f1-score": 0.4664533129764058,
                "support": 148.0
            },
            "cross-entropy": 1.0057180269312327,
            "roc-auc": 0.7285949238083033,
            "f1-weighted": 0.4664533129764058,
            "f1-macro": 0.433667487637389,
            "f1-micro": 0.4797297297297297,
            "score": 0.4797297297297297
        }
    }
}
