{
    "function": "bin.ensemble.main",
    "config": {
        "seeds": [
            0
        ]
    },
    "single_model_function": "bin.xgboost_.main",
    "data": ":data/CTR23-OpenML-tid=361617-ctr23_361617-fold=1-seed=0",
    "prediction_type": null,
    "metrics": {
        "train": {
            "rmse": 0.05329586401161292,
            "mae": 0.040077612342503066,
            "r2": 0.9999713897705078,
            "corr": 0.9999856813691952,
            "score": -0.05329586401161292
        },
        "val": {
            "rmse": 0.25971894835353915,
            "mae": 0.1812574054903493,
            "r2": 0.9993640184402466,
            "corr": 0.999682505193139,
            "score": -0.25971894835353915
        },
        "test": {
            "rmse": 0.3905504071175918,
            "mae": 0.2481151725376769,
            "r2": 0.9986329674720764,
            "corr": 0.9993497150934614,
            "score": -0.3905504071175918
        }
    }
}
