{
    "function": "bin.ensemble.main",
    "config": {
        "seeds": [
            0
        ]
    },
    "single_model_function": "bin.xgboost_.main",
    "data": ":data/TabZilla-OpenML-tic-tac-toe-tid=49-fold=0",
    "prediction_type": "probs",
    "metrics": {
        "train": {
            "0": {
                "precision": 1.0,
                "recall": 0.9774436090225563,
                "f1-score": 0.9885931558935361,
                "support": 266.0
            },
            "1": {
                "precision": 0.9881422924901185,
                "recall": 1.0,
                "f1-score": 0.9940357852882704,
                "support": 500.0
            },
            "accuracy": 0.9921671018276762,
            "macro avg": {
                "precision": 0.9940711462450593,
                "recall": 0.9887218045112782,
                "f1-score": 0.9913144705909033,
                "support": 766.0
            },
            "weighted avg": {
                "precision": 0.9922599820431582,
                "recall": 0.9921671018276762,
                "f1-score": 0.992145786046757,
                "support": 766.0
            },
            "cross-entropy": 0.21775517448650092,
            "roc-auc": 1.0,
            "f1-weighted": 0.992145786046757,
            "f1-macro": 0.9913144705909033,
            "f1-micro": 0.9921671018276762,
            "score": 0.9921671018276762
        },
        "val": {
            "0": {
                "precision": 1.0,
                "recall": 1.0,
                "f1-score": 1.0,
                "support": 33.0
            },
            "1": {
                "precision": 1.0,
                "recall": 1.0,
                "f1-score": 1.0,
                "support": 63.0
            },
            "accuracy": 1.0,
            "macro avg": {
                "precision": 1.0,
                "recall": 1.0,
                "f1-score": 1.0,
                "support": 96.0
            },
            "weighted avg": {
                "precision": 1.0,
                "recall": 1.0,
                "f1-score": 1.0,
                "support": 96.0
            },
            "cross-entropy": 0.22449477445495022,
            "roc-auc": 1.0,
            "f1-weighted": 1.0,
            "f1-macro": 1.0,
            "f1-micro": 1.0,
            "score": 1.0
        },
        "test": {
            "0": {
                "precision": 1.0,
                "recall": 0.8181818181818182,
                "f1-score": 0.9,
                "support": 33.0
            },
            "1": {
                "precision": 0.9130434782608695,
                "recall": 1.0,
                "f1-score": 0.9545454545454546,
                "support": 63.0
            },
            "accuracy": 0.9375,
            "macro avg": {
                "precision": 0.9565217391304348,
                "recall": 0.9090909090909092,
                "f1-score": 0.9272727272727272,
                "support": 96.0
            },
            "weighted avg": {
                "precision": 0.9429347826086957,
                "recall": 0.9375,
                "f1-score": 0.9357954545454547,
                "support": 96.0
            },
            "cross-entropy": 0.2659167445732944,
            "roc-auc": 0.9874939874939875,
            "f1-weighted": 0.9357954545454547,
            "f1-macro": 0.9272727272727272,
            "f1-micro": 0.9375,
            "score": 0.9375
        }
    }
}
