{
    "function": "bin.ensemble.main",
    "config": {
        "seeds": [
            0
        ]
    },
    "single_model_function": "bin.tabr.main",
    "data": ":data/CTR23-OpenML-tid=361260-ctr23_361260-seed=0",
    "prediction_type": null,
    "metrics": {
        "train": {
            "rmse": 70498.79098201093,
            "mae": 38427.440056472784,
            "r2": 0.9493198394775391,
            "corr": 0.9745040483088135,
            "score": -70498.79098201093
        },
        "val": {
            "rmse": 79514.54529382706,
            "mae": 42022.56125298794,
            "r2": 0.9428414702415466,
            "corr": 0.9711066803431828,
            "score": -79514.54529382706
        },
        "test": {
            "rmse": 85664.11795867153,
            "mae": 42309.07882213127,
            "r2": 0.9299156069755554,
            "corr": 0.9646291354796482,
            "score": -85664.11795867153
        }
    }
}
