{
    "function": "bin.ensemble.main",
    "config": {
        "seeds": [
            0
        ]
    },
    "single_model_function": "bin.tabr_scaling.main",
    "data": ":data/TabZilla-OpenML-madelon-tid=9976-fold=0",
    "prediction_type": "probs",
    "metrics": {
        "train": {
            "0": {
                "precision": 0.9961649089165868,
                "recall": 0.9990384615384615,
                "f1-score": 0.9975996159385502,
                "support": 1040.0
            },
            "1": {
                "precision": 0.9990356798457087,
                "recall": 0.9961538461538462,
                "f1-score": 0.9975926817525277,
                "support": 1040.0
            },
            "accuracy": 0.9975961538461539,
            "macro avg": {
                "precision": 0.9976002943811477,
                "recall": 0.9975961538461539,
                "f1-score": 0.9975961488455389,
                "support": 2080.0
            },
            "weighted avg": {
                "precision": 0.9976002943811478,
                "recall": 0.9975961538461539,
                "f1-score": 0.997596148845539,
                "support": 2080.0
            },
            "cross-entropy": 0.008702406817997919,
            "roc-auc": 0.9999926035502958,
            "f1-weighted": 0.997596148845539,
            "f1-macro": 0.9975961488455389,
            "f1-micro": 0.9975961538461539,
            "score": 0.9975961538461539
        },
        "val": {
            "0": {
                "precision": 0.62,
                "recall": 0.7153846153846154,
                "f1-score": 0.6642857142857143,
                "support": 130.0
            },
            "1": {
                "precision": 0.6636363636363637,
                "recall": 0.5615384615384615,
                "f1-score": 0.6083333333333333,
                "support": 130.0
            },
            "accuracy": 0.6384615384615384,
            "macro avg": {
                "precision": 0.6418181818181818,
                "recall": 0.6384615384615384,
                "f1-score": 0.6363095238095238,
                "support": 260.0
            },
            "weighted avg": {
                "precision": 0.6418181818181818,
                "recall": 0.6384615384615384,
                "f1-score": 0.6363095238095238,
                "support": 260.0
            },
            "cross-entropy": 1.4550067355635232,
            "roc-auc": 0.6706508875739645,
            "f1-weighted": 0.6363095238095238,
            "f1-macro": 0.6363095238095238,
            "f1-micro": 0.6384615384615384,
            "score": 0.6384615384615384
        },
        "test": {
            "0": {
                "precision": 0.5923076923076923,
                "recall": 0.5923076923076923,
                "f1-score": 0.5923076923076923,
                "support": 130.0
            },
            "1": {
                "precision": 0.5923076923076923,
                "recall": 0.5923076923076923,
                "f1-score": 0.5923076923076923,
                "support": 130.0
            },
            "accuracy": 0.5923076923076923,
            "macro avg": {
                "precision": 0.5923076923076923,
                "recall": 0.5923076923076923,
                "f1-score": 0.5923076923076923,
                "support": 260.0
            },
            "weighted avg": {
                "precision": 0.5923076923076923,
                "recall": 0.5923076923076923,
                "f1-score": 0.5923076923076923,
                "support": 260.0
            },
            "cross-entropy": 1.5538006447141746,
            "roc-auc": 0.6457396449704143,
            "f1-weighted": 0.5923076923076923,
            "f1-macro": 0.5923076923076923,
            "f1-micro": 0.5923076923076923,
            "score": 0.5923076923076923
        }
    }
}
