{
    "function": "bin.ensemble.main",
    "config": {
        "seeds": [
            0
        ]
    },
    "single_model_function": "bin.xgboost_.main",
    "data": ":data/CTR23-OpenML-tid=361249-ctr23_361249-fold=1-seed=0",
    "prediction_type": null,
    "metrics": {
        "train": {
            "rmse": 0.01886772962049414,
            "mae": 0.012425368329901376,
            "r2": 0.9995513558387756,
            "corr": 0.9998288794681598,
            "score": -0.01886772962049414
        },
        "val": {
            "rmse": 0.5579325972585911,
            "mae": 0.3782018437826302,
            "r2": 0.5571322441101074,
            "corr": 0.7467381436389924,
            "score": -0.5579325972585911
        },
        "test": {
            "rmse": 0.5896420522774594,
            "mae": 0.3906922814076843,
            "r2": 0.5843771696090698,
            "corr": 0.7659601954072749,
            "score": -0.5896420522774594
        }
    }
}
