{
    "function": "bin.ensemble.main",
    "config": {
        "seeds": [
            0
        ]
    },
    "single_model_function": "bin.catboost_.main",
    "data": ":data/CTR23-OpenML-tid=361266-ctr23_361266-seed=0",
    "prediction_type": null,
    "metrics": {
        "train": {
            "rmse": 79938.49848428906,
            "mae": 53285.6147465182,
            "r2": 0.9527360064742749,
            "corr": 0.9761292783425701,
            "score": -79938.49848428906
        },
        "val": {
            "rmse": 116235.32695136542,
            "mae": 64140.2705361789,
            "r2": 0.9095716708455834,
            "corr": 0.9544152571636796,
            "score": -116235.32695136542
        },
        "test": {
            "rmse": 104254.84552504992,
            "mae": 62280.18183844253,
            "r2": 0.9008229417212555,
            "corr": 0.9496810034631334,
            "score": -104254.84552504992
        }
    }
}
