{
    "function": "bin.ffn.main",
    "gpus": [
        "NVIDIA RTX 6000 Ada Generation"
    ],
    "config": {
        "seed": 0,
        "batch_size": 256,
        "patience": 16,
        "n_epochs": Infinity,
        "data": {
            "seed": 0,
            "cache": true,
            "num_policy": "quantile",
            "cat_policy": null,
            "y_policy": "standard",
            "path": ":data/CTR23-OpenML-tid=361258-ctr23_361258-fold=1-seed=0"
        },
        "optimizer": {
            "type": "AdamW",
            "lr": 0.00037179695110280977,
            "weight_decay": 1.3424883704781802e-06
        },
        "model": {
            "backbone": {
                "type": "MLP",
                "n_blocks": 3,
                "d_layer": 1003,
                "dropout": 0.0,
                "activation": "ReLU"
            },
            "num_embeddings": {
                "type": "PLREmbeddings",
                "n_frequencies": 93,
                "frequency_scale": 0.08449023263251551,
                "d_embedding": 62,
                "lite": true
            }
        }
    },
    "n_parameters": 2525857,
    "prediction_type": null,
    "best_epoch": 24,
    "metrics": {
        "train": {
            "rmse": 0.04539992989374443,
            "mae": 0.03548477579581988,
            "r2": 0.9704374670982361,
            "corr": 0.9851821844126972,
            "score": -0.04539992989374443
        },
        "val": {
            "rmse": 0.06833365623502453,
            "mae": 0.0526848077254094,
            "r2": 0.9306695461273193,
            "corr": 0.9649277393961214,
            "score": -0.06833365623502453
        },
        "test": {
            "rmse": 0.06774968522391102,
            "mae": 0.05265301981053572,
            "r2": 0.9351518750190735,
            "corr": 0.9672450379455814,
            "score": -0.06774968522391102
        }
    },
    "time": "0:00:02.147995",
    "chunk_size": null,
    "eval_batch_size": 32768
}
