{
    "function": "bin.ensemble.main",
    "config": {
        "seeds": [
            0
        ]
    },
    "single_model_function": "bin.tabr_scaling.main",
    "data": ":data/TabZilla-OpenML-letter-6",
    "prediction_type": "probs",
    "metrics": {
        "train": {
            "0": {
                "precision": 1.0,
                "recall": 1.0,
                "f1-score": 1.0,
                "support": 632.0
            },
            "1": {
                "precision": 0.996742671009772,
                "recall": 1.0,
                "f1-score": 0.99836867862969,
                "support": 612.0
            },
            "2": {
                "precision": 0.9982993197278912,
                "recall": 0.9982993197278912,
                "f1-score": 0.9982993197278912,
                "support": 588.0
            },
            "3": {
                "precision": 1.0,
                "recall": 0.9984447900466563,
                "f1-score": 0.9992217898832685,
                "support": 643.0
            },
            "4": {
                "precision": 1.0,
                "recall": 0.996742671009772,
                "f1-score": 0.99836867862969,
                "support": 614.0
            },
            "5": {
                "precision": 0.9983818770226537,
                "recall": 0.9935587761674718,
                "f1-score": 0.9959644874899112,
                "support": 621.0
            },
            "6": {
                "precision": 0.9951690821256038,
                "recall": 0.9983844911147012,
                "f1-score": 0.9967741935483871,
                "support": 619.0
            },
            "7": {
                "precision": 1.0,
                "recall": 0.9965986394557823,
                "f1-score": 0.9982964224872232,
                "support": 588.0
            },
            "8": {
                "precision": 0.995049504950495,
                "recall": 1.0,
                "f1-score": 0.9975186104218362,
                "support": 603.0
            },
            "9": {
                "precision": 1.0,
                "recall": 0.994991652754591,
                "f1-score": 0.9974895397489539,
                "support": 599.0
            },
            "10": {
                "precision": 0.9966159052453468,
                "recall": 0.9966159052453468,
                "f1-score": 0.9966159052453468,
                "support": 591.0
            },
            "11": {
                "precision": 1.0,
                "recall": 1.0,
                "f1-score": 1.0,
                "support": 609.0
            },
            "12": {
                "precision": 0.9984251968503937,
                "recall": 1.0,
                "f1-score": 0.9992119779353822,
                "support": 634.0
            },
            "13": {
                "precision": 1.0,
                "recall": 1.0,
                "f1-score": 1.0,
                "support": 626.0
            },
            "14": {
                "precision": 0.9983443708609272,
                "recall": 1.0,
                "f1-score": 0.9991714995857498,
                "support": 603.0
            },
            "15": {
                "precision": 0.9953488372093023,
                "recall": 0.9984447900466563,
                "f1-score": 0.9968944099378882,
                "support": 643.0
            },
            "16": {
                "precision": 1.0,
                "recall": 0.9984051036682615,
                "f1-score": 0.9992019154030327,
                "support": 627.0
            },
            "17": {
                "precision": 0.9967105263157895,
                "recall": 1.0,
                "f1-score": 0.9983525535420099,
                "support": 606.0
            },
            "18": {
                "precision": 1.0,
                "recall": 1.0,
                "f1-score": 1.0,
                "support": 598.0
            },
            "19": {
                "precision": 0.9984326018808778,
                "recall": 0.9984326018808778,
                "f1-score": 0.9984326018808778,
                "support": 638.0
            },
            "20": {
                "precision": 1.0,
                "recall": 1.0,
                "f1-score": 1.0,
                "support": 650.0
            },
            "21": {
                "precision": 1.0,
                "recall": 0.9901639344262295,
                "f1-score": 0.9950576606260296,
                "support": 610.0
            },
            "22": {
                "precision": 0.9983416252072969,
                "recall": 1.0,
                "f1-score": 0.9991701244813278,
                "support": 602.0
            },
            "23": {
                "precision": 0.9984152139461173,
                "recall": 1.0,
                "f1-score": 0.9992069785884219,
                "support": 630.0
            },
            "24": {
                "precision": 0.9952456418383518,
                "recall": 1.0,
                "f1-score": 0.9976171564733916,
                "support": 628.0
            },
            "25": {
                "precision": 1.0,
                "recall": 1.0,
                "f1-score": 1.0,
                "support": 586.0
            },
            "accuracy": 0.9984375,
            "macro avg": {
                "precision": 0.9984431682381084,
                "recall": 0.9984262567517015,
                "f1-score": 0.998432096317935,
                "support": 16000.0
            },
            "weighted avg": {
                "precision": 0.9984414244719072,
                "recall": 0.9984375,
                "f1-score": 0.9984368598250125,
                "support": 16000.0
            },
            "cross-entropy": 0.0067904161768334755,
            "score": 0.9984375
        },
        "val": {
            "0": {
                "precision": 1.0,
                "recall": 1.0,
                "f1-score": 1.0,
                "support": 78.0
            },
            "1": {
                "precision": 0.9506172839506173,
                "recall": 1.0,
                "f1-score": 0.9746835443037974,
                "support": 77.0
            },
            "2": {
                "precision": 0.9605263157894737,
                "recall": 0.9864864864864865,
                "f1-score": 0.9733333333333334,
                "support": 74.0
            },
            "3": {
                "precision": 0.975609756097561,
                "recall": 0.9876543209876543,
                "f1-score": 0.9815950920245399,
                "support": 81.0
            },
            "4": {
                "precision": 0.9868421052631579,
                "recall": 0.974025974025974,
                "f1-score": 0.9803921568627451,
                "support": 77.0
            },
            "5": {
                "precision": 0.9620253164556962,
                "recall": 0.987012987012987,
                "f1-score": 0.9743589743589743,
                "support": 77.0
            },
            "6": {
                "precision": 0.9868421052631579,
                "recall": 0.974025974025974,
                "f1-score": 0.9803921568627451,
                "support": 77.0
            },
            "7": {
                "precision": 0.972972972972973,
                "recall": 0.9863013698630136,
                "f1-score": 0.9795918367346939,
                "support": 73.0
            },
            "8": {
                "precision": 0.974025974025974,
                "recall": 0.9868421052631579,
                "f1-score": 0.9803921568627451,
                "support": 76.0
            },
            "9": {
                "precision": 0.9861111111111112,
                "recall": 0.9594594594594594,
                "f1-score": 0.9726027397260274,
                "support": 74.0
            },
            "10": {
                "precision": 1.0,
                "recall": 1.0,
                "f1-score": 1.0,