{
    "function": "bin.ensemble.main",
    "config": {
        "seeds": [
            0
        ]
    },
    "single_model_function": "bin.xgboost_.main",
    "data": ":data/CTR23-OpenML-tid=361617-ctr23_361617-seed=0",
    "prediction_type": null,
    "metrics": {
        "train": {
            "rmse": 0.015002999405573167,
            "mae": 0.011281338533410068,
            "r2": 0.9999977946281433,
            "corr": 0.9999988990282225,
            "score": -0.015002999405573167
        },
        "val": {
            "rmse": 0.28292159483946683,
            "mae": 0.20657598630105412,
            "r2": 0.9992834329605103,
            "corr": 0.9996452764535134,
            "score": -0.28292159483946683
        },
        "test": {
            "rmse": 0.5115533660472957,
            "mae": 0.27862778284821843,
            "r2": 0.9967921376228333,
            "corr": 0.9984335096929227,
            "score": -0.5115533660472957
        }
    }
}
