{
    "function": "bin.ensemble.main",
    "config": {
        "seeds": [
            0
        ]
    },
    "single_model_function": "bin.xgboost_.main",
    "data": ":data/CTR23-OpenML-tid=361242-ctr23_361242-fold=1-seed=0",
    "prediction_type": null,
    "metrics": {
        "train": {
            "rmse": 5.050970818847269,
            "mae": 2.8967620834841057,
            "r2": 0.9782509803771973,
            "corr": 0.989129750040517,
            "score": -5.050970818847269
        },
        "val": {
            "rmse": 8.680163041116636,
            "mae": 5.020335863605169,
            "r2": 0.9343817234039307,
            "corr": 0.966669757520523,
            "score": -8.680163041116636
        },
        "test": {
            "rmse": 9.444314937885506,
            "mae": 5.198847985706038,
            "r2": 0.9264405965805054,
            "corr": 0.9626163699239915,
            "score": -9.444314937885506
        }
    }
}
