{
    "function": "bin.ensemble.main",
    "config": {
        "seeds": [
            0
        ]
    },
    "single_model_function": "bin.xgboost_.main",
    "data": ":data/CTR23-OpenML-tid=361251-ctr23_361251-fold=1-seed=0",
    "prediction_type": null,
    "metrics": {
        "train": {
            "rmse": 0.0010005681965985064,
            "mae": 0.0007844461846139017,
            "r2": 0.9992707371711731,
            "corr": 0.9996376988970089,
            "score": -0.0010005681965985064
        },
        "val": {
            "rmse": 0.0076221201013708505,
            "mae": 0.005408487832222253,
            "r2": 0.9557408094406128,
            "corr": 0.9778856884534506,
            "score": -0.0076221201013708505
        },
        "test": {
            "rmse": 0.007140097857809192,
            "mae": 0.005050545996848732,
            "r2": 0.9623428583145142,
            "corr": 0.981040912630555,
            "score": -0.007140097857809192
        }
    }
}
