{
    "function": "bin.ensemble.main",
    "config": {
        "seeds": [
            0
        ]
    },
    "single_model_function": "bin.catboost_.main",
    "data": ":data/CTR23-OpenML-tid=361623-ctr23_361623-seed=0",
    "prediction_type": null,
    "metrics": {
        "train": {
            "rmse": 0.02983349440480691,
            "mae": 0.02388594200096858,
            "r2": 0.9781086654934703,
            "corr": 0.9897902612275619,
            "score": -0.02983349440480691
        },
        "val": {
            "rmse": 0.10769140981060268,
            "mae": 0.07615617449100166,
            "r2": 0.6771324492761661,
            "corr": 0.8248999072977877,
            "score": -0.10769140981060268
        },
        "test": {
            "rmse": 0.09713273082528695,
            "mae": 0.07083459037833964,
            "r2": 0.7167553210577332,
            "corr": 0.848531649908763,
            "score": -0.09713273082528695
        }
    }
}
