{
    "function": "bin.ensemble.main",
    "config": {
        "seeds": [
            0
        ]
    },
    "single_model_function": "bin.catboost_.main",
    "data": ":data/CTR23-OpenML-tid=361252-ctr23_361252-seed=0",
    "prediction_type": null,
    "metrics": {
        "train": {
            "rmse": 0.38521344608339114,
            "mae": 0.23276975801996638,
            "r2": 0.9994320532586767,
            "corr": 0.9997160484831038,
            "score": -0.38521344608339114
        },
        "val": {
            "rmse": 0.903795280359024,
            "mae": 0.3479071548982037,
            "r2": 0.99679907086041,
            "corr": 0.9984168646116693,
            "score": -0.903795280359024
        },
        "test": {
            "rmse": 0.7556130467359988,
            "mae": 0.3438941509839357,
            "r2": 0.9977352048080061,
            "corr": 0.998868756586395,
            "score": -0.7556130467359988
        }
    }
}
