{
    "function": "bin.lightgbm_.main",
    "gpus": [
        "NVIDIA RTX 6000 Ada Generation",
        "NVIDIA RTX 6000 Ada Generation"
    ],
    "config": {
        "seed": 0,
        "data": {
            "seed": 0,
            "num_policy": "quantile",
            "cat_policy": "one-hot",
            "y_policy": "standard",
            "cache": true,
            "path": ":data/CTR23-OpenML-tid=361244-ctr23_361244-fold=0-seed=0"
        },
        "model": {
            "n_estimators": 4000,
            "n_jobs": 4,
            "early_stopping_rounds": 200,
            "feature_fraction": 0.8315391015500504,
            "lambda_l2": 0.0,
            "learning_rate": 0.18842388825327847,
            "num_leaves": 248,
            "min_sum_hessian_in_leaf": 0.019988645463995935,
            "bagging_fraction": 0.7941585567768028
        },
        "fit": {}
    },
    "prediction_type": null,
    "time": "0:00:00.056897",
    "best_iteration": 5,
    "metrics": {
        "train": {
            "rmse": 0.7453809996340697,
            "mae": 0.4275281375144964,
            "r2": 0.19805996052602004,
            "corr": 0.483732001514859,
            "score": -0.7453809996340697
        },
        "val": {
            "rmse": 0.5443446684895779,
            "mae": 0.3720314569204766,
            "r2": 0.09985082145190027,
            "corr": 0.35809616173792813,
            "score": -0.5443446684895779
        },
        "test": {
            "rmse": 1.0807910172328439,
            "mae": 0.5300140315026157,
            "r2": 0.07268879153318175,
            "corr": 0.2915148807567699,
            "score": -1.0807910172328439
        }
    }
}
