{
    "function": "bin.ensemble.main",
    "config": {
        "seeds": [
            0
        ]
    },
    "single_model_function": "bin.ffn.main",
    "data": ":data/CTR23-OpenML-tid=361236-ctr23_361236-seed=0",
    "prediction_type": null,
    "metrics": {
        "train": {
            "rmse": 59.05090977757823,
            "mae": 41.47188504943961,
            "r2": 0.9999673366546631,
            "corr": 0.9999850416670484,
            "score": -59.05090977757823
        },
        "val": {
            "rmse": 419.01098068544303,
            "mae": 236.77184644848057,
            "r2": 0.9984330534934998,
            "corr": 0.9992205704480774,
            "score": -419.01098068544303
        },
        "test": {
            "rmse": 490.2998234335438,
            "mae": 225.93489119765763,
            "r2": 0.9977426528930664,
            "corr": 0.9988854163147413,
            "score": -490.2998234335438
        }
    }
}
