{
    "function": "bin.tabr_scaling.main",
    "gpus": [
        "NVIDIA RTX 6000 Ada Generation"
    ],
    "config": {
        "seed": 0,
        "batch_size": 256,
        "patience": 16,
        "n_epochs": Infinity,
        "context_size": 96,
        "data": {
            "seed": 0,
            "cache": true,
            "num_policy": "quantile",
            "cat_policy": null,
            "path": ":data/TabZilla-OpenML-dresses-sales-tid=125920-fold=0",
            "y_policy": null
        },
        "optimizer": {
            "type": "AdamW",
            "lr": 0.00019407982792082253,
            "weight_decay": 1.0924118351371678e-06
        },
        "model": {
            "num_embeddings": null,
            "d_main": 183,
            "context_dropout": 0.396104122495611,
            "d_multiplier": 2.0,
            "encoder_n_blocks": 0,
            "predictor_n_blocks": 1,
            "mixer_normalization": "auto",
            "dropout0": 0.17404656432626645,
            "dropout1": 0.0,
            "normalization": "LayerNorm",
            "activation": "ReLU"
        }
    },
    "n_parameters": 334159,
    "prediction_type": "logits",
    "best_epoch": 20,
    "metrics": {
        "train": {
            "0": {
                "precision": 0.7362204724409449,
                "recall": 0.8060344827586207,
                "f1-score": 0.7695473251028807,
                "support": 232.0
            },
            "1": {
                "precision": 0.6917808219178082,
                "recall": 0.6011904761904762,
                "f1-score": 0.643312101910828,
                "support": 168.0
            },
            "accuracy": 0.72,
            "macro avg": {
                "precision": 0.7140006471793765,
                "recall": 0.7036124794745484,
                "f1-score": 0.7064297135068544,
                "support": 400.0
            },
            "weighted avg": {
                "precision": 0.7175558192212276,
                "recall": 0.72,
                "f1-score": 0.7165285313622186,
                "support": 400.0
            },
            "cross-entropy": 0.5412988929371683,
            "roc-auc": 0.7961822660098523,
            "f1-weighted": 0.7165285313622186,
            "f1-macro": 0.7064297135068544,
            "f1-micro": 0.72,
            "score": 0.72
        },
        "val": {
            "0": {
                "precision": 0.7741935483870968,
                "recall": 0.8275862068965517,
                "f1-score": 0.8,
                "support": 29.0
            },
            "1": {
                "precision": 0.7368421052631579,
                "recall": 0.6666666666666666,
                "f1-score": 0.7,
                "support": 21.0
            },
            "accuracy": 0.76,
            "macro avg": {
                "precision": 0.7555178268251272,
                "recall": 0.7471264367816092,
                "f1-score": 0.75,
                "support": 50.0
            },
            "weighted avg": {
                "precision": 0.7585059422750424,
                "recall": 0.76,
                "f1-score": 0.7580000000000001,
                "support": 50.0
            },
            "cross-entropy": 0.6128844559598847,
            "roc-auc": 0.722495894909688,
            "f1-weighted": 0.7580000000000001,
            "f1-macro": 0.75,
            "f1-micro": 0.76,
            "score": 0.76
        },
        "test": {
            "0": {
                "precision": 0.6571428571428571,
                "recall": 0.7931034482758621,
                "f1-score": 0.71875,
                "support": 29.0
            },
            "1": {
                "precision": 0.6,
                "recall": 0.42857142857142855,
                "f1-score": 0.5,
                "support": 21.0
            },
            "accuracy": 0.64,
            "macro avg": {
                "precision": 0.6285714285714286,
                "recall": 0.6108374384236454,
                "f1-score": 0.609375,
                "support": 50.0
            },
            "weighted avg": {
                "precision": 0.6331428571428571,
                "recall": 0.64,
                "f1-score": 0.626875,
                "support": 50.0
            },
            "cross-entropy": 0.7558608581095996,
            "roc-auc": 0.5221674876847291,
            "f1-weighted": 0.626875,
            "f1-macro": 0.609375,
            "f1-micro": 0.64,
            "score": 0.64
        }
    },
    "time": "0:00:02.310028",
    "chunk_size": null,
    "eval_batch_size": 32768
}
