{
    "function": "bin.ensemble.main",
    "config": {
        "seeds": [
            0
        ]
    },
    "single_model_function": "bin.tabr_scaling.main",
    "data": ":data/TabZilla-OpenML-mfeat-morphological-18",
    "prediction_type": "probs",
    "metrics": {
        "train": {
            "0": {
                "precision": 1.0,
                "recall": 0.99375,
                "f1-score": 0.9968652037617555,
                "support": 160.0
            },
            "1": {
                "precision": 0.6617647058823529,
                "recall": 0.5625,
                "f1-score": 0.6081081081081081,
                "support": 160.0
            },
            "2": {
                "precision": 0.9803921568627451,
                "recall": 0.9375,
                "f1-score": 0.9584664536741214,
                "support": 160.0
            },
            "3": {
                "precision": 0.7668711656441718,
                "recall": 0.78125,
                "f1-score": 0.7739938080495357,
                "support": 160.0
            },
            "4": {
                "precision": 0.676056338028169,
                "recall": 0.6,
                "f1-score": 0.6357615894039735,
                "support": 160.0
            },
            "5": {
                "precision": 0.7252747252747253,
                "recall": 0.825,
                "f1-score": 0.7719298245614035,
                "support": 160.0
            },
            "6": {
                "precision": 0.8068965517241379,
                "recall": 0.73125,
                "f1-score": 0.7672131147540984,
                "support": 160.0
            },
            "7": {
                "precision": 0.6243093922651933,
                "recall": 0.70625,
                "f1-score": 0.6627565982404692,
                "support": 160.0
            },
            "8": {
                "precision": 0.8111111111111111,
                "recall": 0.9125,
                "f1-score": 0.8588235294117647,
                "support": 160.0
            },
            "9": {
                "precision": 1.0,
                "recall": 0.99375,
                "f1-score": 0.9968652037617555,
                "support": 160.0
            },
            "accuracy": 0.804375,
            "macro avg": {
                "precision": 0.8052676146792607,
                "recall": 0.804375,
                "f1-score": 0.8030783433726985,
                "support": 1600.0
            },
            "weighted avg": {
                "precision": 0.8052676146792607,
                "recall": 0.804375,
                "f1-score": 0.8030783433726986,
                "support": 1600.0
            },
            "cross-entropy": 0.48797505473349695,
            "score": 0.804375
        },
        "val": {
            "0": {
                "precision": 0.9090909090909091,
                "recall": 1.0,
                "f1-score": 0.9523809523809523,
                "support": 20.0
            },
            "1": {
                "precision": 0.6923076923076923,
                "recall": 0.45,
                "f1-score": 0.5454545454545454,
                "support": 20.0
            },
            "2": {
                "precision": 0.95,
                "recall": 0.95,
                "f1-score": 0.95,
                "support": 20.0
            },
            "3": {
                "precision": 0.6666666666666666,
                "recall": 0.6,
                "f1-score": 0.631578947368421,
                "support": 20.0
            },
            "4": {
                "precision": 0.7222222222222222,
                "recall": 0.65,
                "f1-score": 0.6842105263157895,
                "support": 20.0
            },
            "5": {
                "precision": 0.6923076923076923,
                "recall": 0.9,
                "f1-score": 0.782608695652174,
                "support": 20.0
            },
            "6": {
                "precision": 0.6666666666666666,
                "recall": 0.5,
                "f1-score": 0.5714285714285714,
                "support": 20.0
            },
            "7": {
                "precision": 0.5925925925925926,
                "recall": 0.8,
                "f1-score": 0.6808510638297872,
                "support": 20.0
            },
            "8": {
                "precision": 0.8571428571428571,
                "recall": 0.9,
                "f1-score": 0.8780487804878049,
                "support": 20.0
            },
            "9": {
                "precision": 1.0,
                "recall": 1.0,
                "f1-score": 1.0,
                "support": 20.0
            },
            "accuracy": 0.775,
            "macro avg": {
                "precision": 0.7748997298997298,
                "recall": 0.775,
                "f1-score": 0.7676562082918046,
                "support": 200.0
            },
            "weighted avg": {
                "precision": 0.7748997298997299,
                "recall": 0.775,
                "f1-score": 0.7676562082918046,
                "support": 200.0
            },
            "cross-entropy": 0.5761833509227265,
            "score": 0.775
        },
        "test": {
            "0": {
                "precision": 1.0,
                "recall": 1.0,
                "f1-score": 1.0,
                "support": 20.0
            },
            "1": {
                "precision": 0.5714285714285714,
                "recall": 0.4,
                "f1-score": 0.47058823529411764,
                "support": 20.0
            },
            "2": {
                "precision": 0.85,
                "recall": 0.85,
                "f1-score": 0.85,
                "support": 20.0
            },
            "3": {
                "precision": 0.7368421052631579,
                "recall": 0.7,
                "f1-score": 0.717948717948718,
                "support": 20.0
            },
            "4": {
                "precision": 0.6111111111111112,
                "recall": 0.55,
                "f1-score": 0.5789473684210527,
                "support": 20.0
            },
            "5": {
                "precision": 0.7,
                "recall": 0.7,
                "f1-score": 0.7,
                "support": 20.0
            },
            "6": {
                "precision": 0.75,
                "recall": 0.75,
                "f1-score": 0.75,
                "support": 20.0
            },
            "7": {
                "precision": 0.5833333333333334,
                "recall": 0.7,
                "f1-score": 0.6363636363636364,
                "support": 20.0
            },
            "8": {
                "precision": 0.72,
                "recall": 0.9,
                "f1-score": 0.8,
                "support": 20.0
            },
            "9": {
                "precision": 1.0,
                "recall": 1.0,
                "f1-score": 1.0,
                "support": 20.0
            },
            "accuracy": 0.755,
            "macro avg": {
                "precision": 0.7522715121136174,
                "recall": 0.7550000000000001,
                "f1-score": 0.7503847958027524,
                "support": 200.0
            },
            "weighted avg": {
                "precision": 0.7522715121136173,
                "recall": 0.755,
                "f1-score": 0.7503847958027525,
                "support": 200.0
            },
            "cross-entropy": 0.7741402330589454,
            "score": 0.755
        }
    }
}
