{
    "function": "bin.xgboost_.main",
    "gpus": [
        "NVIDIA RTX 6000 Ada Generation"
    ],
    "config": {
        "seed": 0,
        "data": {
            "seed": 0,
            "num_policy": "quantile",
            "cache": true,
            "cat_policy": "one-hot",
            "y_policy": "standard",
            "path": ":data/CTR23-OpenML-tid=361261-ctr23_361261-fold=1-seed=0"
        },
        "model": {
            "booster": "gbtree",
            "early_stopping_rounds": 200,
            "n_estimators": 4000,
            "n_jobs": 1,
            "tree_method": "gpu_hist",
            "use_label_encoder": false,
            "colsample_byree": 0.9350060741234096,
            "gamma": 0,
            "lambda": 0.17240460099242294,
            "learning_rate": 0.08313101133778733,
            "max_depth": 4,
            "min_child_weight": 46.56005689076007,
            "subsample": 0.7609241608750359
        },
        "fit": {
            "verbose": true
        },
        "neighbors": null
    },
    "prediction_type": null,
    "time": "0:00:00.212401",
    "best_iteration": 68,
    "metrics": {
        "train": {
            "rmse": 379.75701697377065,
            "mae": 223.28107887948954,
            "r2": 0.29929471015930176,
            "corr": 0.5474214588524042,
            "score": -379.75701697377065
        },
        "val": {
            "rmse": 360.1784536110195,
            "mae": 221.62983731621262,
            "r2": 0.3137049078941345,
            "corr": 0.5603035328451808,
            "score": -360.1784536110195
        },
        "test": {
            "rmse": 409.1481832198218,
            "mae": 226.9129044545807,
            "r2": 0.27101582288742065,
            "corr": 0.5208735048129252,
            "score": -409.1481832198218
        }
    }
}
