{
    "function": "bin.ensemble.main",
    "config": {
        "seeds": [
            0
        ]
    },
    "single_model_function": "bin.tabr_scaling.main",
    "data": ":data/TabZilla-OpenML-Internet-Advertisements-167125",
    "prediction_type": "probs",
    "metrics": {
        "train": {
            "0": {
                "precision": 0.9775910364145658,
                "recall": 0.9509536784741145,
                "f1-score": 0.9640883977900553,
                "support": 367.0
            },
            "1": {
                "precision": 0.9920564872021183,
                "recall": 0.9964539007092199,
                "f1-score": 0.994250331711632,
                "support": 2256.0
            },
            "accuracy": 0.9900876858558902,
            "macro avg": {
                "precision": 0.984823761808342,
                "recall": 0.9737037895916671,
                "f1-score": 0.9791693647508437,
                "support": 2623.0
            },
            "weighted avg": {
                "precision": 0.9900325373587969,
                "recall": 0.9900876858558902,
                "f1-score": 0.9900301907473854,
                "support": 2623.0
            },
            "cross-entropy": 0.04124446721051627,
            "roc-auc": 0.9972111909869171,
            "score": 0.9900876858558902
        },
        "val": {
            "0": {
                "precision": 1.0,
                "recall": 0.9347826086956522,
                "f1-score": 0.9662921348314607,
                "support": 46.0
            },
            "1": {
                "precision": 0.9894736842105263,
                "recall": 1.0,
                "f1-score": 0.9947089947089947,
                "support": 282.0
            },
            "accuracy": 0.9908536585365854,
            "macro avg": {
                "precision": 0.9947368421052631,
                "recall": 0.9673913043478262,
                "f1-score": 0.9805005647702276,
                "support": 328.0
            },
            "weighted avg": {
                "precision": 0.9909499358151476,
                "recall": 0.9908536585365854,
                "f1-score": 0.9907237033847063,
                "support": 328.0
            },
            "cross-entropy": 0.05668970472946365,
            "roc-auc": 0.9895158803576936,
            "score": 0.9908536585365854
        },
        "test": {
            "0": {
                "precision": 0.9459459459459459,
                "recall": 0.7608695652173914,
                "f1-score": 0.8433734939759037,
                "support": 46.0
            },
            "1": {
                "precision": 0.9621993127147767,
                "recall": 0.9929078014184397,
                "f1-score": 0.9773123909249564,
                "support": 282.0
            },
            "accuracy": 0.9603658536585366,
            "macro avg": {
                "precision": 0.9540726293303613,
                "recall": 0.8768886833179155,
                "f1-score": 0.91034294245043,
                "support": 328.0
            },
            "weighted avg": {
                "precision": 0.9599198771313432,
                "recall": 0.9603658536585366,
                "f1-score": 0.9585282773284429,
                "support": 328.0
            },
            "cross-entropy": 0.14392572293959205,
            "roc-auc": 0.9690872648781992,
            "score": 0.9603658536585366
        }
    }
}
