{
    "function": "bin.ensemble.main",
    "config": {
        "seeds": [
            0
        ]
    },
    "single_model_function": "bin.xgboost_.main",
    "data": ":data/CTR23-OpenML-tid=361256-ctr23_361256-fold=1-seed=0",
    "prediction_type": null,
    "metrics": {
        "train": {
            "rmse": 1.1906689164634532,
            "mae": 0.9082933078028077,
            "r2": 0.9955593943595886,
            "corr": 0.9977822039459335,
            "score": -1.1906689164634532
        },
        "val": {
            "rmse": 2.359533209907137,
            "mae": 1.4710744472745318,
            "r2": 0.9853872656822205,
            "corr": 0.9926692954587747,
            "score": -2.359533209907137
        },
        "test": {
            "rmse": 2.2911574617665216,
            "mae": 1.6319971442429448,
            "r2": 0.9874383807182312,
            "corr": 0.9937064548872001,
            "score": -2.2911574617665216
        }
    }
}
