{
    "function": "bin.ensemble.main",
    "config": {
        "seeds": [
            0
        ]
    },
    "single_model_function": "bin.ffn.main",
    "data": ":data/TabZilla-OpenML-jm1-tid=3904-fold=0",
    "prediction_type": "probs",
    "metrics": {
        "train": {
            "0": {
                "precision": 0.8280014596764383,
                "recall": 0.9692439128577531,
                "f1-score": 0.8930726843348202,
                "support": 7023.0
            },
            "1": {
                "precision": 0.5555555555555556,
                "recall": 0.16033254156769597,
                "f1-score": 0.2488479262672811,
                "support": 1684.0
            },
            "accuracy": 0.8127943034340186,
            "macro avg": {
                "precision": 0.691778507615997,
                "recall": 0.5647882272127246,
                "f1-score": 0.5709603053010507,
                "support": 8707.0
            },
            "weighted avg": {
                "precision": 0.7753083503920043,
                "recall": 0.8127943034340186,
                "f1-score": 0.7684747180334838,
                "support": 8707.0
            },
            "cross-entropy": 0.43769979447234997,
            "roc-auc": 0.7294050038505988,
            "f1-weighted": 0.7684747180334838,
            "f1-macro": 0.5709603053010507,
            "f1-micro": 0.8127943034340186,
            "score": 0.8127943034340186
        },
        "val": {
            "0": {
                "precision": 0.8395303326810176,
                "recall": 0.9772209567198178,
                "f1-score": 0.9031578947368422,
                "support": 878.0
            },
            "1": {
                "precision": 0.7014925373134329,
                "recall": 0.22274881516587677,
                "f1-score": 0.3381294964028777,
                "support": 211.0
            },
            "accuracy": 0.8310376492194674,
            "macro avg": {
                "precision": 0.7705114349972253,
                "recall": 0.5999848859428473,
                "f1-score": 0.62064369556986,
                "support": 1089.0
            },
            "weighted avg": {
                "precision": 0.8127847176006132,
                "recall": 0.8310376492194674,
                "f1-score": 0.7936803997428418,
                "support": 1089.0
            },
            "cross-entropy": 0.4224677559796269,
            "roc-auc": 0.759103520495741,
            "f1-weighted": 0.7936803997428418,
            "f1-macro": 0.62064369556986,
            "f1-micro": 0.8310376492194674,
            "score": 0.8310376492194674
        },
        "test": {
            "0": {
                "precision": 0.8287671232876712,
                "recall": 0.9646924829157175,
                "f1-score": 0.891578947368421,
                "support": 878.0
            },
            "1": {
                "precision": 0.5373134328358209,
                "recall": 0.17061611374407584,
                "f1-score": 0.2589928057553957,
                "support": 211.0
            },
            "accuracy": 0.8108356290174472,
            "macro avg": {
                "precision": 0.683040278061746,
                "recall": 0.5676542983298967,
                "f1-score": 0.5752858765619083,
                "support": 1089.0
            },
            "weighted avg": {
                "precision": 0.7722962980486074,
                "recall": 0.8108356290174472,
                "f1-score": 0.7690117518860075,
                "support": 1089.0
            },
            "cross-entropy": 0.4409228374763648,
            "roc-auc": 0.7226219650433449,
            "f1-weighted": 0.7690117518860075,
            "f1-macro": 0.5752858765619083,
            "f1-micro": 0.8108356290174472,
            "score": 0.8108356290174472
        }
    }
}
