{
    "function": "bin.tabr.main",
    "gpus": [
        "NVIDIA RTX 6000 Ada Generation"
    ],
    "config": {
        "seed": 0,
        "batch_size": 256,
        "patience": 16,
        "n_epochs": Infinity,
        "context_size": 96,
        "data": {
            "seed": 0,
            "cache": true,
            "num_policy": "quantile",
            "cat_policy": null,
            "path": ":data/CTR23-OpenML-tid=361266-ctr23_361266-fold=1-seed=0",
            "y_policy": "standard"
        },
        "optimizer": {
            "type": "AdamW",
            "lr": 0.000268214713971312,
            "weight_decay": 0.0
        },
        "model": {
            "num_embeddings": null,
            "d_main": 346,
            "context_dropout": 0.0974957608058249,
            "d_multiplier": 2.0,
            "encoder_n_blocks": 0,
            "predictor_n_blocks": 1,
            "mixer_normalization": "auto",
            "dropout0": 0.3693357385703065,
            "dropout1": 0.0,
            "normalization": "LayerNorm",
            "activation": "ReLU"
        }
    },
    "n_parameters": 1127615,
    "prediction_type": null,
    "best_epoch": 39,
    "metrics": {
        "train": {
            "rmse": 75391.50318391979,
            "mae": 51383.752179819625,
            "r2": 0.9575797319412231,
            "corr": 0.9789674634766847,
            "score": -75391.50318391979
        },
        "val": {
            "rmse": 125830.50832863127,
            "mae": 68559.57655882789,
            "r2": 0.89411461353302,
            "corr": 0.9464238285010053,
            "score": -125830.50832863127
        },
        "test": {
            "rmse": 130513.93202428383,
            "mae": 69491.86733747087,
            "r2": 0.856304407119751,
            "corr": 0.9259913128448187,
            "score": -130513.93202428383
        }
    },
    "time": "0:00:39.626352",
    "chunk_size": null,
    "eval_batch_size": 32768
}
