{
    "function": "bin.ensemble.main",
    "config": {
        "seeds": [
            0
        ]
    },
    "single_model_function": "bin.xgboost_.main",
    "data": ":data/TabZilla-OpenML-nomao-tid=9977-fold=1",
    "prediction_type": "probs",
    "metrics": {
        "train": {
            "0": {
                "precision": 1.0,
                "recall": 0.9997459994919989,
                "f1-score": 0.9998729836148863,
                "support": 7874.0
            },
            "1": {
                "precision": 0.999898472003655,
                "recall": 1.0,
                "f1-score": 0.9999492334247132,
                "support": 19697.0
            },
            "accuracy": 0.9999274600123318,
            "macro avg": {
                "precision": 0.9999492360018275,
                "recall": 0.9998729997459994,
                "f1-score": 0.9999111085197998,
                "support": 27571.0
            },
            "weighted avg": {
                "precision": 0.9999274673771714,
                "recall": 0.9999274600123318,
                "f1-score": 0.9999274572467517,
                "support": 27571.0
            },
            "cross-entropy": 0.00013498702251646774,
            "roc-auc": 0.9999999806569142,
            "f1-weighted": 0.9999274572467517,
            "f1-macro": 0.9999111085197998,
            "f1-micro": 0.9999274600123318,
            "score": 0.9999274600123318
        },
        "val": {
            "0": {
                "precision": 0.9525731584258325,
                "recall": 0.9583756345177665,
                "f1-score": 0.9554655870445344,
                "support": 985.0
            },
            "1": {
                "precision": 0.9833061889250815,
                "recall": 0.9809098294069862,
                "f1-score": 0.9821065473769826,
                "support": 2462.0
            },
            "accuracy": 0.9744705541050188,
            "macro avg": {
                "precision": 0.967939673675457,
                "recall": 0.9696427319623764,
                "f1-score": 0.9687860672107584,
                "support": 3447.0
            },
            "weighted avg": {
                "precision": 0.9745240493713362,
                "recall": 0.9744705541050188,
                "f1-score": 0.9744937403194074,
                "support": 3447.0
            },
            "cross-entropy": 0.17055371940535227,
            "roc-auc": 0.9941991365197705,
            "f1-weighted": 0.9744937403194074,
            "f1-macro": 0.9687860672107584,
            "f1-micro": 0.9744705541050188,
            "score": 0.9744705541050188
        },
        "test": {
            "0": {
                "precision": 0.9533468559837728,
                "recall": 0.9543147208121827,
                "f1-score": 0.9538305428716387,
                "support": 985.0
            },
            "1": {
                "precision": 0.9817147501015847,
                "recall": 0.9813160032493907,
                "f1-score": 0.9815153361771277,
                "support": 2462.0
            },
            "accuracy": 0.9736002320858718,
            "macro avg": {
                "precision": 0.9675308030426788,
                "recall": 0.9678153620307868,
                "f1-score": 0.9676729395243833,
                "support": 3447.0
            },
            "weighted avg": {
                "precision": 0.9736084618201676,
                "recall": 0.9736002320858718,
                "f1-score": 0.97360424786674,
                "support": 3447.0
            },
            "cross-entropy": 0.14900174891716442,
            "roc-auc": 0.9959706317755775,
            "f1-weighted": 0.97360424786674,
            "f1-macro": 0.9676729395243833,
            "f1-micro": 0.9736002320858718,
            "score": 0.9736002320858718
        }
    }
}
