{
    "function": "bin.ensemble.main",
    "config": {
        "seeds": [
            0
        ]
    },
    "single_model_function": "bin.tabr_scaling.main",
    "data": ":data/TabZilla-OpenML-adult-tid=7592-fold=0",
    "prediction_type": "probs",
    "metrics": {
        "train": {
            "0": {
                "precision": 0.8982114340466305,
                "recall": 0.9461696329441847,
                "f1-score": 0.9215670211197221,
                "support": 29723.0
            },
            "1": {
                "precision": 0.7938675599072404,
                "recall": 0.6591079259813883,
                "f1-score": 0.7202384431067734,
                "support": 9349.0
            },
            "accuracy": 0.8774825962325963,
            "macro avg": {
                "precision": 0.8460394969769355,
                "recall": 0.8026387794627865,
                "f1-score": 0.8209027321132478,
                "support": 39072.0
            },
            "weighted avg": {
                "precision": 0.8732444275117934,
                "recall": 0.8774825962325963,
                "f1-score": 0.8733938824054751,
                "support": 39072.0
            },
            "cross-entropy": 0.2632178354781562,
            "roc-auc": 0.9365493297407843,
            "f1-weighted": 0.8733938824054751,
            "f1-macro": 0.8209027321132478,
            "f1-micro": 0.8774825962325963,
            "score": 0.8774825962325963
        },
        "val": {
            "0": {
                "precision": 0.8973374295954941,
                "recall": 0.9432185145317545,
                "f1-score": 0.9197061138808712,
                "support": 3716.0
            },
            "1": {
                "precision": 0.7844739530132788,
                "recall": 0.6569717707442259,
                "f1-score": 0.7150837988826816,
                "support": 1169.0
            },
            "accuracy": 0.8747185261003071,
            "macro avg": {
                "precision": 0.8409056913043864,
                "recall": 0.8000951426379902,
                "f1-score": 0.8173949563817764,
                "support": 4885.0
            },
            "weighted avg": {
                "precision": 0.8703287491196273,
                "recall": 0.8747185261003071,
                "f1-score": 0.8707391770880599,
                "support": 4885.0
            },
            "cross-entropy": 0.291552730729089,
            "roc-auc": 0.9190157283464748,
            "f1-weighted": 0.8707391770880599,
            "f1-macro": 0.8173949563817764,
            "f1-micro": 0.8747185261003071,
            "score": 0.8747185261003071
        },
        "test": {
            "0": {
                "precision": 0.8914866581956798,
                "recall": 0.9440258342303552,
                "f1-score": 0.9170043131616782,
                "support": 3716.0
            },
            "1": {
                "precision": 0.7810526315789473,
                "recall": 0.6347305389221557,
                "f1-score": 0.7003303445021236,
                "support": 1169.0
            },
            "accuracy": 0.8700102354145343,
            "macro avg": {
                "precision": 0.8362696448873136,
                "recall": 0.7893781865762555,
                "f1-score": 0.8086673288319008,
                "support": 4885.0
            },
            "weighted avg": {
                "precision": 0.8650593547944598,
                "recall": 0.8700102354145343,
                "f1-score": 0.8651533675397705,
                "support": 4885.0
            },
            "cross-entropy": 0.28573216373450566,
            "roc-auc": 0.9243020954860999,
            "f1-weighted": 0.8651533675397705,
            "f1-macro": 0.8086673288319008,
            "f1-micro": 0.8700102354145343,
            "score": 0.8700102354145343
        }
    }
}
