{
    "function": "bin.ensemble.main",
    "config": {
        "seeds": [
            0
        ]
    },
    "single_model_function": "bin.ffn.main",
    "data": ":data/CTR23-OpenML-tid=361235-ctr23_361235-seed=0",
    "prediction_type": null,
    "metrics": {
        "train": {
            "rmse": 0.4425713037024437,
            "mae": 0.293177081456804,
            "r2": 0.9958268404006958,
            "corr": 0.9979420977994878,
            "score": -0.4425713037024437
        },
        "val": {
            "rmse": 1.2012532300492802,
            "mae": 0.845079949213158,
            "r2": 0.9677739143371582,
            "corr": 0.9837960517684597,
            "score": -1.2012532300492802
        },
        "test": {
            "rmse": 1.0622312408422223,
            "mae": 0.7744286598723775,
            "r2": 0.9794067144393921,
            "corr": 0.9897947786055253,
            "score": -1.0622312408422223
        }
    }
}
