{
    "function": "bin.ffn.main",
    "gpus": [
        "NVIDIA RTX 6000 Ada Generation"
    ],
    "config": {
        "seed": 0,
        "batch_size": 256,
        "patience": 16,
        "n_epochs": Infinity,
        "data": {
            "seed": 0,
            "cache": true,
            "num_policy": "quantile",
            "cat_policy": "ordinal",
            "y_policy": "standard",
            "path": ":data/CTR23-OpenML-tid=361272-ctr23_361272-seed=0"
        },
        "optimizer": {
            "type": "AdamW",
            "lr": 1.3196262418422203e-05,
            "weight_decay": 2.634905974115613e-06
        },
        "model": {
            "backbone": {
                "type": "MLP",
                "n_blocks": 1,
                "d_layer": 367,
                "dropout": 0.21930075673116017,
                "activation": "ReLU"
            },
            "num_embeddings": {
                "type": "PLREmbeddings",
                "n_frequencies": 96,
                "frequency_scale": 0.02559642090152667,
                "d_embedding": 26,
                "lite": true
            }
        }
    },
    "n_parameters": 323231,
    "prediction_type": null,
    "best_epoch": 331,
    "metrics": {
        "train": {
            "rmse": 8243.580319409877,
            "mae": 3657.589505976386,
            "r2": 0.8194767832756042,
            "corr": 0.9054992246909331,
            "score": -8243.580319409877
        },
        "val": {
            "rmse": 8527.918924053953,
            "mae": 3550.822226103395,
            "r2": 0.8232982158660889,
            "corr": 0.9073602924395594,
            "score": -8527.918924053953
        },
        "test": {
            "rmse": 8849.211614979735,
            "mae": 4000.825042080367,
            "r2": 0.7762724757194519,
            "corr": 0.8818042522420301,
            "score": -8849.211614979735
        }
    },
    "time": "0:00:43.773602",
    "chunk_size": null,
    "eval_batch_size": 32768
}
