{
    "function": "bin.ensemble.main",
    "config": {
        "seeds": [
            0
        ]
    },
    "single_model_function": "bin.lightgbm_.main",
    "data": ":data/CTR23-OpenML-tid=361242-ctr23_361242-fold=0-seed=0",
    "prediction_type": null,
    "metrics": {
        "train": {
            "rmse": 5.014376923274801,
            "mae": 2.702084392353351,
            "r2": 0.9787670364285106,
            "corr": 0.9893700311727293,
            "score": -5.014376923274801
        },
        "val": {
            "rmse": 8.778951172089968,
            "mae": 4.944821692170575,
            "r2": 0.9332648664961076,
            "corr": 0.9660997573401879,
            "score": -8.778951172089968
        },
        "test": {
            "rmse": 9.816530800555485,
            "mae": 5.3033901227923455,
            "r2": 0.9137287139412045,
            "corr": 0.956020624507836,
            "score": -9.816530800555485
        }
    }
}
