{
    "function": "bin.ensemble.main",
    "config": {
        "seeds": [
            0
        ]
    },
    "single_model_function": "bin.tabr.main",
    "data": ":data/TabZilla-OpenML-breast-w-tid=15-fold=1",
    "prediction_type": "probs",
    "metrics": {
        "train": {
            "0": {
                "precision": 0.9829545454545454,
                "recall": 0.9453551912568307,
                "f1-score": 0.9637883008356546,
                "support": 366.0
            },
            "1": {
                "precision": 0.9033816425120773,
                "recall": 0.9689119170984456,
                "f1-score": 0.935,
                "support": 193.0
            },
            "accuracy": 0.9534883720930233,
            "macro avg": {
                "precision": 0.9431680939833114,
                "recall": 0.9571335541776381,
                "f1-score": 0.9493941504178274,
                "support": 559.0
            },
            "weighted avg": {
                "precision": 0.9554812533831745,
                "recall": 0.9534883720930233,
                "f1-score": 0.9538488695990154,
                "support": 559.0
            },
            "cross-entropy": 0.426330124622546,
            "roc-auc": 0.9651037685098672,
            "f1-weighted": 0.9538488695990154,
            "f1-macro": 0.9493941504178274,
            "f1-micro": 0.9534883720930233,
            "score": 0.9534883720930233
        },
        "val": {
            "0": {
                "precision": 1.0,
                "recall": 1.0,
                "f1-score": 1.0,
                "support": 46.0
            },
            "1": {
                "precision": 1.0,
                "recall": 1.0,
                "f1-score": 1.0,
                "support": 24.0
            },
            "accuracy": 1.0,
            "macro avg": {
                "precision": 1.0,
                "recall": 1.0,
                "f1-score": 1.0,
                "support": 70.0
            },
            "weighted avg": {
                "precision": 1.0,
                "recall": 1.0,
                "f1-score": 1.0,
                "support": 70.0
            },
            "cross-entropy": 0.38012648383182657,
            "roc-auc": 1.0,
            "f1-weighted": 1.0,
            "f1-macro": 1.0,
            "f1-micro": 1.0,
            "score": 1.0
        },
        "test": {
            "0": {
                "precision": 1.0,
                "recall": 0.9347826086956522,
                "f1-score": 0.9662921348314607,
                "support": 46.0
            },
            "1": {
                "precision": 0.8888888888888888,
                "recall": 1.0,
                "f1-score": 0.9411764705882353,
                "support": 24.0
            },
            "accuracy": 0.9571428571428572,
            "macro avg": {
                "precision": 0.9444444444444444,
                "recall": 0.9673913043478262,
                "f1-score": 0.9537343027098479,
                "support": 70.0
            },
            "weighted avg": {
                "precision": 0.9619047619047618,
                "recall": 0.9571428571428572,
                "f1-score": 0.9576810499480692,
                "support": 70.0
            },
            "cross-entropy": 0.40602118640332,
            "roc-auc": 0.9836956521739131,
            "f1-weighted": 0.9576810499480692,
            "f1-macro": 0.9537343027098479,
            "f1-micro": 0.9571428571428572,
            "score": 0.9571428571428572
        }
    }
}
