{
    "function": "bin.xgboost_.main",
    "gpus": [
        "NVIDIA RTX 6000 Ada Generation"
    ],
    "config": {
        "seed": 0,
        "data": {
            "seed": 0,
            "num_policy": "quantile",
            "cache": true,
            "cat_policy": null,
            "y_policy": "standard",
            "path": ":data/CTR23-OpenML-tid=361242-ctr23_361242-fold=1-seed=0"
        },
        "model": {
            "booster": "gbtree",
            "early_stopping_rounds": 200,
            "n_estimators": 4000,
            "n_jobs": 1,
            "tree_method": "gpu_hist",
            "use_label_encoder": false,
            "colsample_byree": 0.5823470782489564,
            "gamma": 0,
            "lambda": 1.6901759275038954,
            "learning_rate": 0.04044812636651483,
            "max_depth": 10,
            "min_child_weight": 2.4028805225920222,
            "subsample": 0.6559724977398009
        },
        "fit": {
            "verbose": true
        },
        "neighbors": null
    },
    "prediction_type": null,
    "time": "0:00:21.623633",
    "best_iteration": 263,
    "metrics": {
        "train": {
            "rmse": 5.050970818847269,
            "mae": 2.8967620834841057,
            "r2": 0.9782509803771973,
            "corr": 0.989129750040517,
            "score": -5.050970818847269
        },
        "val": {
            "rmse": 8.680163041116636,
            "mae": 5.020335863605169,
            "r2": 0.9343817234039307,
            "corr": 0.966669757520523,
            "score": -8.680163041116636
        },
        "test": {
            "rmse": 9.444314937885506,
            "mae": 5.198847985706038,
            "r2": 0.9264405965805054,
            "corr": 0.9626163699239915,
            "score": -9.444314937885506
        }
    }
}
