{
    "function": "bin.ensemble.main",
    "config": {
        "seeds": [
            0
        ]
    },
    "single_model_function": "bin.ffn.main",
    "data": ":data/TabZilla-OpenML-ozone-level-8hr-tid=9978-fold=0",
    "prediction_type": "probs",
    "metrics": {
        "train": {
            "0": {
                "precision": 0.9910714285714286,
                "recall": 0.994204425711275,
                "f1-score": 0.9926354550236718,
                "support": 1898.0
            },
            "1": {
                "precision": 0.9098360655737705,
                "recall": 0.8671875,
                "f1-score": 0.888,
                "support": 128.0
            },
            "accuracy": 0.9861796643632774,
            "macro avg": {
                "precision": 0.9504537470725996,
                "recall": 0.9306959628556375,
                "f1-score": 0.940317727511836,
                "support": 2026.0
            },
            "weighted avg": {
                "precision": 0.9859390857956635,
                "recall": 0.9861796643632774,
                "f1-score": 0.9860247253874279,
                "support": 2026.0
            },
            "cross-entropy": 0.03704087643345928,
            "roc-auc": 0.9968799394099052,
            "f1-weighted": 0.9860247253874279,
            "f1-macro": 0.940317727511836,
            "f1-micro": 0.9861796643632774,
            "score": 0.9861796643632774
        },
        "val": {
            "0": {
                "precision": 0.9673469387755103,
                "recall": 0.9957983193277311,
                "f1-score": 0.9813664596273292,
                "support": 238.0
            },
            "1": {
                "precision": 0.8888888888888888,
                "recall": 0.5,
                "f1-score": 0.64,
                "support": 16.0
            },
            "accuracy": 0.9645669291338582,
            "macro avg": {
                "precision": 0.9281179138321995,
                "recall": 0.7478991596638656,
                "f1-score": 0.8106832298136646,
                "support": 254.0
            },
            "weighted avg": {
                "precision": 0.9624046994125734,
                "recall": 0.9645669291338582,
                "f1-score": 0.9598630605956864,
                "support": 254.0
            },
            "cross-entropy": 0.22543744234849453,
            "roc-auc": 0.9335609243697478,
            "f1-weighted": 0.9598630605956864,
            "f1-macro": 0.8106832298136646,
            "f1-micro": 0.9645669291338582,
            "score": 0.9645669291338582
        },
        "test": {
            "0": {
                "precision": 0.9662447257383966,
                "recall": 0.9621848739495799,
                "f1-score": 0.9642105263157895,
                "support": 238.0
            },
            "1": {
                "precision": 0.47058823529411764,
                "recall": 0.5,
                "f1-score": 0.48484848484848486,
                "support": 16.0
            },
            "accuracy": 0.9330708661417323,
            "macro avg": {
                "precision": 0.7184164805162572,
                "recall": 0.73109243697479,
                "f1-score": 0.7245295055821372,
                "support": 254.0
            },
            "weighted avg": {
                "precision": 0.9350222696474184,
                "recall": 0.9330708661417323,
                "f1-score": 0.9340144922076128,
                "support": 254.0
            },
            "cross-entropy": 0.2120238504428105,
            "roc-auc": 0.9346113445378151,
            "f1-weighted": 0.9340144922076128,
            "f1-macro": 0.7245295055821372,
            "f1-micro": 0.9330708661417323,
            "score": 0.9330708661417323
        }
    }
}
