{
    "function": "bin.ensemble.main",
    "config": {
        "seeds": [
            0
        ]
    },
    "single_model_function": "bin.lightgbm_.main",
    "data": ":data/CTR23-OpenML-tid=361621-ctr23_361621-fold=0-seed=0",
    "prediction_type": null,
    "metrics": {
        "train": {
            "rmse": 0.5932098160957545,
            "mae": 0.4242965409102358,
            "r2": 0.828423544812439,
            "corr": 0.9125421770465062,
            "score": -0.5932098160957545
        },
        "val": {
            "rmse": 0.8882906194135678,
            "mae": 0.6635549977659964,
            "r2": 0.6683535660043243,
            "corr": 0.8180563408334701,
            "score": -0.8882906194135678
        },
        "test": {
            "rmse": 0.9570099832791454,
            "mae": 0.6971560188752606,
            "r2": 0.5867650058571126,
            "corr": 0.7690648347427098,
            "score": -0.9570099832791454
        }
    }
}
