{
    "function": "bin.lightgbm_.main",
    "gpus": [
        "NVIDIA RTX 6000 Ada Generation",
        "NVIDIA RTX 6000 Ada Generation"
    ],
    "config": {
        "seed": 0,
        "data": {
            "seed": 0,
            "num_policy": "quantile",
            "cat_policy": "one-hot",
            "y_policy": "standard",
            "cache": true,
            "path": ":data/CTR23-OpenML-tid=361266-ctr23_361266-fold=0-seed=0"
        },
        "model": {
            "n_estimators": 4000,
            "n_jobs": 4,
            "early_stopping_rounds": 200,
            "feature_fraction": 0.5915956810035584,
            "lambda_l2": 0.0,
            "learning_rate": 0.3067750867937877,
            "num_leaves": 7,
            "min_sum_hessian_in_leaf": 1.1665388871103268,
            "bagging_fraction": 0.6350039865960824
        },
        "fit": {}
    },
    "prediction_type": null,
    "time": "0:00:00.379963",
    "best_iteration": 868,
    "metrics": {
        "train": {
            "rmse": 56700.941178378984,
            "mae": 40323.64292080371,
            "r2": 0.9762207048838567,
            "corr": 0.9880776656730372,
            "score": -56700.941178378984
        },
        "val": {
            "rmse": 121161.01029932644,
            "mae": 64272.745571411855,
            "r2": 0.9017451503525056,
            "corr": 0.9496162876601892,
            "score": -121161.01029932644
        },
        "test": {
            "rmse": 103257.15089410261,
            "mae": 63422.07952670841,
            "r2": 0.9027120618169704,
            "corr": 0.9505586682446084,
            "score": -103257.15089410261
        }
    }
}
