{
    "function": "bin.catboost_.main",
    "gpus": [
        "NVIDIA RTX 6000 Ada Generation",
        "NVIDIA RTX 6000 Ada Generation"
    ],
    "config": {
        "seed": 0,
        "data": {
            "seed": 0,
            "num_policy": "quantile",
            "cat_policy": null,
            "y_policy": "standard",
            "cache": true,
            "path": ":data/CTR23-OpenML-tid=361243-ctr23_361243-seed=0"
        },
        "model": {
            "iterations": 4000,
            "early_stopping_rounds": 200,
            "od_pval": 0.001,
            "bagging_temperature": 0.6778165367962301,
            "depth": 6,
            "l2_leaf_reg": 7.378420819013689,
            "leaf_estimation_iterations": 10,
            "learning_rate": 0.005575186893674789,
            "task_type": "CPU",
            "thread_count": 4
        },
        "fit": {
            "logging_level": "Verbose"
        }
    },
    "prediction_type": null,
    "time": "0:00:21.557684",
    "best_iteration": 3924,
    "metrics": {
        "train": {
            "rmse": 1.976722137267623,
            "mae": 1.4874238620783342,
            "r2": 0.9884027722791335,
            "corr": 0.9965195644612569,
            "score": -1.976722137267623
        },
        "val": {
            "rmse": 15.714647948957978,
            "mae": 11.58776281139407,
            "r2": 0.3126830949508762,
            "corr": 0.561613644513796,
            "score": -15.714647948957978
        },
        "test": {
            "rmse": 14.496091586423612,
            "mae": 11.22505292126891,
            "r2": 0.37771096045737174,
            "corr": 0.6205590838021956,
            "score": -14.496091586423612
        }
    }
}
