{
    "function": "bin.ensemble.main",
    "config": {
        "seeds": [
            0
        ]
    },
    "single_model_function": "bin.ffn.main",
    "data": ":data/CTR23-OpenML-tid=361623-ctr23_361623-seed=0",
    "prediction_type": null,
    "metrics": {
        "train": {
            "rmse": 0.08835180845858821,
            "mae": 0.06777306744209177,
            "r2": 0.8080028295516968,
            "corr": 0.8998273498432181,
            "score": -0.08835180845858821
        },
        "val": {
            "rmse": 0.09925138212025707,
            "mae": 0.07452074873055459,
            "r2": 0.7257570624351501,
            "corr": 0.855765069538284,
            "score": -0.09925138212025707
        },
        "test": {
            "rmse": 0.09131172461489138,
            "mae": 0.07011216843604373,
            "r2": 0.7496868371963501,
            "corr": 0.8709064277034948,
            "score": -0.09131172461489138
        }
    }
}
