{
    "function": "bin.ensemble.main",
    "config": {
        "seeds": [
            0
        ]
    },
    "single_model_function": "bin.tabr_scaling.main",
    "data": ":data/TabZilla-OpenML-satimage-2074",
    "prediction_type": "probs",
    "metrics": {
        "train": {
            "0": {
                "precision": 1.0,
                "recall": 1.0,
                "f1-score": 1.0,
                "support": 1225.0
            },
            "1": {
                "precision": 1.0,
                "recall": 1.0,
                "f1-score": 1.0,
                "support": 563.0
            },
            "2": {
                "precision": 0.9935602575896965,
                "recall": 0.996309963099631,
                "f1-score": 0.9949332105020727,
                "support": 1084.0
            },
            "3": {
                "precision": 0.9878787878787879,
                "recall": 0.9799599198396793,
                "f1-score": 0.9839034205231388,
                "support": 499.0
            },
            "4": {
                "precision": 0.9964788732394366,
                "recall": 0.9982363315696648,
                "f1-score": 0.9973568281938326,
                "support": 567.0
            },
            "5": {
                "precision": 0.9975124378109452,
                "recall": 0.9975124378109452,
                "f1-score": 0.9975124378109452,
                "support": 1206.0
            },
            "accuracy": 0.9965007776049767,
            "macro avg": {
                "precision": 0.995905059419811,
                "recall": 0.9953364420533201,
                "f1-score": 0.9956176495049983,
                "support": 5144.0
            },
            "weighted avg": {
                "precision": 0.9964957922833411,
                "recall": 0.9965007776049767,
                "f1-score": 0.9964962536180397,
                "support": 5144.0
            },
            "cross-entropy": 0.01632391934631026,
            "score": 0.9965007776049767
        },
        "val": {
            "0": {
                "precision": 1.0,
                "recall": 0.9934640522875817,
                "f1-score": 0.9967213114754099,
                "support": 153.0
            },
            "1": {
                "precision": 0.9583333333333334,
                "recall": 0.9857142857142858,
                "f1-score": 0.971830985915493,
                "support": 70.0
            },
            "2": {
                "precision": 0.9416058394160584,
                "recall": 0.9485294117647058,
                "f1-score": 0.945054945054945,
                "support": 136.0
            },
            "3": {
                "precision": 0.8,
                "recall": 0.7619047619047619,
                "f1-score": 0.7804878048780488,
                "support": 63.0
            },
            "4": {
                "precision": 0.9714285714285714,
                "recall": 0.9714285714285714,
                "f1-score": 0.9714285714285714,
                "support": 70.0
            },
            "5": {
                "precision": 0.9342105263157895,
                "recall": 0.9403973509933775,
                "f1-score": 0.9372937293729373,
                "support": 151.0
            },
            "accuracy": 0.9455676516329704,
            "macro avg": {
                "precision": 0.9342630450822922,
                "recall": 0.9335730723488807,
                "f1-score": 0.9338028913542343,
                "support": 643.0
            },
            "weighted avg": {
                "precision": 0.9449572581144657,
                "recall": 0.9455676516329704,
                "f1-score": 0.9451883157697127,
                "support": 643.0
            },
            "cross-entropy": 0.29440718569019836,
            "score": 0.9455676516329704
        },
        "test": {
            "0": {
                "precision": 0.9868421052631579,
                "recall": 0.9803921568627451,
                "f1-score": 0.9836065573770492,
                "support": 153.0
            },
            "1": {
                "precision": 0.9859154929577465,
                "recall": 1.0,
                "f1-score": 0.9929078014184397,
                "support": 70.0
            },
            "2": {
                "precision": 0.8888888888888888,
                "recall": 0.9411764705882353,
                "f1-score": 0.9142857142857143,
                "support": 136.0
            },
            "3": {
                "precision": 0.7419354838709677,
                "recall": 0.7301587301587301,
                "f1-score": 0.736,
                "support": 63.0
            },
            "4": {
                "precision": 0.9242424242424242,
                "recall": 0.8714285714285714,
                "f1-score": 0.8970588235294118,
                "support": 70.0
            },
            "5": {
                "precision": 0.8851351351351351,
                "recall": 0.8675496688741722,
                "f1-score": 0.8762541806020067,
                "support": 151.0
            },
            "accuracy": 0.911353032659409,
            "macro avg": {
                "precision": 0.9021599217263866,
                "recall": 0.898450932985409,
                "f1-score": 0.9000188462021036,
                "support": 643.0
            },
            "weighted avg": {
                "precision": 0.9113283453925978,
                "recall": 0.911353032659409,
                "f1-score": 0.9110648607135275,
                "support": 643.0
            },
            "cross-entropy": 0.3521507312502656,
            "score": 0.911353032659409
        }
    }
}
