{
    "function": "bin.ensemble.main",
    "config": {
        "seeds": [
            0
        ]
    },
    "single_model_function": "bin.ffn.main",
    "data": ":data/CTR23-OpenML-tid=361621-ctr23_361621-fold=1-seed=0",
    "prediction_type": null,
    "metrics": {
        "train": {
            "rmse": 0.7791205858934126,
            "mae": 0.5566584080997217,
            "r2": 0.7049756050109863,
            "corr": 0.8399468914566509,
            "score": -0.7791205858934126
        },
        "val": {
            "rmse": 0.7789926813787215,
            "mae": 0.5900036008532439,
            "r2": 0.7357407808303833,
            "corr": 0.8582447511445752,
            "score": -0.7789926813787215
        },
        "test": {
            "rmse": 1.0221695110487814,
            "mae": 0.7240397565804813,
            "r2": 0.5437103509902954,
            "corr": 0.7393044218954496,
            "score": -1.0221695110487814
        }
    }
}
