{
    "function": "bin.ensemble.main",
    "config": {
        "seeds": [
            0
        ]
    },
    "single_model_function": "bin.lightgbm_.main",
    "data": ":data/CTR23-OpenML-tid=361267-ctr23_361267-fold=1-seed=0",
    "prediction_type": null,
    "metrics": {
        "train": {
            "rmse": 17991.764053427716,
            "mae": 2295.057023251447,
            "r2": 0.08611945459288006,
            "corr": 0.3374954075917757,
            "score": -17991.764053427716
        },
        "val": {
            "rmse": 2788.897575420703,
            "mae": 1983.8615414983037,
            "r2": 0.6272499223226369,
            "corr": 0.8000448100948402,
            "score": -2788.897575420703
        },
        "test": {
            "rmse": 3709.99222977897,
            "mae": 2024.703018133919,
            "r2": 0.5283398663461115,
            "corr": 0.7459424561729014,
            "score": -3709.99222977897
        }
    }
}
