{
    "function": "bin.catboost_.main",
    "gpus": [
        "NVIDIA RTX 6000 Ada Generation",
        "NVIDIA RTX 6000 Ada Generation"
    ],
    "config": {
        "seed": 0,
        "data": {
            "seed": 0,
            "num_policy": "quantile",
            "cat_policy": null,
            "y_policy": "standard",
            "cache": true,
            "path": ":data/CTR23-OpenML-tid=361272-ctr23_361272-seed=0"
        },
        "model": {
            "iterations": 4000,
            "early_stopping_rounds": 200,
            "od_pval": 0.001,
            "bagging_temperature": 0.6176354970758771,
            "depth": 10,
            "l2_leaf_reg": 6.207646569060094,
            "leaf_estimation_iterations": 10,
            "learning_rate": 0.11103525577197582,
            "task_type": "CPU",
            "thread_count": 4
        },
        "fit": {
            "logging_level": "Verbose"
        }
    },
    "prediction_type": null,
    "time": "0:00:10.996774",
    "best_iteration": 56,
    "metrics": {
        "train": {
            "rmse": 5877.306455323455,
            "mae": 3104.1617977076085,
            "r2": 0.9082390416410642,
            "corr": 0.9539295761148676,
            "score": -5877.306455323455
        },
        "val": {
            "rmse": 8492.912877102812,
            "mae": 3643.98601444617,
            "r2": 0.8247458992636338,
            "corr": 0.9086636479609673,
            "score": -8492.912877102812
        },
        "test": {
            "rmse": 9266.739472998319,
            "mae": 4116.010329070619,
            "r2": 0.7546623890344404,
            "corr": 0.8691465049977536,
            "score": -9266.739472998319
        }
    }
}
