{
    "function": "bin.ensemble.main",
    "config": {
        "seeds": [
            0
        ]
    },
    "single_model_function": "bin.lightgbm_.main",
    "data": ":data/CTR23-OpenML-tid=361255-ctr23_361255-fold=1-seed=0",
    "prediction_type": null,
    "metrics": {
        "train": {
            "rmse": 23752.29774035294,
            "mae": 16356.69315720495,
            "r2": 0.9574756699814262,
            "corr": 0.9791032458457862,
            "score": -23752.29774035294
        },
        "val": {
            "rmse": 45298.61866349481,
            "mae": 29259.29096111155,
            "r2": 0.8508220198946662,
            "corr": 0.9225017024950305,
            "score": -45298.61866349481
        },
        "test": {
            "rmse": 46500.95902603995,
            "mae": 29257.31421571489,
            "r2": 0.8337912174532531,
            "corr": 0.9137410724382082,
            "score": -46500.95902603995
        }
    }
}
