{
    "function": "bin.tabr_scaling.main",
    "gpus": [
        "NVIDIA RTX 6000 Ada Generation"
    ],
    "config": {
        "seed": 0,
        "batch_size": 256,
        "patience": 16,
        "n_epochs": Infinity,
        "context_size": 96,
        "data": {
            "seed": 0,
            "cache": true,
            "num_policy": "quantile",
            "cat_policy": null,
            "path": ":data/TabZilla-OpenML-mnist_784-tid=3573-fold=0",
            "y_policy": null
        },
        "optimizer": {
            "type": "AdamW",
            "lr": 0.0007220917699605242,
            "weight_decay": 1.8348295456200723e-06
        },
        "model": {
            "num_embeddings": null,
            "d_main": 303,
            "context_dropout": 0.17364365576832066,
            "d_multiplier": 2.0,
            "encoder_n_blocks": 0,
            "predictor_n_blocks": 1,
            "mixer_normalization": "auto",
            "dropout0": 0.1099148172042701,
            "dropout1": 0.0,
            "normalization": "LayerNorm",
            "activation": "ReLU"
        }
    },
    "n_parameters": 1073236,
    "prediction_type": "logits",
    "best_epoch": 72,
    "metrics": {
        "train": {
            "0": {
                "precision": 0.9998189061934082,
                "recall": 1.0,
                "f1-score": 0.99990944489722,
                "support": 5521.0
            },
            "1": {
                "precision": 0.9998412446420066,
                "recall": 0.999206726955418,
                "f1-score": 0.9995238850976036,
                "support": 6303.0
            },
            "2": {
                "precision": 1.0,
                "recall": 0.9992846924177397,
                "f1-score": 0.9996422182468694,
                "support": 5592.0
            },
            "3": {
                "precision": 0.9998248686514886,
                "recall": 0.9992998424645545,
                "f1-score": 0.9995622866147247,
                "support": 5713.0
            },
            "4": {
                "precision": 0.9992676675210546,
                "recall": 0.9996336996336996,
                "f1-score": 0.9994506500640908,
                "support": 5460.0
            },
            "5": {
                "precision": 0.9974318451205058,
                "recall": 0.9996040388041972,
                "f1-score": 0.9985167606051617,
                "support": 5051.0
            },
            "6": {
                "precision": 0.9996360989810772,
                "recall": 0.9987275040901654,
                "f1-score": 0.9991815949804492,
                "support": 5501.0
            },
            "7": {
                "precision": 0.9994860373479527,
                "recall": 1.0,
                "f1-score": 0.9997429526175992,
                "support": 5834.0
            },
            "8": {
                "precision": 0.9992669965182335,
                "recall": 0.9989008976002931,
                "f1-score": 0.9990839135214364,
                "support": 5459.0
            },
            "9": {
                "precision": 0.9994611101131669,
                "recall": 0.9996406755300036,
                "f1-score": 0.9995508847570287,
                "support": 5566.0
            },
            "accuracy": 0.9994285714285714,
            "macro avg": {
                "precision": 0.9994034775088894,
                "recall": 0.9994298077496071,
                "f1-score": 0.9994164591402186,
                "support": 56000.0
            },
            "weighted avg": {
                "precision": 0.999429063041299,
                "recall": 0.9994285714285714,
                "f1-score": 0.999428644216258,
                "support": 56000.0
            },
            "cross-entropy": 0.002329915800067549,
            "roc-auc": 0.999999823856568,
            "f1-weighted": 0.999428644216258,
            "f1-macro": 0.9994164591402186,
            "f1-micro": 0.9994285714285714,
            "score": 0.9994285714285714
        },
        "val": {
            "0": {
                "precision": 0.9899135446685879,
                "recall": 0.9942112879884226,
                "f1-score": 0.992057761732852,
                "support": 691.0
            },
            "1": {
                "precision": 0.9911054637865311,
                "recall": 0.9911054637865311,
                "f1-score": 0.9911054637865311,
                "support": 787.0
            },
            "2": {
                "precision": 0.9913544668587896,
                "recall": 0.9842632331902719,
                "f1-score": 0.9877961234745154,
                "support": 699.0
            },
            "3": {
                "precision": 0.9914772727272727,
                "recall": 0.9775910364145658,
                "f1-score": 0.9844851904090268,
                "support": 714.0
            },
            "4": {
                "precision": 0.9852724594992637,
                "recall": 0.9809384164222874,
                "f1-score": 0.9831006612784717,
                "support": 682.0
            },
            "5": {
                "precision": 0.9794952681388013,
                "recall": 0.9841521394611727,
                "f1-score": 0.9818181818181818,
                "support": 631.0
            },
            "6": {
                "precision": 0.9869375907111756,
                "recall": 0.9883720930232558,
                "f1-score": 0.9876543209876543,
                "support": 688.0
            },
            "7": {
                "precision": 0.9769335142469471,
                "recall": 0.9876543209876543,
                "f1-score": 0.9822646657571623,
                "support": 729.0
            },
            "8": {
                "precision": 0.9808259587020649,
                "recall": 0.9736456808199122,
                "f1-score": 0.9772226304188097,
                "support": 683.0
            },
            "9": {
                "precision": 0.9715909090909091,
                "recall": 0.9827586206896551,
                "f1-score": 0.9771428571428571,
                "support": 696.0
            },
            "accuracy": 0.9845714285714285,
            "macro avg": {
                "precision": 0.9844906448430342,
                "recall": 0.9844692292783728,
                "f1-score": 0.9844647856806061,
                "support": 7000.0
            },
            "weighted avg": {
                "precision": 0.9846068761168197,
                "recall": 0.9845714285714285,
                "f1-score": 0.9845739075230394,
                "support": 7000.0
            },
            "cross-entropy": 0.06404577332076898,
            "roc-auc": 0.9995969349409383,
            "f1-weighted": 0.9845739075230394,
            "f1-macro": 0.9844647856806061,
            "f1-micro": 0.9845714285714285,
            "score": 0.9845714285714285
        },
        "test": {
            "0": {
                "precision": 0.9942279942279942,
                "recall": 0.9971056439942113,
                "f1-score": 0.9956647398843931,
                "support": 691.0
            },
            "1": {
                "precision": 0.9974391805377721,
                "recall": 0.9898348157560356,
                "f1-score": 0.9936224489795918,
                "support": 787.0
            },
            "2": {
                "precision": 0.9870503597122302,
                "recall": 0.9814020028612304,
                "f1-score": 0.9842180774748924,
                "support": 699.0
            },
            "3": {
                "precision": 0.9817927170868347,
                "recall": 0.9817927170868347,
                "f1-score": 0.9817927170868347,
                "support": 714.0
            },
            "4": {
                "precision": 0.9881656804733728,
                "recall": 0.9794721407624634,
                "f1-score": 0.9837997054491899,
                "support": 682.0
            },