{
    "function": "bin.ensemble.main",
    "config": {
        "seeds": [
            0
        ]
    },
    "single_model_function": "bin.xgboost_.main",
    "data": ":data/CTR23-OpenML-tid=361623-ctr23_361623-seed=0",
    "prediction_type": null,
    "metrics": {
        "train": {
            "rmse": 0.06863332076214321,
            "mae": 0.05032483679159916,
            "r2": 0.884139895439148,
            "corr": 0.9419890070441669,
            "score": -0.06863332076214321
        },
        "val": {
            "rmse": 0.10493708450927978,
            "mae": 0.07718301957939167,
            "r2": 0.6934366226196289,
            "corr": 0.8337807135660155,
            "score": -0.10493708450927978
        },
        "test": {
            "rmse": 0.09330957628712523,
            "mae": 0.07054203199615738,
            "r2": 0.7386136054992676,
            "corr": 0.8611098341337395,
            "score": -0.09330957628712523
        }
    }
}
