{
    "function": "bin.ensemble.main",
    "config": {
        "seeds": [
            0
        ]
    },
    "single_model_function": "bin.lightgbm_.main",
    "data": ":data/CTR23-OpenML-tid=361272-ctr23_361272-fold=1-seed=0",
    "prediction_type": null,
    "metrics": {
        "train": {
            "rmse": 7181.442976955597,
            "mae": 3616.0821290529957,
            "r2": 0.86287654096401,
            "corr": 0.9302413685404077,
            "score": -7181.442976955597
        },
        "val": {
            "rmse": 8487.392342272507,
            "mae": 3669.8182873668234,
            "r2": 0.8149033739133973,
            "corr": 0.9029074692818817,
            "score": -8487.392342272507
        },
        "test": {
            "rmse": 9658.666299063947,
            "mae": 4178.091302803065,
            "r2": 0.7583269210738244,
            "corr": 0.8709568018918474,
            "score": -9658.666299063947
        }
    }
}
