{
    "function": "bin.ensemble.main",
    "config": {
        "seeds": [
            0
        ]
    },
    "single_model_function": "bin.tabr_scaling.main",
    "data": ":data/TabZilla-OpenML-ozone-level-8hr-tid=9978-fold=0",
    "prediction_type": "probs",
    "metrics": {
        "train": {
            "0": {
                "precision": 0.9858786610878661,
                "recall": 0.9931506849315068,
                "f1-score": 0.989501312335958,
                "support": 1898.0
            },
            "1": {
                "precision": 0.8859649122807017,
                "recall": 0.7890625,
                "f1-score": 0.8347107438016529,
                "support": 128.0
            },
            "accuracy": 0.9802566633761106,
            "macro avg": {
                "precision": 0.9359217866842839,
                "recall": 0.8911065924657534,
                "f1-score": 0.9121060280688054,
                "support": 2026.0
            },
            "weighted avg": {
                "precision": 0.9795662426044915,
                "recall": 0.9802566633761106,
                "f1-score": 0.9797218489734747,
                "support": 2026.0
            },
            "cross-entropy": 0.056770432882085976,
            "roc-auc": 0.9891003688092729,
            "f1-weighted": 0.9797218489734747,
            "f1-macro": 0.9121060280688054,
            "f1-micro": 0.9802566633761106,
            "score": 0.9802566633761106
        },
        "val": {
            "0": {
                "precision": 0.9596774193548387,
                "recall": 1.0,
                "f1-score": 0.9794238683127572,
                "support": 238.0
            },
            "1": {
                "precision": 1.0,
                "recall": 0.375,
                "f1-score": 0.5454545454545454,
                "support": 16.0
            },
            "accuracy": 0.9606299212598425,
            "macro avg": {
                "precision": 0.9798387096774194,
                "recall": 0.6875,
                "f1-score": 0.7624392068836513,
                "support": 254.0
            },
            "weighted avg": {
                "precision": 0.9622174244348489,
                "recall": 0.9606299212598425,
                "f1-score": 0.9520872180539722,
                "support": 254.0
            },
            "cross-entropy": 0.17245221644228095,
            "roc-auc": 0.9083508403361344,
            "f1-weighted": 0.9520872180539722,
            "f1-macro": 0.7624392068836513,
            "f1-micro": 0.9606299212598425,
            "score": 0.9606299212598425
        },
        "test": {
            "0": {
                "precision": 0.9626556016597511,
                "recall": 0.9747899159663865,
                "f1-score": 0.9686847599164927,
                "support": 238.0
            },
            "1": {
                "precision": 0.5384615384615384,
                "recall": 0.4375,
                "f1-score": 0.4827586206896552,
                "support": 16.0
            },
            "accuracy": 0.9409448818897638,
            "macro avg": {
                "precision": 0.7505585700606447,
                "recall": 0.7061449579831933,
                "f1-score": 0.725721690303074,
                "support": 254.0
            },
            "weighted avg": {
                "precision": 0.9359347157889976,
                "recall": 0.9409448818897638,
                "f1-score": 0.9380752393352746,
                "support": 254.0
            },
            "cross-entropy": 0.16821797503471106,
            "roc-auc": 0.9138655462184874,
            "f1-weighted": 0.9380752393352746,
            "f1-macro": 0.725721690303074,
            "f1-micro": 0.9409448818897638,
            "score": 0.9409448818897638
        }
    }
}
