{
    "function": "bin.ensemble.main",
    "config": {
        "seeds": [
            0
        ]
    },
    "single_model_function": "bin.tabr.main",
    "data": ":data/CTR23-OpenML-tid=361264-ctr23_361264-fold=1-seed=0",
    "prediction_type": null,
    "metrics": {
        "train": {
            "rmse": 10.38781377419571,
            "mae": 4.468787641530071,
            "r2": 0.9458619952201843,
            "corr": 0.9734585879838972,
            "score": -10.38781377419571
        },
        "val": {
            "rmse": 6.013784405366771,
            "mae": 3.8457116409408627,
            "r2": 0.9352462291717529,
            "corr": 0.9672519794261644,
            "score": -6.013784405366771
        },
        "test": {
            "rmse": 7.78570753996035,
            "mae": 4.569772513361386,
            "r2": 0.9375438094139099,
            "corr": 0.9692460523224156,
            "score": -7.78570753996035
        }
    }
}
