{
    "function": "bin.catboost_.main",
    "gpus": [
        "NVIDIA RTX 6000 Ada Generation",
        "NVIDIA RTX 6000 Ada Generation"
    ],
    "config": {
        "seed": 0,
        "data": {
            "seed": 0,
            "num_policy": "quantile",
            "cat_policy": null,
            "y_policy": "standard",
            "cache": true,
            "path": ":data/CTR23-OpenML-tid=361234-ctr23_361234-seed=0"
        },
        "model": {
            "iterations": 4000,
            "early_stopping_rounds": 200,
            "od_pval": 0.001,
            "bagging_temperature": 0.6176354970758771,
            "depth": 10,
            "l2_leaf_reg": 6.207646569060094,
            "leaf_estimation_iterations": 10,
            "learning_rate": 0.11103525577197582,
            "task_type": "CPU",
            "thread_count": 4
        },
        "fit": {
            "logging_level": "Verbose"
        }
    },
    "prediction_type": null,
    "time": "0:00:02.687388",
    "best_iteration": 69,
    "metrics": {
        "train": {
            "rmse": 1.7979310166490299,
            "mae": 1.3017111901501497,
            "r2": 0.6943553585938732,
            "corr": 0.8379782886262597,
            "score": -1.7979310166490299
        },
        "val": {
            "rmse": 2.105418771528971,
            "mae": 1.4770183790844513,
            "r2": 0.5344229630289137,
            "corr": 0.7310972846941732,
            "score": -2.105418771528971
        },
        "test": {
            "rmse": 2.2053666756840764,
            "mae": 1.5747762345807879,
            "r2": 0.5284703302702365,
            "corr": 0.7276418616529067,
            "score": -2.2053666756840764
        }
    }
}
