{
    "function": "bin.ensemble.main",
    "config": {
        "seeds": [
            0
        ]
    },
    "single_model_function": "bin.xgboost_.main",
    "data": ":data/CTR23-OpenML-tid=361253-ctr23_361253-fold=1-seed=0",
    "prediction_type": null,
    "metrics": {
        "train": {
            "rmse": 6001.587415400141,
            "mae": 4758.690514760965,
            "r2": 0.9971287250518799,
            "corr": 0.9985644157568596,
            "score": -6001.587415400141
        },
        "val": {
            "rmse": 7264.967991151156,
            "mae": 5707.558151832491,
            "r2": 0.9958757758140564,
            "corr": 0.9979536625816311,
            "score": -7264.967991151156
        },
        "test": {
            "rmse": 7108.192351713556,
            "mae": 5544.209132933465,
            "r2": 0.9959530830383301,
            "corr": 0.9979926059695948,
            "score": -7108.192351713556
        }
    }
}
