{
    "function": "bin.tabr.main",
    "gpus": [
        "NVIDIA A100-SXM4-40GB"
    ],
    "config": {
        "seed": 0,
        "batch_size": 256,
        "patience": 16,
        "n_epochs": Infinity,
        "context_size": 96,
        "data": {
            "seed": 0,
            "cache": true,
            "num_policy": "quantile",
            "cat_policy": null,
            "path": ":data/TabZilla-OpenML-semeion-tid=9964-fold=0",
            "y_policy": null
        },
        "optimizer": {
            "type": "AdamW",
            "lr": 0.00017219909235453482,
            "weight_decay": 0.0
        },
        "model": {
            "num_embeddings": null,
            "d_main": 182,
            "context_dropout": 0.34197894642075893,
            "d_multiplier": 2.0,
            "encoder_n_blocks": 0,
            "predictor_n_blocks": 1,
            "mixer_normalization": "auto",
            "dropout0": 0.3545236567489039,
            "dropout1": 0.0,
            "normalization": "LayerNorm",
            "activation": "ReLU"
        }
    },
    "n_parameters": 350360,
    "prediction_type": "logits",
    "best_epoch": 14,
    "metrics": {
        "train": {
            "0": {
                "precision": 1.0,
                "recall": 0.9922480620155039,
                "f1-score": 0.9961089494163424,
                "support": 129.0
            },
            "1": {
                "precision": 0.992,
                "recall": 1.0,
                "f1-score": 0.9959839357429718,
                "support": 124.0
            },
            "2": {
                "precision": 0.991869918699187,
                "recall": 0.9682539682539683,
                "f1-score": 0.9799196787148594,
                "support": 126.0
            },
            "3": {
                "precision": 0.9558823529411765,
                "recall": 1.0,
                "f1-score": 0.9774436090225563,
                "support": 130.0
            },
            "4": {
                "precision": 1.0,
                "recall": 0.9921259842519685,
                "f1-score": 0.9960474308300395,
                "support": 127.0
            },
            "5": {
                "precision": 0.9920634920634921,
                "recall": 0.984251968503937,
                "f1-score": 0.9881422924901185,
                "support": 127.0
            },
            "6": {
                "precision": 0.9844961240310077,
                "recall": 0.9844961240310077,
                "f1-score": 0.9844961240310077,
                "support": 129.0
            },
            "7": {
                "precision": 0.9921875,
                "recall": 1.0,
                "f1-score": 0.996078431372549,
                "support": 127.0
            },
            "8": {
                "precision": 1.0,
                "recall": 1.0,
                "f1-score": 1.0,
                "support": 128.0
            },
            "9": {
                "precision": 1.0,
                "recall": 0.9841269841269841,
                "f1-score": 0.992,
                "support": 126.0
            },
            "accuracy": 0.99057344854674,
            "macro avg": {
                "precision": 0.9908499387734864,
                "recall": 0.990550309118337,
                "f1-score": 0.9906220451620446,
                "support": 1273.0
            },
            "weighted avg": {
                "precision": 0.9907684144780157,
                "recall": 0.99057344854674,
                "f1-score": 0.9905920399401533,
                "support": 1273.0
            },
            "cross-entropy": 0.18065259259813826,
            "roc-auc": 0.999900757593184,
            "f1-weighted": 0.9905920399401533,
            "f1-macro": 0.9906220451620446,
            "f1-micro": 0.99057344854674,
            "score": 0.99057344854674
        },
        "val": {
            "0": {
                "precision": 1.0,
                "recall": 0.9375,
                "f1-score": 0.967741935483871,
                "support": 16.0
            },
            "1": {
                "precision": 0.8823529411764706,
                "recall": 1.0,
                "f1-score": 0.9375,
                "support": 15.0
            },
            "2": {
                "precision": 0.9411764705882353,
                "recall": 1.0,
                "f1-score": 0.9696969696969697,
                "support": 16.0
            },
            "3": {
                "precision": 0.9411764705882353,
                "recall": 1.0,
                "f1-score": 0.9696969696969697,
                "support": 16.0
            },
            "4": {
                "precision": 1.0,
                "recall": 1.0,
                "f1-score": 1.0,
                "support": 16.0
            },
            "5": {
                "precision": 1.0,
                "recall": 1.0,
                "f1-score": 1.0,
                "support": 16.0
            },
            "6": {
                "precision": 1.0,
                "recall": 0.875,
                "f1-score": 0.9333333333333333,
                "support": 16.0
            },
            "7": {
                "precision": 1.0,
                "recall": 0.9375,
                "f1-score": 0.967741935483871,
                "support": 16.0
            },
            "8": {
                "precision": 1.0,
                "recall": 1.0,
                "f1-score": 1.0,
                "support": 17.0
            },
            "9": {
                "precision": 1.0,
                "recall": 1.0,
                "f1-score": 1.0,
                "support": 16.0
            },
            "accuracy": 0.975,
            "macro avg": {
                "precision": 0.9764705882352942,
                "recall": 0.975,
                "f1-score": 0.9745711143695015,
                "support": 160.0
            },
            "weighted avg": {
                "precision": 0.9772058823529411,
                "recall": 0.975,
                "f1-score": 0.9749617393695015,
                "support": 160.0
            },
            "cross-entropy": 0.27374688404135994,
            "roc-auc": 0.9962692333877996,
            "f1-weighted": 0.9749617393695015,
            "f1-macro": 0.9745711143695015,
            "f1-micro": 0.975,
            "score": 0.975
        },
        "test": {
            "0": {
                "precision": 1.0,
                "recall": 0.9375,
                "f1-score": 0.967741935483871,
                "support": 16.0
            },
            "1": {
                "precision": 0.9333333333333333,
                "recall": 0.875,
                "f1-score": 0.9032258064516129,
                "support": 16.0
            },
            "2": {
                "precision": 0.9333333333333333,
                "recall": 0.875,
                "f1-score": 0.9032258064516129,
                "support": 16.0
            },
            "3": {
                "precision": 0.8823529411764706,
                "recall": 0.9375,
                "f1-score": 0.9090909090909091,
                "support": 16.0
            },
            "4": {
                "precision": 0.9411764705882353,
                "recall": 1.0,
                "f1-score": 0.9696969696969697,
                "support": 16.0
            },
            "5": {
                "precision": 0.8333333333333334,
                "recall": 0.9375,
                "f1-score": 0.8823529411764706,
                "support": 16.0
            },
            "6": {
                "precision": 1.0,
                "recall": 1.0,
                "f1-score": 1.0,
                "support": 16.0
            },
            "7": {
                "precision": 0.9375,
                "recall": 0.9375,
                "f1-score": 0.9375,
                "support": 16.0
            },
            "8": {
                "precision": 1.0,
                "recall": 1.0,
                "f1-score": 1.0,