{
    "function": "bin.tabr_scaling.main",
    "gpus": [
        "NVIDIA RTX 6000 Ada Generation"
    ],
    "config": {
        "seed": 0,
        "batch_size": 256,
        "patience": 16,
        "n_epochs": Infinity,
        "context_size": 96,
        "data": {
            "seed": 0,
            "cache": true,
            "num_policy": "quantile",
            "cat_policy": null,
            "path": ":data/TabZilla-OpenML-cylinder-bands-tid=14954-fold=0",
            "y_policy": null
        },
        "optimizer": {
            "type": "AdamW",
            "lr": 7.50195444362012e-05,
            "weight_decay": 5.846326121643419e-06
        },
        "model": {
            "num_embeddings": null,
            "d_main": 324,
            "context_dropout": 0.31733695185174265,
            "d_multiplier": 2.0,
            "encoder_n_blocks": 0,
            "predictor_n_blocks": 1,
            "mixer_normalization": "auto",
            "dropout0": 0.3408267366563594,
            "dropout1": 0.0,
            "normalization": "LayerNorm",
            "activation": "ReLU"
        }
    },
    "n_parameters": 1005373,
    "prediction_type": "logits",
    "best_epoch": 44,
    "metrics": {
        "train": {
            "0": {
                "precision": 0.9764705882352941,
                "recall": 0.9120879120879121,
                "f1-score": 0.9431818181818182,
                "support": 182.0
            },
            "1": {
                "precision": 0.9389312977099237,
                "recall": 0.984,
                "f1-score": 0.9609375,
                "support": 250.0
            },
            "accuracy": 0.9537037037037037,
            "macro avg": {
                "precision": 0.9577009429726089,
                "recall": 0.948043956043956,
                "f1-score": 0.9520596590909092,
                "support": 432.0
            },
            "weighted avg": {
                "precision": 0.9547464617738528,
                "recall": 0.9537037037037037,
                "f1-score": 0.9534570970117845,
                "support": 432.0
            },
            "cross-entropy": 0.1461800745080559,
            "roc-auc": 0.9813626373626372,
            "f1-weighted": 0.9534570970117845,
            "f1-macro": 0.9520596590909092,
            "f1-micro": 0.9537037037037037,
            "score": 0.9537037037037037
        },
        "val": {
            "0": {
                "precision": 1.0,
                "recall": 0.9130434782608695,
                "f1-score": 0.9545454545454546,
                "support": 23.0
            },
            "1": {
                "precision": 0.9393939393939394,
                "recall": 1.0,
                "f1-score": 0.96875,
                "support": 31.0
            },
            "accuracy": 0.9629629629629629,
            "macro avg": {
                "precision": 0.9696969696969697,
                "recall": 0.9565217391304348,
                "f1-score": 0.9616477272727273,
                "support": 54.0
            },
            "weighted avg": {
                "precision": 0.9652076318742986,
                "recall": 0.9629629629629629,
                "f1-score": 0.9626999158249158,
                "support": 54.0
            },
            "cross-entropy": 0.14430964953281236,
            "roc-auc": 0.9929873772791025,
            "f1-weighted": 0.9626999158249158,
            "f1-macro": 0.9616477272727273,
            "f1-micro": 0.9629629629629629,
            "score": 0.9629629629629629
        },
        "test": {
            "0": {
                "precision": 0.85,
                "recall": 0.7391304347826086,
                "f1-score": 0.7906976744186046,
                "support": 23.0
            },
            "1": {
                "precision": 0.8235294117647058,
                "recall": 0.9032258064516129,
                "f1-score": 0.8615384615384616,
                "support": 31.0
            },
            "accuracy": 0.8333333333333334,
            "macro avg": {
                "precision": 0.8367647058823529,
                "recall": 0.8211781206171107,
                "f1-score": 0.8261180679785332,
                "support": 54.0
            },
            "weighted avg": {
                "precision": 0.8348039215686275,
                "recall": 0.8333333333333334,
                "f1-score": 0.8313655336911152,
                "support": 54.0
            },
            "cross-entropy": 0.35203878788437026,
            "roc-auc": 0.9523141654978963,
            "f1-weighted": 0.8313655336911152,
            "f1-macro": 0.8261180679785332,
            "f1-micro": 0.8333333333333334,
            "score": 0.8333333333333334
        }
    },
    "time": "0:00:06.239330",
    "chunk_size": null,
    "eval_batch_size": 32768
}
