{
    "function": "bin.ffn.main",
    "gpus": [
        "NVIDIA RTX 6000 Ada Generation"
    ],
    "config": {
        "seed": 0,
        "batch_size": 256,
        "patience": 16,
        "n_epochs": Infinity,
        "data": {
            "seed": 0,
            "cache": true,
            "num_policy": "quantile",
            "cat_policy": "ordinal",
            "y_policy": "standard",
            "path": ":data/CTR23-OpenML-tid=361244-ctr23_361244-fold=1-seed=0"
        },
        "optimizer": {
            "type": "AdamW",
            "lr": 0.00018111886467330683,
            "weight_decay": 0.0
        },
        "model": {
            "backbone": {
                "type": "MLP",
                "n_blocks": 5,
                "d_layer": 242,
                "dropout": 0.0,
                "activation": "ReLU"
            },
            "num_embeddings": {
                "type": "PLREmbeddings",
                "n_frequencies": 33,
                "frequency_scale": 61.586051660398354,
                "d_embedding": 51,
                "lite": true
            }
        }
    },
    "n_parameters": 269442,
    "prediction_type": null,
    "best_epoch": 23,
    "metrics": {
        "train": {
            "rmse": 0.7425854535483195,
            "mae": 0.37192285142768355,
            "r2": 0.21385091543197632,
            "corr": 0.46939365053990706,
            "score": -0.7425854535483195
        },
        "val": {
            "rmse": 0.7997594596810574,
            "mae": 0.35962946536889717,
            "r2": 0.09512513875961304,
            "corr": 0.314074118388128,
            "score": -0.7997594596810574
        },
        "test": {
            "rmse": 0.7536087845952861,
            "mae": 0.35137088400955463,
            "r2": 0.11438459157943726,
            "corr": 0.35807372159057305,
            "score": -0.7536087845952861
        }
    },
    "time": "0:00:01.338368",
    "chunk_size": null,
    "eval_batch_size": 32768
}
