{
    "function": "bin.ensemble.main",
    "config": {
        "seeds": [
            0
        ]
    },
    "single_model_function": "bin.ffn.main",
    "data": ":data/TabZilla-OpenML-segment-tid=146822-fold=0",
    "prediction_type": "probs",
    "metrics": {
        "train": {
            "0": {
                "precision": 0.9961685823754789,
                "recall": 0.9848484848484849,
                "f1-score": 0.9904761904761905,
                "support": 264.0
            },
            "1": {
                "precision": 0.9952153110047847,
                "recall": 0.7878787878787878,
                "f1-score": 0.879492600422833,
                "support": 264.0
            },
            "2": {
                "precision": 0.9323308270676691,
                "recall": 0.9393939393939394,
                "f1-score": 0.9358490566037736,
                "support": 264.0
            },
            "3": {
                "precision": 1.0,
                "recall": 1.0,
                "f1-score": 1.0,
                "support": 264.0
            },
            "4": {
                "precision": 0.8885135135135135,
                "recall": 0.9962121212121212,
                "f1-score": 0.9392857142857143,
                "support": 264.0
            },
            "5": {
                "precision": 1.0,
                "recall": 1.0,
                "f1-score": 1.0,
                "support": 264.0
            },
            "6": {
                "precision": 0.8576388888888888,
                "recall": 0.9356060606060606,
                "f1-score": 0.894927536231884,
                "support": 264.0
            },
            "accuracy": 0.9491341991341992,
            "macro avg": {
                "precision": 0.9528381604071906,
                "recall": 0.949134199134199,
                "f1-score": 0.9485758711457707,
                "support": 1848.0
            },
            "weighted avg": {
                "precision": 0.9528381604071908,
                "recall": 0.9491341991341992,
                "f1-score": 0.9485758711457707,
                "support": 1848.0
            },
            "cross-entropy": 0.12914746764334264,
            "roc-auc": 0.9975297482399755,
            "f1-weighted": 0.9485758711457707,
            "f1-macro": 0.9485758711457707,
            "f1-micro": 0.9491341991341992,
            "score": 0.9491341991341992
        },
        "val": {
            "0": {
                "precision": 1.0,
                "recall": 1.0,
                "f1-score": 1.0,
                "support": 33.0
            },
            "1": {
                "precision": 1.0,
                "recall": 0.7272727272727273,
                "f1-score": 0.8421052631578947,
                "support": 33.0
            },
            "2": {
                "precision": 0.9117647058823529,
                "recall": 0.9393939393939394,
                "f1-score": 0.9253731343283582,
                "support": 33.0
            },
            "3": {
                "precision": 1.0,
                "recall": 1.0,
                "f1-score": 1.0,
                "support": 33.0
            },
            "4": {
                "precision": 0.9166666666666666,
                "recall": 1.0,
                "f1-score": 0.9565217391304348,
                "support": 33.0
            },
            "5": {
                "precision": 1.0,
                "recall": 1.0,
                "f1-score": 1.0,
                "support": 33.0
            },
            "6": {
                "precision": 0.7894736842105263,
                "recall": 0.9090909090909091,
                "f1-score": 0.8450704225352113,
                "support": 33.0
            },
            "accuracy": 0.9393939393939394,
            "macro avg": {
                "precision": 0.9454150081085065,
                "recall": 0.9393939393939394,
                "f1-score": 0.9384386513074141,
                "support": 231.0
            },
            "weighted avg": {
                "precision": 0.9454150081085065,
                "recall": 0.9393939393939394,
                "f1-score": 0.9384386513074141,
                "support": 231.0
            },
            "cross-entropy": 0.19154542283263687,
            "roc-auc": 0.9949932222659496,
            "f1-weighted": 0.9384386513074141,
            "f1-macro": 0.9384386513074141,
            "f1-micro": 0.9393939393939394,
            "score": 0.9393939393939394
        },
        "test": {
            "0": {
                "precision": 1.0,
                "recall": 1.0,
                "f1-score": 1.0,
                "support": 33.0
            },
            "1": {
                "precision": 0.96,
                "recall": 0.7272727272727273,
                "f1-score": 0.8275862068965517,
                "support": 33.0
            },
            "2": {
                "precision": 0.9142857142857143,
                "recall": 0.9696969696969697,
                "f1-score": 0.9411764705882353,
                "support": 33.0
            },
            "3": {
                "precision": 0.9428571428571428,
                "recall": 1.0,
                "f1-score": 0.9705882352941176,
                "support": 33.0
            },
            "4": {
                "precision": 0.8888888888888888,
                "recall": 0.9696969696969697,
                "f1-score": 0.927536231884058,
                "support": 33.0
            },
            "5": {
                "precision": 1.0,
                "recall": 1.0,
                "f1-score": 1.0,
                "support": 33.0
            },
            "6": {
                "precision": 0.8529411764705882,
                "recall": 0.8787878787878788,
                "f1-score": 0.8656716417910447,
                "support": 33.0
            },
            "accuracy": 0.935064935064935,
            "macro avg": {
                "precision": 0.9369961317860477,
                "recall": 0.9350649350649352,
                "f1-score": 0.933222683779144,
                "support": 231.0
            },
            "weighted avg": {
                "precision": 0.9369961317860478,
                "recall": 0.935064935064935,
                "f1-score": 0.933222683779144,
                "support": 231.0
            },
            "cross-entropy": 0.21272618475249477,
            "roc-auc": 0.9946871310507674,
            "f1-weighted": 0.933222683779144,
            "f1-macro": 0.933222683779144,
            "f1-micro": 0.935064935064935,
            "score": 0.935064935064935
        }
    }
}
