{
    "function": "bin.ensemble.main",
    "config": {
        "seeds": [
            0
        ]
    },
    "single_model_function": "bin.xgboost_.main",
    "data": ":data/CTR23-OpenML-tid=361269-ctr23_361269-fold=1-seed=0",
    "prediction_type": null,
    "metrics": {
        "train": {
            "rmse": 13.979747083545744,
            "mae": 10.815876889365995,
            "r2": 0.44367605447769165,
            "corr": 0.6666575679535076,
            "score": -13.979747083545744
        },
        "val": {
            "rmse": 14.412889188582056,
            "mae": 11.156305833535725,
            "r2": 0.3962852358818054,
            "corr": 0.6296085350005222,
            "score": -14.412889188582056
        },
        "test": {
            "rmse": 14.322831091524167,
            "mae": 11.04714361997867,
            "r2": 0.41357487440109253,
            "corr": 0.6431498686400531,
            "score": -14.322831091524167
        }
    }
}
