{
    "function": "bin.lightgbm_.main",
    "gpus": [
        "NVIDIA RTX 6000 Ada Generation",
        "NVIDIA RTX 6000 Ada Generation"
    ],
    "config": {
        "seed": 0,
        "data": {
            "seed": 0,
            "num_policy": "quantile",
            "cat_policy": null,
            "y_policy": "standard",
            "cache": true,
            "path": ":data/CTR23-OpenML-tid=361260-ctr23_361260-fold=0-seed=0"
        },
        "model": {
            "n_estimators": 4000,
            "n_jobs": 4,
            "early_stopping_rounds": 200,
            "feature_fraction": 0.7073309699952618,
            "lambda_l2": 0.8171478915115865,
            "learning_rate": 0.05073432032394333,
            "num_leaves": 18,
            "min_sum_hessian_in_leaf": 0.5079406641139773,
            "bagging_fraction": 0.8060478613612108
        },
        "fit": {}
    },
    "prediction_type": null,
    "time": "0:00:00.686452",
    "best_iteration": 1399,
    "metrics": {
        "train": {
            "rmse": 29466.27985134646,
            "mae": 20645.771008061038,
            "r2": 0.9911462945131466,
            "corr": 0.9956032539328853,
            "score": -29466.27985134646
        },
        "val": {
            "rmse": 80242.80691237713,
            "mae": 40581.45115536732,
            "r2": 0.9417896618642317,
            "corr": 0.9706718421048006,
            "score": -80242.80691237713
        },
        "test": {
            "rmse": 82783.59996339298,
            "mae": 39736.19558446069,
            "r2": 0.9345496309484933,
            "corr": 0.9668308422552517,
            "score": -82783.59996339298
        }
    }
}
