{
    "function": "bin.ensemble.main",
    "config": {
        "seeds": [
            0
        ]
    },
    "single_model_function": "bin.tabr_scaling.main",
    "data": ":data/TabZilla-OpenML-jm1-tid=3904-fold=0",
    "prediction_type": "probs",
    "metrics": {
        "train": {
            "0": {
                "precision": 0.8368785705603501,
                "recall": 0.9803502776591201,
                "f1-score": 0.9029508196721312,
                "support": 7023.0
            },
            "1": {
                "precision": 0.7125,
                "recall": 0.20308788598574823,
                "f1-score": 0.31608133086876156,
                "support": 1684.0
            },
            "accuracy": 0.8300218215229126,
            "macro avg": {
                "precision": 0.774689285280175,
                "recall": 0.5917190818224342,
                "f1-score": 0.6095160752704464,
                "support": 8707.0
            },
            "weighted avg": {
                "precision": 0.812822809354007,
                "recall": 0.8300218215229126,
                "f1-score": 0.7894457985230702,
                "support": 8707.0
            },
            "cross-entropy": 0.3966480204821831,
            "roc-auc": 0.7945537279444567,
            "f1-weighted": 0.7894457985230702,
            "f1-macro": 0.6095160752704464,
            "f1-micro": 0.8300218215229126,
            "score": 0.8300218215229126
        },
        "val": {
            "0": {
                "precision": 0.8472906403940886,
                "recall": 0.979498861047836,
                "f1-score": 0.9086106708927628,
                "support": 878.0
            },
            "1": {
                "precision": 0.7567567567567568,
                "recall": 0.26540284360189575,
                "f1-score": 0.3929824561403509,
                "support": 211.0
            },
            "accuracy": 0.8411386593204775,
            "macro avg": {
                "precision": 0.8020236985754228,
                "recall": 0.6224508523248659,
                "f1-score": 0.6507965635165569,
                "support": 1089.0
            },
            "weighted avg": {
                "precision": 0.8297491808463596,
                "recall": 0.8411386593204775,
                "f1-score": 0.8087047449857299,
                "support": 1089.0
            },
            "cross-entropy": 0.3946666818494722,
            "roc-auc": 0.7911129343941963,
            "f1-weighted": 0.8087047449857299,
            "f1-macro": 0.6507965635165569,
            "f1-micro": 0.8411386593204775,
            "score": 0.8411386593204775
        },
        "test": {
            "0": {
                "precision": 0.829126213592233,
                "recall": 0.9726651480637813,
                "f1-score": 0.8951781970649895,
                "support": 878.0
            },
            "1": {
                "precision": 0.5932203389830508,
                "recall": 0.16587677725118483,
                "f1-score": 0.25925925925925924,
                "support": 211.0
            },
            "accuracy": 0.8163452708907254,
            "macro avg": {
                "precision": 0.7111732762876419,
                "recall": 0.5692709626574831,
                "f1-score": 0.5772187281621244,
                "support": 1089.0
            },
            "weighted avg": {
                "precision": 0.7834180964732822,
                "recall": 0.8163452708907254,
                "f1-score": 0.7719652531926212,
                "support": 1089.0
            },
            "cross-entropy": 0.4179470399179383,
            "roc-auc": 0.7609738850683911,
            "f1-weighted": 0.7719652531926212,
            "f1-macro": 0.5772187281621244,
            "f1-micro": 0.8163452708907254,
            "score": 0.8163452708907254
        }
    }
}
