{
    "function": "bin.ensemble.main",
    "config": {
        "seeds": [
            0
        ]
    },
    "single_model_function": "bin.xgboost_.main",
    "data": ":data/TabZilla-OpenML-splice-tid=45-fold=1",
    "prediction_type": "probs",
    "metrics": {
        "train": {
            "0": {
                "precision": 1.0,
                "recall": 1.0,
                "f1-score": 1.0,
                "support": 613.0
            },
            "1": {
                "precision": 1.0,
                "recall": 1.0,
                "f1-score": 1.0,
                "support": 614.0
            },
            "2": {
                "precision": 1.0,
                "recall": 1.0,
                "f1-score": 1.0,
                "support": 1325.0
            },
            "accuracy": 1.0,
            "macro avg": {
                "precision": 1.0,
                "recall": 1.0,
                "f1-score": 1.0,
                "support": 2552.0
            },
            "weighted avg": {
                "precision": 1.0,
                "recall": 1.0,
                "f1-score": 1.0,
                "support": 2552.0
            },
            "cross-entropy": 0.0024807895202699627,
            "roc-auc": 1.0,
            "f1-weighted": 1.0,
            "f1-macro": 1.0,
            "f1-micro": 1.0,
            "score": 1.0
        },
        "val": {
            "0": {
                "precision": 0.9746835443037974,
                "recall": 1.0,
                "f1-score": 0.9871794871794872,
                "support": 77.0
            },
            "1": {
                "precision": 0.9487179487179487,
                "recall": 0.961038961038961,
                "f1-score": 0.9548387096774194,
                "support": 77.0
            },
            "2": {
                "precision": 0.9876543209876543,
                "recall": 0.9696969696969697,
                "f1-score": 0.9785932721712538,
                "support": 165.0
            },
            "accuracy": 0.9749216300940439,
            "macro avg": {
                "precision": 0.9703519380031335,
                "recall": 0.976911976911977,
                "f1-score": 0.9735371563427201,
                "support": 319.0
            },
            "weighted avg": {
                "precision": 0.9751250091712771,
                "recall": 0.9749216300940439,
                "f1-score": 0.9749319469161086,
                "support": 319.0
            },
            "cross-entropy": 0.10274854699700608,
            "roc-auc": 0.9959708401266844,
            "f1-weighted": 0.9749319469161086,
            "f1-macro": 0.9735371563427201,
            "f1-micro": 0.9749216300940439,
            "score": 0.9749216300940439
        },
        "test": {
            "0": {
                "precision": 0.9866666666666667,
                "recall": 0.961038961038961,
                "f1-score": 0.9736842105263158,
                "support": 77.0
            },
            "1": {
                "precision": 0.926829268292683,
                "recall": 0.987012987012987,
                "f1-score": 0.9559748427672956,
                "support": 77.0
            },
            "2": {
                "precision": 0.9876543209876543,
                "recall": 0.9696969696969697,
                "f1-score": 0.9785932721712538,
                "support": 165.0
            },
            "accuracy": 0.9717868338557993,
            "macro avg": {
                "precision": 0.9670500853156679,
                "recall": 0.9725829725829725,
                "f1-score": 0.9694174418216216,
                "support": 319.0
            },
            "weighted avg": {
                "precision": 0.9727340123975953,
                "recall": 0.9717868338557993,
                "f1-score": 0.9719487053663478,
                "support": 319.0
            },
            "cross-entropy": 0.11641303898202864,
            "roc-auc": 0.9902737954686006,
            "f1-weighted": 0.9719487053663478,
            "f1-macro": 0.9694174418216216,
            "f1-micro": 0.9717868338557993,
            "score": 0.9717868338557993
        }
    }
}
