{
    "function": "bin.ensemble.main",
    "config": {
        "seeds": [
            0
        ]
    },
    "single_model_function": "bin.catboost_.main",
    "data": ":data/CTR23-OpenML-tid=361267-ctr23_361267-seed=0",
    "prediction_type": null,
    "metrics": {
        "train": {
            "rmse": 1801.3967520064718,
            "mae": 1124.9598857596256,
            "r2": 0.9905540731148681,
            "corr": 0.9953259241289095,
            "score": -1801.3967520064718
        },
        "val": {
            "rmse": 2271.7692994859126,
            "mae": 1427.2172538060297,
            "r2": 0.7477038570266998,
            "corr": 0.8649231760040407,
            "score": -2271.7692994859126
        },
        "test": {
            "rmse": 9847.711459082278,
            "mae": 1695.6283975673207,
            "r2": 0.11662660156785165,
            "corr": 0.34321961662860573,
            "score": -9847.711459082278
        }
    }
}
