{
    "function": "bin.ensemble.main",
    "config": {
        "seeds": [
            0
        ]
    },
    "single_model_function": "bin.tabr_scaling.main",
    "data": ":data/CTR23-OpenML-tid=361234-ctr23_361234-seed=0",
    "prediction_type": null,
    "metrics": {
        "train": {
            "rmse": 1.9876114505205462,
            "mae": 1.4124361408240418,
            "r2": 0.6264629364013672,
            "corr": 0.7916050371832452,
            "score": -1.9876114505205462
        },
        "val": {
            "rmse": 2.009571424515614,
            "mae": 1.3920050517108322,
            "r2": 0.5758481025695801,
            "corr": 0.7590377624482239,
            "score": -2.009571424515614
        },
        "test": {
            "rmse": 2.0474894309552543,
            "mae": 1.4751596609686288,
            "r2": 0.5935653448104858,
            "corr": 0.7710263958431053,
            "score": -2.0474894309552543
        }
    }
}
