{
    "function": "bin.tabr.main",
    "gpus": [
        "NVIDIA A100-SXM4-40GB"
    ],
    "config": {
        "seed": 0,
        "batch_size": 256,
        "patience": 16,
        "n_epochs": Infinity,
        "context_size": 96,
        "data": {
            "seed": 0,
            "cache": true,
            "num_policy": "quantile",
            "cat_policy": null,
            "path": ":data/TabZilla-OpenML-pc1-tid=3918-fold=0",
            "y_policy": null
        },
        "optimizer": {
            "type": "AdamW",
            "lr": 0.00012520653814999459,
            "weight_decay": 0.0
        },
        "model": {
            "num_embeddings": null,
            "d_main": 253,
            "context_dropout": 0.2541928796033428,
            "d_multiplier": 2.0,
            "encoder_n_blocks": 0,
            "predictor_n_blocks": 1,
            "mixer_normalization": "auto",
            "dropout0": 0.3875364678399937,
            "dropout1": 0.0,
            "normalization": "LayerNorm",
            "activation": "ReLU"
        }
    },
    "n_parameters": 584937,
    "prediction_type": "logits",
    "best_epoch": 1,
    "metrics": {
        "train": {
            "0": {
                "precision": 0.9289740698985344,
                "recall": 1.0,
                "f1-score": 0.9631794272355347,
                "support": 824.0
            },
            "1": {
                "precision": 0.0,
                "recall": 0.0,
                "f1-score": 0.0,
                "support": 63.0
            },
            "accuracy": 0.9289740698985344,
            "macro avg": {
                "precision": 0.4644870349492672,
                "recall": 0.5,
                "f1-score": 0.48158971361776737,
                "support": 887.0
            },
            "weighted avg": {
                "precision": 0.862992822543847,
                "recall": 0.9289740698985344,
                "f1-score": 0.894768712561534,
                "support": 887.0
            },
            "cross-entropy": 0.34048896249940463,
            "roc-auc": 0.7277508090614886,
            "f1-weighted": 0.894768712561534,
            "f1-macro": 0.48158971361776737,
            "f1-micro": 0.9289740698985344,
            "score": 0.9289740698985344
        },
        "val": {
            "0": {
                "precision": 0.9369369369369369,
                "recall": 1.0,
                "f1-score": 0.9674418604651163,
                "support": 104.0
            },
            "1": {
                "precision": 0.0,
                "recall": 0.0,
                "f1-score": 0.0,
                "support": 7.0
            },
            "accuracy": 0.9369369369369369,
            "macro avg": {
                "precision": 0.46846846846846846,
                "recall": 0.5,
                "f1-score": 0.48372093023255813,
                "support": 111.0
            },
            "weighted avg": {
                "precision": 0.8778508237967697,
                "recall": 0.9369369369369369,
                "f1-score": 0.9064320134087576,
                "support": 111.0
            },
            "cross-entropy": 0.34983164758220014,
            "roc-auc": 0.6620879120879121,
            "f1-weighted": 0.9064320134087576,
            "f1-macro": 0.48372093023255813,
            "f1-micro": 0.9369369369369369,
            "score": 0.9369369369369369
        },
        "test": {
            "0": {
                "precision": 0.9369369369369369,
                "recall": 1.0,
                "f1-score": 0.9674418604651163,
                "support": 104.0
            },
            "1": {
                "precision": 0.0,
                "recall": 0.0,
                "f1-score": 0.0,
                "support": 7.0
            },
            "accuracy": 0.9369369369369369,
            "macro avg": {
                "precision": 0.46846846846846846,
                "recall": 0.5,
                "f1-score": 0.48372093023255813,
                "support": 111.0
            },
            "weighted avg": {
                "precision": 0.8778508237967697,
                "recall": 0.9369369369369369,
                "f1-score": 0.9064320134087576,
                "support": 111.0
            },
            "cross-entropy": 0.3168230793841744,
            "roc-auc": 0.8804945054945055,
            "f1-weighted": 0.9064320134087576,
            "f1-macro": 0.48372093023255813,
            "f1-micro": 0.9369369369369369,
            "score": 0.9369369369369369
        }
    },
    "time": "0:00:01.066203",
    "chunk_size": null,
    "eval_batch_size": 32768
}
