{
    "function": "bin.lightgbm_.main",
    "gpus": [
        "NVIDIA RTX 6000 Ada Generation",
        "NVIDIA RTX 6000 Ada Generation"
    ],
    "config": {
        "seed": 0,
        "data": {
            "seed": 0,
            "num_policy": "quantile",
            "cat_policy": null,
            "y_policy": "standard",
            "cache": true,
            "path": ":data/CTR23-OpenML-tid=361256-ctr23_361256-fold=0-seed=0"
        },
        "model": {
            "n_estimators": 4000,
            "n_jobs": 4,
            "early_stopping_rounds": 200,
            "feature_fraction": 0.5858148386307203,
            "lambda_l2": 0.0,
            "learning_rate": 0.003980976140397894,
            "num_leaves": 18,
            "min_sum_hessian_in_leaf": 5.783439810485646,
            "bagging_fraction": 0.61196234403019
        },
        "fit": {}
    },
    "prediction_type": null,
    "time": "0:00:01.563050",
    "best_iteration": 3996,
    "metrics": {
        "train": {
            "rmse": 1.5919903762689518,
            "mae": 1.16995901197521,
            "r2": 0.9923828418165183,
            "corr": 0.9961902131161074,
            "score": -1.5919903762689518
        },
        "val": {
            "rmse": 2.511642313586492,
            "mae": 1.5573586127107077,
            "r2": 0.9824055116838273,
            "corr": 0.991192084922009,
            "score": -2.511642313586492
        },
        "test": {
            "rmse": 2.1062870704528134,
            "mae": 1.5367114970548539,
            "r2": 0.9874162302757019,
            "corr": 0.9937510145669494,
            "score": -2.1062870704528134
        }
    }
}
