{
    "function": "bin.ensemble.main",
    "config": {
        "seeds": [
            0
        ]
    },
    "single_model_function": "bin.ffn.main",
    "data": ":data/CTR23-OpenML-tid=361269-ctr23_361269-seed=0",
    "prediction_type": null,
    "metrics": {
        "train": {
            "rmse": 14.174425202314533,
            "mae": 10.855268497458155,
            "r2": 0.4254613518714905,
            "corr": 0.652760713817165,
            "score": -14.174425202314533
        },
        "val": {
            "rmse": 14.461954128388992,
            "mae": 11.05722384983369,
            "r2": 0.3948040008544922,
            "corr": 0.6287008653676583,
            "score": -14.461954128388992
        },
        "test": {
            "rmse": 14.692549032580532,
            "mae": 11.303204372243272,
            "r2": 0.3995988368988037,
            "corr": 0.6321758030986513,
            "score": -14.692549032580532
        }
    }
}
