{
    "function": "bin.ensemble.main",
    "config": {
        "seeds": [
            0
        ]
    },
    "single_model_function": "bin.catboost_.main",
    "data": ":data/CTR23-OpenML-tid=361256-ctr23_361256-seed=0",
    "prediction_type": null,
    "metrics": {
        "train": {
            "rmse": 0.4701085122833456,
            "mae": 0.3442680972244487,
            "r2": 0.999335785536071,
            "corr": 0.9996692482123278,
            "score": -0.4701085122833456
        },
        "val": {
            "rmse": 2.0880607336132457,
            "mae": 1.484097490423957,
            "r2": 0.987839615360937,
            "corr": 0.9939986799105135,
            "score": -2.0880607336132457
        },
        "test": {
            "rmse": 2.0670633377681393,
            "mae": 1.5092251920322122,
            "r2": 0.9878805417434828,
            "corr": 0.9941256164762148,
            "score": -2.0670633377681393
        }
    }
}
