{
    "function": "bin.ensemble.main",
    "config": {
        "seeds": [
            0
        ]
    },
    "single_model_function": "bin.ffn.main",
    "data": ":data/CTR23-OpenML-tid=361257-ctr23_361257-seed=0",
    "prediction_type": null,
    "metrics": {
        "train": {
            "rmse": 492.316377288893,
            "mae": 266.4073050455154,
            "r2": 0.984737753868103,
            "corr": 0.9923539345231682,
            "score": -492.316377288893
        },
        "val": {
            "rmse": 519.027901122773,
            "mae": 275.3630052873923,
            "r2": 0.9835421442985535,
            "corr": 0.9917619377708626,
            "score": -519.027901122773
        },
        "test": {
            "rmse": 500.6197500038927,
            "mae": 263.1133543757078,
            "r2": 0.983820378780365,
            "corr": 0.9918842008880933,
            "score": -500.6197500038927
        }
    }
}
