{
    "function": "bin.ensemble.main",
    "config": {
        "seeds": [
            0
        ]
    },
    "single_model_function": "bin.ffn.main",
    "data": ":data/TabZilla-OpenML-vowel-tid=3022-fold=0",
    "prediction_type": "probs",
    "metrics": {
        "train": {
            "0": {
                "precision": 0.9863013698630136,
                "recall": 1.0,
                "f1-score": 0.993103448275862,
                "support": 72.0
            },
            "1": {
                "precision": 1.0,
                "recall": 1.0,
                "f1-score": 1.0,
                "support": 72.0
            },
            "2": {
                "precision": 1.0,
                "recall": 1.0,
                "f1-score": 1.0,
                "support": 72.0
            },
            "3": {
                "precision": 1.0,
                "recall": 1.0,
                "f1-score": 1.0,
                "support": 72.0
            },
            "4": {
                "precision": 1.0,
                "recall": 1.0,
                "f1-score": 1.0,
                "support": 72.0
            },
            "5": {
                "precision": 1.0,
                "recall": 0.9583333333333334,
                "f1-score": 0.9787234042553191,
                "support": 72.0
            },
            "6": {
                "precision": 0.9444444444444444,
                "recall": 0.9444444444444444,
                "f1-score": 0.9444444444444444,
                "support": 72.0
            },
            "7": {
                "precision": 0.9594594594594594,
                "recall": 0.9861111111111112,
                "f1-score": 0.9726027397260274,
                "support": 72.0
            },
            "8": {
                "precision": 1.0,
                "recall": 1.0,
                "f1-score": 1.0,
                "support": 72.0
            },
            "9": {
                "precision": 1.0,
                "recall": 1.0,
                "f1-score": 1.0,
                "support": 72.0
            },
            "10": {
                "precision": 1.0,
                "recall": 1.0,
                "f1-score": 1.0,
                "support": 72.0
            },
            "accuracy": 0.98989898989899,
            "macro avg": {
                "precision": 0.9900186612515379,
                "recall": 0.98989898989899,
                "f1-score": 0.9898976397001502,
                "support": 792.0
            },
            "weighted avg": {
                "precision": 0.9900186612515379,
                "recall": 0.98989898989899,
                "f1-score": 0.9898976397001502,
                "support": 792.0
            },
            "cross-entropy": 0.0436181288154118,
            "roc-auc": 0.9998965347923682,
            "f1-weighted": 0.9898976397001502,
            "f1-macro": 0.9898976397001502,
            "f1-micro": 0.98989898989899,
            "score": 0.98989898989899
        },
        "val": {
            "0": {
                "precision": 1.0,
                "recall": 1.0,
                "f1-score": 1.0,
                "support": 9.0
            },
            "1": {
                "precision": 1.0,
                "recall": 1.0,
                "f1-score": 1.0,
                "support": 9.0
            },
            "2": {
                "precision": 1.0,
                "recall": 1.0,
                "f1-score": 1.0,
                "support": 9.0
            },
            "3": {
                "precision": 1.0,
                "recall": 0.8888888888888888,
                "f1-score": 0.9411764705882353,
                "support": 9.0
            },
            "4": {
                "precision": 1.0,
                "recall": 0.8888888888888888,
                "f1-score": 0.9411764705882353,
                "support": 9.0
            },
            "5": {
                "precision": 0.9,
                "recall": 1.0,
                "f1-score": 0.9473684210526315,
                "support": 9.0
            },
            "6": {
                "precision": 1.0,
                "recall": 1.0,
                "f1-score": 1.0,
                "support": 9.0
            },
            "7": {
                "precision": 1.0,
                "recall": 1.0,
                "f1-score": 1.0,
                "support": 9.0
            },
            "8": {
                "precision": 1.0,
                "recall": 1.0,
                "f1-score": 1.0,
                "support": 9.0
            },
            "9": {
                "precision": 1.0,
                "recall": 1.0,
                "f1-score": 1.0,
                "support": 9.0
            },
            "10": {
                "precision": 0.9,
                "recall": 1.0,
                "f1-score": 0.9473684210526315,
                "support": 9.0
            },
            "accuracy": 0.9797979797979798,
            "macro avg": {
                "precision": 0.9818181818181819,
                "recall": 0.9797979797979799,
                "f1-score": 0.9797354348437941,
                "support": 99.0
            },
            "weighted avg": {
                "precision": 0.9818181818181817,
                "recall": 0.9797979797979798,
                "f1-score": 0.979735434843794,
                "support": 99.0
            },
            "cross-entropy": 0.09490080597573433,
            "roc-auc": 0.9995510662177329,
            "f1-weighted": 0.979735434843794,
            "f1-macro": 0.9797354348437941,
            "f1-micro": 0.9797979797979798,
            "score": 0.9797979797979798
        },
        "test": {
            "0": {
                "precision": 1.0,
                "recall": 1.0,
                "f1-score": 1.0,
                "support": 9.0
            },
            "1": {
                "precision": 1.0,
                "recall": 1.0,
                "f1-score": 1.0,
                "support": 9.0
            },
            "2": {
                "precision": 0.9,
                "recall": 1.0,
                "f1-score": 0.9473684210526315,
                "support": 9.0
            },
            "3": {
                "precision": 1.0,
                "recall": 1.0,
                "f1-score": 1.0,
                "support": 9.0
            },
            "4": {
                "precision": 1.0,
                "recall": 1.0,
                "f1-score": 1.0,
                "support": 9.0
            },
            "5": {
                "precision": 1.0,
                "recall": 1.0,
                "f1-score": 1.0,
                "support": 9.0
            },
            "6": {
                "precision": 0.75,
                "recall": 1.0,
                "f1-score": 0.8571428571428571,
                "support": 9.0
            },
            "7": {
                "precision": 1.0,
                "recall": 0.6666666666666666,
                "f1-score": 0.8,
                "support": 9.0
            },
            "8": {
                "precision": 1.0,
                "recall": 0.8888888888888888,
                "f1-score": 0.9411764705882353,
                "support": 9.0
            },
            "9": {
                "precision": 1.0,
                "recall": 1.0,
                "f1-score": 1.0,
                "support": 9.0
            },
            "10": {
                "precision": 1.0,
                "recall": 1.0,
                "f1-score": 1.0,
                "support": 9.0
            },
            "accuracy": 0.9595959595959596,
            "macro avg": {
                "precision": 0.9681818181818183,
                "recall": 0.9595959595959596,
                "f1-score": 0.9586988862530658,
                "support": 99.0
            },
            "weighted avg": {
                "precision": 0.9681818181818181,
                "recall": 0.9595959595959596,
                "f1-score": 0.9586988862530658,