{
    "function": "bin.ensemble.main",
    "config": {
        "seeds": [
            0
        ]
    },
    "single_model_function": "bin.xgboost_.main",
    "data": ":data/CTR23-OpenML-tid=361261-ctr23_361261-fold=1-seed=0",
    "prediction_type": null,
    "metrics": {
        "train": {
            "rmse": 379.75701697377065,
            "mae": 223.28107887948954,
            "r2": 0.29929471015930176,
            "corr": 0.5474214588524042,
            "score": -379.75701697377065
        },
        "val": {
            "rmse": 360.1784536110195,
            "mae": 221.62983731621262,
            "r2": 0.3137049078941345,
            "corr": 0.5603035328451808,
            "score": -360.1784536110195
        },
        "test": {
            "rmse": 409.1481832198218,
            "mae": 226.9129044545807,
            "r2": 0.27101582288742065,
            "corr": 0.5208735048129252,
            "score": -409.1481832198218
        }
    }
}
