{
    "function": "bin.ffn.main",
    "gpus": [
        "NVIDIA RTX 6000 Ada Generation"
    ],
    "config": {
        "seed": 0,
        "batch_size": 256,
        "patience": 16,
        "n_epochs": Infinity,
        "data": {
            "seed": 0,
            "cache": true,
            "num_policy": "quantile",
            "cat_policy": "ordinal",
            "y_policy": "standard",
            "path": ":data/CTR23-OpenML-tid=361267-ctr23_361267-fold=1-seed=0"
        },
        "optimizer": {
            "type": "AdamW",
            "lr": 0.0006079203898818125,
            "weight_decay": 0.0
        },
        "model": {
            "backbone": {
                "type": "MLP",
                "n_blocks": 1,
                "d_layer": 947,
                "dropout": 0.07472415232899687,
                "activation": "ReLU"
            },
            "num_embeddings": {
                "type": "PLREmbeddings",
                "n_frequencies": 86,
                "frequency_scale": 0.04466545255928128,
                "d_embedding": 46,
                "lite": true
            }
        }
    },
    "n_parameters": 266920,
    "prediction_type": null,
    "best_epoch": 41,
    "metrics": {
        "train": {
            "rmse": 4559.438876521584,
            "mae": 1434.6340880075586,
            "r2": 0.941309928894043,
            "corr": 0.9706629365673737,
            "score": -4559.438876521584
        },
        "val": {
            "rmse": 2308.221425258998,
            "mae": 1471.9458773887745,
            "r2": 0.7446666955947876,
            "corr": 0.862972470527058,
            "score": -2308.221425258998
        },
        "test": {
            "rmse": 3334.3427439947777,
            "mae": 1544.726505680359,
            "r2": 0.6190186738967896,
            "corr": 0.7869919991324854,
            "score": -3334.3427439947777
        }
    },
    "time": "0:00:04.533894",
    "chunk_size": null,
    "eval_batch_size": 32768
}
