{
    "function": "bin.ensemble.main",
    "config": {
        "seeds": [
            0
        ]
    },
    "single_model_function": "bin.ffn.main",
    "data": ":data/CTR23-OpenML-tid=361243-ctr23_361243-seed=0",
    "prediction_type": null,
    "metrics": {
        "train": {
            "rmse": 13.48085052504079,
            "mae": 10.15568478007026,
            "r2": 0.46061670780181885,
            "corr": 0.6815074186303677,
            "score": -13.48085052504079
        },
        "val": {
            "rmse": 15.731319466835565,
            "mae": 11.948030039204696,
            "r2": 0.31122392416000366,
            "corr": 0.5597386649268101,
            "score": -15.731319466835565
        },
        "test": {
            "rmse": 16.221770884643483,
            "mae": 12.380772170581622,
            "r2": 0.22073209285736084,
            "corr": 0.49387978120306647,
            "score": -16.221770884643483
        }
    }
}
