{
    "function": "bin.ensemble.main",
    "config": {
        "seeds": [
            0
        ]
    },
    "single_model_function": "bin.tabr.main",
    "data": ":data/CTR23-OpenML-tid=361260-ctr23_361260-fold=1-seed=0",
    "prediction_type": null,
    "metrics": {
        "train": {
            "rmse": 71280.63127627822,
            "mae": 38827.79423159198,
            "r2": 0.9499709010124207,
            "corr": 0.9749401271674613,
            "score": -71280.63127627822
        },
        "val": {
            "rmse": 78036.93185087,
            "mae": 40655.43297101045,
            "r2": 0.9397834539413452,
            "corr": 0.9694445188458946,
            "score": -78036.93185087
        },
        "test": {
            "rmse": 86525.16105742457,
            "mae": 42403.24742489029,
            "r2": 0.9192556738853455,
            "corr": 0.9587819729841803,
            "score": -86525.16105742457
        }
    }
}
